nan,-6.103315390069832150e-08,-4.809440584278201095e-07,-1.597119439919007269e-06,-3.720985562904114038e-06,-7.135649088335747027e-06,-1.209401109266202121e-05,-1.881737460143145753e-05,-2.749455794378459280e-05,-3.828151750287942467e-05,-5.130147507158051308e-05,-6.664553568439804052e-05,-8.437377422826430418e-05,-1.045167604954707155e-04,-1.270774851996012437e-04,-1.520336422072073479e-04,-1.793402175576187308e-04,-2.089323288602509051e-04,-2.407282566619748797e-04,-2.746326054318087135e-04,-3.105395302819099384e-04,-3.483359655402606643e-04,-3.879047918116403483e-04,-4.291278799395552073e-04,-4.718889539614618055e-04,-5.160762187072369693e-04,-5.615847040746442444e-04,-6.083182825750364483e-04,-6.561913252012217248e-04,-7.051299674986360880e-04,-7.550729659423317331e-04,-8.059721329155932054e-04,-8.577923475852425057e-04,-9.105111484303127700e-04,-9.641179208948453096e-04,-1.018612702725193043e-03,-1.074004636045832904e-03,-1.130310103319061244e-03,-1.187550588905163891e-03,-1.245750314705412450e-03,-1.304933701838129805e-03,-1.365122713638363327e-03,-1.426334137411921490e-03,-1.488576863491286205e-03,-1.551849220216032586e-03,-1.616136421473329549e-03,-1.681408181953626983e-03,-1.747616551386887767e-03,-1.814694015308842678e-03,-1.882551903688600616e-03,-1.951079144389533193e-03,-2.020141390529057914e-03,-2.089580544924708825e-03,-2.159214696623841957e-03,-2.228838477593032743e-03,-2.298223840177271785e-03,-2.367121247525666439e-03,-2.435261263175150272e-03,-2.502356517946661973e-03,-2.568104026994583091e-03,-2.632187822490232414e-03,-2.694281864035554235e-03,-2.754053182886455342e-03,-2.811165213464106218e-03,-2.865281262285977130e-03,-2.916068063273995811e-03,-2.963199366461224775e-03,-3.006359508122132158e-03,-3.045246910496263604e-03,-3.079577461166653485e-03,-3.109087724782767185e-03,-3.133537942516301592e-03,-3.152714779225788966e-03,-3.166433782014576974e-03,-3.174541519111056132e-03,-3.176917373176808054e-03,-3.173474968800168040e-03,-3.164163219276885496e-03,-3.148966984013983582e-03,-3.127907333275328858e-03,-3.101041423051690161e-03,-3.068461987377488123e-03,-3.030296461874570739e-03,-2.986705755787329077e-03,-2.937882694881526185e-03,-2.884050161109241815e-03,-2.825458958418364513e-03,-2.762385436856163237e-03,-2.695128909078607724e-03,-2.624008895356320491e-03,-2.549362233905738857e-03,-2.471540094044311336e-03,-2.390904929157720068e-03,-2.307827406482422516e-03,-2.222683348921022321e-03,-2.135850722907665488e-03,-2.047706704171853472e-03,-1.958624851087662107e-03,-1.868972412394532580e-03,-1.779107793361892715e-03
nan,-6.605780337346404778e-08,-5.211675856911897130e-07,-1.732837235662546868e-06,-4.042303062331248879e-06,-7.761894617673021485e-06,-1.317287860208829366e-05,-2.052380553771877351e-05,-3.002937469011578039e-05,-4.186982376477433167e-05,-5.619084128321126260e-05,-7.310398988767639341e-05,-9.268762092418999642e-05,-1.149882516322367260e-04,-1.400223687443920718e-04,-1.677786146155652480e-04,-1.982203069281674346e-04,-2.312882356000462662e-04,-2.669036781685749289e-04,-3.049715705639914707e-04,-3.453837683270478682e-04,-3.880223329915881533e-04,-4.327627786020829819e-04,-4.794772148433900576e-04,-5.280373267735827747e-04,-5.783171345313742806e-04,-6.301954826901236088e-04,-6.835582134153533320e-04,-7.382999860500059561e-04,-7.943257126275484652e-04,-8.515515870885117904e-04,-9.099056943197872350e-04,-9.693281942743496322e-04,-1.029771085102872954e-03,-1.091197557106799408e-03,-1.153580958699726130e-03,-1.216903402255749408e-03,-1.281154046091516297e-03,-1.346327093626227675e-03,-1.412419557790771515e-03,-1.479428842461492357e-03,-1.547350196223919562e-03,-1.616174096139527715e-03,-1.685883620454625611e-03,-1.756451869436348239e-03,-1.827839491616091959e-03,-1.899992371349349144e-03,-1.972839529763751633e-03,-2.046291287470101104e-03,-2.120237731166063535e-03,-2.194547521915933466e-03,-2.269067074859523574e-03,-2.343620134198308533e-03,-2.418007758965541685e-03,-2.492008728064176639e-03,-2.565380365479085715e-03,-2.637859777958744077e-03,-2.709165491375328371e-03,-2.778999463740043207e-03,-2.847049447443007926e-03,-2.912991665744582050e-03,-2.976493765102900934e-03,-3.037217998745988298e-03,-3.094824594250275215e-03,-3.148975254461687436e-03,-3.199336739882330423e-03,-3.245584478677669693e-03,-3.287406151492879534e-03,-3.324505198416475259e-03,-3.356604197381015623e-03,-3.383448065983372249e-03,-3.404807041509377245e-03,-3.420479398634578179e-03,-3.430293868108134914e-03,-3.434111725100850998e-03,-3.431828521249300715e-03,-3.423375440190945529e-03,-3.408720261918888987e-03,-3.387867927662907563e-03,-3.360860702535986653e-03,-3.327777939419018782e-03,-3.288735452170265302e-03,-3.243884512939428175e-03,-3.193410491846075845e-03,-3.137531162566256290e-03,-3.076494700940421521e-03,-3.010577407277539343e-03,-2.940081185818588152e-03,-2.865330816817183903e-03,-2.786671058677497436e-03,-2.704463618300176949e-03,-2.619084028428224874e-03,-2.530918470196544950e-03,-2.440360579067163502e-03,-2.347808270420836171e-03,-2.253660619795683304e-03,-2.158314830473801425e-03,-2.062163318836167641e-03,-1.965590944874324314e-03,-1.868972412394620183e-03
nan,-7.110086399312326263e-08,-5.615680360308742860e-07,-1.869251069264792134e-06,-4.365501489795856662e-06,-8.392256864153182846e-06,-1.425960845822741119e-05,-2.224387962472822340e-05,-3.258623371258285198e-05,-4.549182113031332317e-05,-6.112946632952224232e-05,-7.963188551207882131e-05,-1.010964176390242167e-04,-1.255862419197284312e-04,-1.531320470516155845e-04,-1.837341093793983199e-04,-2.173647316684453685e-04,-2.539709863254249896e-04,-2.934777041759582621e-04,-3.357906451216320404e-04,-3.807997847967939820e-04,-4.283826506628370242e-04,-4.784076409391505242e-04,-5.307372609894672180e-04,-5.852312151116681373e-04,-6.417492948646135722e-04,-7.001540112627466271e-04,-7.603129225641051554e-04,-8.221006178337812937e-04,-8.854003233730364103e-04,-9.501051074174186265e-04,-1.016118666989506911e-03,-1.083355690055507565e-03,-1.151741795012080002e-03,-1.221213057561828640e-03,-1.291715144694754146e-03,-1.363202082377399380e-03,-1.435634692191533994e-03,-1.508978737187900796e-03,-1.583202824506118678e-03,-1.658276116255114454e-03,-1.734165903868489789e-03,-1.810835103749390594e-03,-1.888239733437635601e-03,-1.966326427954988298e-03,-2.045030054167350057e-03,-2.124271479747101045e-03,-2.203955549541817063e-03,-2.283969318483617793e-03,-2.364180583909690145e-03,-2.444436755838682359e-03,-2.524564095600208280e-03,-2.604367347291263249e-03,-2.683629778047182980e-03,-2.762113635996649077e-03,-2.839561027089743638e-03,-2.915695203182739562e-03,-2.990222247604045185e-03,-3.062833136002328371e-03,-3.133206144782606402e-03,-3.201009571715547619e-03,-3.265904729810063540e-03,-3.327549169206899752e-03,-3.385600079162741360e-03,-3.439717818693669837e-03,-3.489569523196340943e-03,-3.534832732369127054e-03,-3.575198985821434385e-03,-3.610377332915499105e-03,-3.640097705399454250e-03,-3.664114104147718227e-03,-3.682207554234957683e-03,-3.694188787354578396e-03,-3.699900614557781724e-03,-3.699219957792340349e-03,-3.692059514247647209e-03,-3.678369033384398887e-03,-3.658136192253339317e-03,-3.631387061226942596e-03,-3.598186157950839653e-03,-3.558636093724053262e-03,-3.512876821202036339e-03,-3.461084499247890980e-03,-3.403469994225800325e-03,-3.340277042492813524e-03,-3.271780102448863369e-03,-3.198281928151626603e-03,-3.120110899302645097e-03,-3.037618144437861586e-03,-2.951174496135607409e-03,-2.861167317735929545e-03,-2.767997241673043462e-03,-2.672074858853373813e-03,-2.573817398448719276e-03,-2.473645435433264109e-03,-2.371979661829158505e-03,-2.269237755210993905e-03,-2.165831375615490540e-03,-2.062163318836156365e-03,-1.958624851087744940e-03
nan,-7.613839396331070480e-08,-6.019553810620351561e-07,-2.005725241002585670e-06,-4.689088674500126286e-06,-9.023852512916583473e-06,-1.534927601238875801e-05,-2.396987443414894063e-05,-3.515376214915699103e-05,-4.913154815338441925e-05,-6.609578778374447104e-05,-8.620098416715697134e-05,-1.095641243898629763e-04,-1.362657256020981787e-04,-1.663513579827321826e-04,-1.998336029685137511e-04,-2.366943992706385994e-04,-2.768877208936180957e-04,-3.203425282657000541e-04,-3.669659283645589683e-04,-4.166464771627617853e-04,-4.692575566697316830e-04,-5.246607585047500383e-04,-5.827092068489431870e-04,-6.432507567511444374e-04,-7.061310067347241395e-04,-7.711960707261241018e-04,-8.382950586149913019e-04,-9.072822231812556265e-04,-9.780187380500602896e-04,-1.050374079669123264e-03,-1.124226994911316831e-03,-1.199466045279370258e-03,-1.275989727760434324e-03,-1.353706180553319784e-03,-1.432532491824470722e-03,-1.512393636719523574e-03,-1.593221076763549860e-03,-1.674951061032121892e-03,-1.757522676015954664e-03,-1.840875695285888606e-03,-1.924948283975049749e-03,-2.009674615931883544e-03,-2.094982462970243313e-03,-2.180790816249124006e-03,-2.267007598089629608e-03,-2.353527521403483980e-03,-2.440230150197687450e-03,-2.526978210979169501e-03,-2.613616198608999068e-03,-2.699969315857769607e-03,-2.785842777655946761e-03,-2.871021505099477945e-03,-2.955270225646844818e-03,-3.038333988736736848e-03,-3.119939098280563768e-03,-3.199794454488928859e-03,-3.277593291267045291e-03,-3.353015286803831974e-03,-3.425729019402529683e-03,-3.495394732707261809e-03,-3.561667370935946587e-03,-3.624199838246222258e-03,-3.682646433634956425e-03,-3.736666409200844249e-03,-3.785927598313273187e-03,-3.830110058211255112e-03,-3.868909672656325842e-03,-3.902041660428363229e-03,-3.929243937533492478e-03,-3.950280283815181016e-03,-3.964943267682192671e-03,-3.973056887547784383e-03,-3.974478892672753463e-03,-3.969102751736505903e-03,-3.956859243166327422e-03,-3.937717647233654993e-03,-3.911686525846802022e-03,-3.878814082628508162e-03,-3.839188101700021991e-03,-3.792935470163744625e-03,-3.740221294028998802e-03,-3.681247624497807538e-03,-3.616251814977532956e-03,-3.545504534829354518e-03,-3.469307469494814587e-03,-3.387990740373447458e-03,-3.301910080629874220e-03,-3.211443805167627039e-03,-3.116989614978323171e-03,-3.018961276723280268e-03,-2.917785218975094564e-03,-2.813897085792462210e-03,-2.707738288193139824e-03,-2.599752591915697325e-03,-2.490382778408705301e-03,-2.380067413442963058e-03,-2.269237755211103626e-03,-2.158314830473893366e-03,-2.047706704172039521e-03
nan,-8.114560536983480832e-08,-6.421327096411324991e-07,-2.141600461398162069e-06,-5.011515733712470334e-06,-9.653686050457722635e-06,-1.643676047714334466e-05,-2.569375284578221831e-05,-3.772011312057544545e-05,-5.277236318756543956e-05,-7.106730403982910939e-05,-9.278179079097055300e-05,-1.180530630924371885e-04,-1.469796083929352502e-04,-1.796225268077916942e-04,-2.160073574283078108e-04,-2.561263196062474128e-04,-2.999409139918105720e-04,-3.473848246040117617e-04,-3.983670575388575247e-04,-4.527752489915941488e-04,-5.104790738404439481e-04,-5.713336853782171113e-04,-6.351831173674982005e-04,-7.018635825016295579e-04,-7.712066040946813708e-04,-8.430419237532921694e-04,-9.172001319508917960e-04,-9.935149767988200268e-04,-1.071825313236414662e-03,-1.151976663198744488e-03,-1.233822366041340988e-03,-1.317224307970509857e-03,-1.402053228481659483e-03,-1.488188610114561401e-03,-1.575518168033702981e-03,-1.663936963191974937e-03,-1.753346172001447184e-03,-1.843651550907579725e-03,-1.934761642054481316e-03,-2.026585770654279993e-03,-2.119031888773096738e-03,-2.212004323322865063e-03,-2.305401487776762015e-03,-2.399113617920903708e-03,-2.493020590326308975e-03,-2.586989881220012368e-03,-2.680874719798648827e-03,-2.774512486424153372e-03,-2.867723399864362081e-03,-2.960309533478396819e-03,-3.052054191885522887e-03,-3.142721673720968566e-03,-3.232057437327104203e-03,-3.319788678939102154e-03,-3.405625325063704918e-03,-3.489261431569243462e-03,-3.570376975724722911e-03,-3.648640018633147412e-03,-3.723709209852491247e-03,-3.795236597936668069e-03,-3.862870707040751053e-03,-3.926259833104427978e-03,-3.985055510367770983e-03,-4.038916095336893795e-03,-4.087510413996622502e-03,-4.130521416029640271e-03,-4.167649780937992057e-03,-4.198617421139331715e-03,-4.223170829259225573e-03,-4.241084219727730802e-03,-4.252162417927894851e-03,-4.256243455118957977e-03,-4.253200831591354321e-03,-4.242945416270597556e-03,-4.225426956872975828e-03,-4.200635180800100024e-03,-4.168600473076140497e-03,-4.129394124428384903e-03,-4.083128148594816244e-03,-4.029954674680602707e-03,-3.970064925201445549e-03,-3.903687797867918304e-03,-3.831088072588560451e-03,-3.752564270993598988e-03,-3.668446199438666656e-03,-3.579092210262034210e-03,-3.484886218873403749e-03,-3.386234516343627696e-03,-3.283562419121115270e-03,-3.177310798114449126e-03,-3.067932529909183584e-03,-2.955888912044181329e-03,-2.841646084114483797e-03,-2.725671494156365390e-03,-2.608430448226124309e-03,-2.490382778408603819e-03,-2.371979661829179322e-03,-2.253660619795691544e-03,-2.135850722907777811e-03
nan,-8.609703851719997079e-08,-6.818976043024589239e-07,-2.276198430823749636e-06,-5.331187762996928301e-06,-1.027867030519469022e-05,-1.751677980895320955e-05,-2.740721743070405025e-05,-4.027304535015033737e-05,-5.639705546449731613e-05,-7.602072346368043650e-05,-9.934374778692301442e-05,-1.265241638013812420e-04,-1.576790130500826676e-04,-1.928855383699176100e-04,-2.321828663271370292e-04,-2.755741317059488826e-04,-3.230289895786447743e-04,-3.744864565822637425e-04,-4.298580168967145810e-04,-4.890309251085265662e-04,-5.518716363193184194e-04,-6.182292928636852133e-04,-6.879391972490243390e-04,-7.608262035981895599e-04,-8.367079623678872142e-04,-9.153979588810949456e-04,-9.967082902419444231e-04,-1.080452133503327075e-03,-1.166445864871174356e-03,-1.254510798050853396e-03,-1.344474518660140026e-03,-1.436171801181398110e-03,-1.529445104351060715e-03,-1.624144649309861846e-03,-1.720128095293273077e-03,-1.817259835062903046e-03,-1.915409941696582337e-03,-2.014452804048335634e-03,-2.114265496225870445e-03,-2.214725931100128276e-03,-2.315710852148489696e-03,-2.417093721252482150e-03,-2.518742561956197751e-03,-2.620517818679771269e-03,-2.722270290853454761e-03,-2.823839200066471933e-03,-2.925050444769621959e-03,-3.025715093509808839e-03,-3.125628161402894609e-03,-3.224567710330387190e-03,-3.322294304888044440e-03,-3.418550850185591867e-03,-3.513062828718196886e-03,-3.605538946165112116e-03,-3.695672188034235858e-03,-3.783141279710072226e-03,-3.867612536134927993e-03,-3.948742078383056867e-03,-4.026178388667658870e-03,-4.099565167097908754e-03,-4.168544449875691109e-03,-4.232759941850421440e-03,-4.291860513560822980e-03,-4.345503809195855847e-03,-4.393359910554509723e-03,-4.435115000033290969e-03,-4.470474966845522369e-03,-4.499168900866970869e-03,-4.520952420723351947e-03,-4.535610785687319707e-03,-4.542961744213454625e-03,-4.542858077007723427e-03,-4.535189796901524170e-03,-4.519885973688068069e-03,-4.496916158146777032e-03,-4.466291385668390290e-03,-4.428064746208993686e-03,-4.382331514233121089e-03,-4.329228838439049161e-03,-4.268934997964265315e-03,-4.201668236645183033e-03,-4.127685194567518208e-03,-4.047278959533524324e-03,-3.960776767080158127e-03,-3.868537381358677293e-03,-3.770948193082766017e-03,-3.668422073549674773e-03,-3.561394025862754491e-03,-3.450317676418814244e-03,-3.335661650300321586e-03,-3.217905874694615420e-03,-3.097537853527693435e-03,-2.975048956287470753e-03,-2.850930761559306286e-03,-2.725671494156358017e-03,-2.599752591915584134e-03,-2.473645435433281022e-03,-2.347808270420838773e-03,-2.222683348921134210e-03
nan,-9.096675012259630915e-08,-7.210436284032319751e-07,-2.408826792348116473e-06,-5.646475409670562219e-06,-1.089564870879488579e-05,-1.858392855428916529e-05,-2.910176952035420817e-05,-4.280000974229103644e-05,-5.998796602022642436e-05,-8.093212695904796047e-05,-1.058554468746266807e-04,-1.349372337455709530e-04,-1.683136136505190296e-04,-2.060785447139765083e-04,-2.482853438188494747e-04,-2.949486822124678959e-04,-3.460469964755863177e-04,-4.015252570073343211e-04,-4.612980295852322273e-04,-5.252527618562678833e-04,-5.932532243795945147e-04,-6.651430344998218204e-04,-7.407491912196146515e-04,-8.198855516530527887e-04,-9.023561818670771621e-04,-9.879585204989702486e-04,-1.076486297414718700e-03,-1.167732157881732746e-03,-1.261489949613037263e-03,-1.357556638328040379e-03,-1.455733826377530711e-03,-1.555828858590966538e-03,-1.657655509088821512e-03,-1.761034251333949826e-03,-1.865792124398188380e-03,-1.971762216004302286e-03,-2.078782792562817831e-03,-2.186696112334125201e-03,-2.295346966121479884e-03,-2.404580994807780335e-03,-2.514242837521390647e-03,-2.624174167779548886e-03,-2.734211677000357530e-03,-2.844185065959626592e-03,-2.953915103342974902e-03,-3.063211809810847432e-03,-3.171872822525257166e-03,-3.279681991574334796e-03,-3.386408253471711541e-03,-3.491804822735443403e-03,-3.595608734004709581e-03,-3.697540761237960282e-03,-3.797305731541438922e-03,-3.894593243742770338e-03,-3.989078793820346330e-03,-4.080425299762623949e-03,-4.168285012065106598e-03,-4.252301786930662991e-03,-4.332113693458009181e-03,-4.407355917724970623e-03,-4.477663923011384987e-03,-4.542676818499867542e-03,-4.602040885977981902e-03,-4.655413210314330794e-03,-4.702465358098493857e-03,-4.742887046776373024e-03,-4.776389747828942677e-03,-4.802710167749795790e-03,-4.821613552873021437e-03,-4.832896767120863947e-03,-4.836391095127439560e-03,-4.831964728354054377e-03,-4.819524896327789278e-03,-4.799019611149883159e-03,-4.770438999671819391e-03,-4.733816204025386061e-03,-4.689227837708588066e-03,-4.636793991494485637e-03,-4.576677789712174475e-03,-4.509084504519963142e-03,-4.434260240722896242e-03,-4.352490211597602812e-03,-4.264096629535894974e-03,-4.169436241511534184e-03,-4.068897543064916959e-03,-3.962897708478263850e-03,-3.851879277597757174e-03,-3.736306641915955289e-03,-3.616662374434733741e-03,-3.493443448366219308e-03,-3.367157390160651145e-03,-3.238318411320090413e-03,-3.107443563185343510e-03,-2.975048956287443432e-03,-2.841646084114449536e-03,-2.707738288192997576e-03,-2.573817398448714506e-03,-2.440360579067143987e-03,-2.307827406482521829e-03
nan,-9.572851371526519661e-08,-7.593619112626050839e-07,-2.538784415962892709e-06,-5.955727232421307516e-06,-1.150141909271820169e-05,-1.963271834556401641e-05,-3.076877247453700106e-05,-4.528824220950967543e-05,-6.352711748241576697e-05,-8.577714262757751601e-05,-1.122848569423689645e-04,-1.432512469945296479e-04,-1.788319958898019763e-04,-2.191383049330296339e-04,-2.642382529450653110e-04,-3.141586509459368928e-04,-3.688873398090765821e-04,-4.283758737539749791e-04,-4.925425254812453241e-04,-5.612755446489247789e-04,-6.344365987299892479e-04,-7.118643235893420485e-04,-7.933779106343772074e-04,-8.787806595333755169e-04,-9.678634274389604332e-04,-1.060407911029534337e-03,-1.156189701389594366e-03,-1.254981059844131235e-03,-1.356553369699486228e-03,-1.460679227078921956e-03,-1.567134143011776875e-03,-1.675697838590522624e-03,-1.786155124740884280e-03,-1.898296366773451725e-03,-2.011917544822334602e-03,-2.126819929013332687e-03,-2.242809398096169866e-03,-2.359695436399020848e-03,-2.477289852470364404e-03,-2.595405267918707033e-03,-2.713853429615372369e-03,-2.832443402233384647e-03,-2.950979700294612505e-03,-3.069260420282829676e-03,-3.187075432059922712e-03,-3.304204688232617853e-03,-3.420416706740087801e-03,-3.535467278472992966e-03,-3.649098445495433871e-03,-3.761037791323890590e-03,-3.870998076088806757e-03,-3.978677243511953565e-03,-4.083758817529438943e-03,-4.185912698893438748e-03,-4.284796364024081282e-03,-4.380056458675940338e-03,-4.471330772587912838e-03,-4.558250571976502422e-03,-4.640443260898055935e-03,-4.717535333978443990e-03,-4.789155579317788854e-03,-4.854938483342129824e-03,-4.914527786538568782e-03,-4.967580135211129705e-03,-5.013768772984219212e-03,-5.052787213720455819e-03,-5.084352838779842773e-03,-5.108210361774659890e-03,-5.124135106349259408e-03,-5.131936045598002073e-03,-5.131458555252199454e-03,-5.122586838015775849e-03,-5.105245981091272034e-03,-5.079403615079304025e-03,-5.045071148870868688e-03,-5.002304561539764292e-03,-4.951204738959708376e-03,-4.891917350066733380e-03,-4.824632264118404804e-03,-4.749582517537001558e-03,-4.667042843908041257e-03,-4.577327788866977776e-03,-4.480789434906295651e-03,-4.377814767514904767e-03,-4.268822717760521399e-03,-4.154260920483880855e-03,-4.034602230037278268e-03,-3.910341037690294799e-03,-3.781989436697654090e-03,-3.650073281519818948e-03,-3.515128188063208411e-03,-3.377695520678478634e-03,-3.238318411320114699e-03,-3.097537853527687797e-03,-2.955888912044167885e-03,-2.813897085792331238e-03,-2.672074858853385956e-03,-2.530918470196542348e-03,-2.390904929157839764e-03
nan,-1.003560304889267716e-07,-7.966428172948211661e-07,-2.665366967481657722e-06,-6.257282738009079410e-06,-1.209275881049494671e-05,-2.065762069147754023e-05,-3.239951859495151349e-05,-4.772486193891559944e-05,-6.699635159161098914e-05,-9.053113101259305847e-05,-1.185995659387583073e-04,-1.514246522715076860e-04,-1.891820403290774043e-04,-2.320006534926127265e-04,-2.799638687050852318e-04,-3.331112183102175896e-04,-3.914405621680283349e-04,-4.549106738187415734e-04,-5.234441769296791034e-04,-5.969307637440462696e-04,-6.752306241564260585e-04,-7.581780119659181421e-04,-8.455848739849797929e-04,-9.372444695331841975e-04,-1.032934909489084630e-03,-1.132422549224243891e-03,-1.235465173267112724e-03,-1.341814917503375126e-03,-1.451220881493436215e-03,-1.563431391652756342e-03,-1.678195885063503119e-03,-1.795266393368750990e-03,-1.914398616063691912e-03,-2.035352581199305084e-03,-2.157892902673491740e-03,-2.281788651164543599e-03,-2.406812865875447224e-03,-2.532741740588989252e-03,-2.659353526263449202e-03,-2.786427197779673022e-03,-2.913740937283177887e-03,-3.041070490616992663e-03,-3.168187455695577887e-03,-3.294857563258178808e-03,-3.420839009226734565e-03,-3.545880897450385226e-03,-3.669721848337976176e-03,-3.792088825477928950e-03,-3.912696226132383014e-03,-4.031245277436087265e-03,-4.147423771427191999e-03,-4.260906166174091049e-03,-4.371354071058318122e-03,-4.478417126720723486e-03,-4.581734282068199160e-03,-4.680935460866500128e-03,-4.775643604028729367e-03,-4.865477064239528623e-03,-4.950052323674355471e-03,-5.028986996904311751e-03,-5.101903077362203963e-03,-5.168430378587339329e-03,-5.228210118615325523e-03,-5.280898592037740896e-03,-5.326170872821108654e-03,-5.363724488918559553e-03,-5.393283011014425934e-03,-5.414599497992514388e-03,-5.427459744175922203e-03,-5.431685276536827624e-03,-5.427136053728047124e-03,-5.413712824124891805e-03,-5.391359104876725442e-03,-5.360062750235309280e-03,-5.319857084049314268e-03,-5.270821577800265285e-03,-5.213082062475147410e-03,-5.146810469895834843e-03,-5.072224105704208584e-03,-4.989584463601218212e-03,-4.899195595470619280e-03,-4.801402060431825963e-03,-4.696586479109299099e-03,-4.585166725973559808e-03,-4.467592796310611465e-03,-4.344343388514206560e-03,-4.215922245131941207e-03,-4.082854298320880496e-03,-3.945681667198577998e-03,-3.804959555027550514e-03,-3.661252094487944201e-03,-3.515128188063299918e-03,-3.367157390160762168e-03,-3.217905874694690013e-03,-3.067932529909246035e-03,-2.917785218975029946e-03,-2.767997241673124994e-03,-2.619084028428285589e-03,-2.471540094044496084e-03
nan,-1.048231485309729188e-07,-8.326776829653717330e-07,-2.787872708568394384e-06,-6.549485970391845347e-06,-1.266645094663558675e-05,-2.165311165625467420e-05,-3.398529905270780959e-05,-5.009697417443419127e-05,-7.037747316885909561e-05,-9.516937919883632210e-05,-1.247670345562550403e-04,-1.594156960647202304e-04,-1.993113250570573917e-04,-2.446009927331717457e-04,-2.953838707445428490e-04,-3.517127684617561527e-04,-4.135961673910592542e-04,-4.810006976085857890e-04,-5.538539930673418848e-04,-6.320478576985567648e-04,-7.154416706891044428e-04,-8.038659568596897512e-04,-8.971260467931286599e-04,-9.950057529085093878e-04,-1.097270989006588014e-03,-1.203673265718450437e-03,-1.313952997613573957e-03,-1.427842565526140587e-03,-1.545069084352642969e-03,-1.665356834649276991e-03,-1.788429325416144569e-03,-1.914010965147301549e-03,-2.041828328206935893e-03,-2.171611012355749177e-03,-2.303092094620358063e-03,-2.436008200710390505e-03,-2.570099213511420951e-03,-2.705107652714818390e-03,-2.840777766589342845e-03,-2.976854382511817058e-03,-3.113081567880549624e-03,-3.249201157330111351e-03,-3.384951204674248228e-03,-3.520064419795678520e-03,-3.654266649596721230e-03,-3.787275461831361885e-03,-3.918798887459357984e-03,-4.048534373822773418e-03,-4.176167994766005406e-03,-4.301373959830394680e-03,-4.423814455883284986e-03,-4.543139848715004384e-03,-4.658989262839984685e-03,-4.770991550135777678e-03,-4.878766649805172002e-03,-4.981927332115457241e-03,-5.080081311942075649e-03,-5.172833708519510368e-03,-5.259789821883052892e-03,-5.340558187681579069e-03,-5.414753868308078665e-03,-5.482001931021185728e-03,-5.541941060868405683e-03,-5.594227252345087761e-03,-5.638537522265119929e-03,-5.674573584273714943e-03,-5.702065426788869087e-03,-5.720774736435144288e-03,-5.730498111576388422e-03,-5.731070013771729851e-03,-5.722365408773062365e-03,-5.704302054105188716e-03,-5.676842395233029116e-03,-5.639995038713322556e-03,-5.593815777537898028e-03,-5.538408150457659225e-03,-5.473923524200350124e-03,-5.400560694946358702e-03,-5.318565012152734472e-03,-5.228227035377393944e-03,-5.129880739832202302e-03,-5.023901295061273045e-03,-4.910702444319862449e-03,-4.790733518986091226e-03,-4.664476126036979330e-03,-4.532440550836317958e-03,-4.395161920184603721e-03,-4.253196172841269829e-03,-4.107115886510539181e-03,-3.957506010689225938e-03,-3.804959555027533601e-03,-3.650073281519897878e-03,-3.493443448366320356e-03,-3.335661650300385771e-03,-3.177310798114499867e-03,-3.018961276723197869e-03,-2.861167317736002837e-03,-2.704463618300230292e-03,-2.549362233905923172e-03
nan,-1.091040882573283417e-07,-8.672606042223223976e-07,-2.905608469933316688e-06,-6.830699516666056766e-06,-1.321931135120864623e-05,-2.261371798409295765e-05,-3.551747613746655016e-05,-5.239177650027953555e-05,-7.365239911336528744e-05,-9.966730186514071907e-05,-1.307548592280411630e-04,-1.671827578911241939e-04,-2.091675438611323022e-04,-2.568748047910101272e-04,-3.104199599564161534e-04,-3.698696214966136595e-04,-4.352434791125776078e-04,-5.065166543817417599e-04,-5.836224623578317120e-04,-6.664555127670091254e-04,-7.548750791167223003e-04,-8.487086611836758363e-04,-9.477556646569062224e-04,-1.051791122938748211e-03,-1.160569387107206500e-03,-1.273827714686755468e-03,-1.391289690984632123e-03,-1.512668424375457950e-03,-1.637669463514765215e-03,-1.765993392429159687e-03,-1.897338068508376205e-03,-2.031400478107611707e-03,-2.167878194552591738e-03,-2.306470432151341322e-03,-2.446878701380226021e-03,-2.588807078544259465e-03,-2.731962113732288883e-03,-2.876052407614949208e-03,-3.020787896780990651e-03,-3.165878893146585778e-03,-3.311034928146554864e-03,-3.455963456951926648e-03,-3.600368480617152037e-03,-3.743949146057003186e-03,-3.886398382757019331e-03,-4.027401634980419705e-03,-4.166635745158242532e-03,-4.303768040875077978e-03,-4.438455671722268958e-03,-4.570345238372166587e-03,-4.699072747394701134e-03,-4.824263919554552804e-03,-4.945534869944292512e-03,-5.062493170663500200e-03,-5.174739298575518724e-03,-5.281868460489248622e-03,-5.383472781684640884e-03,-5.479143833927485781e-03,-5.568475473169347267e-03,-5.651066948197399666e-03,-5.726526237753011735e-03,-5.794473566255782353e-03,-5.854545045401136905e-03,-5.906396384994473323e-03,-5.949706614906851050e-03,-5.984181758008477910e-03,-6.009558395344813224e-03,-6.025607065126965117e-03,-6.032135439741011067e-03,-6.028991228265908817e-03,-6.016064755929086474e-03,-5.993291177436478254e-03,-5.960652286232256090e-03,-5.918177888261612861e-03,-5.865946715807483086e-03,-5.804086863649259714e-03,-5.732775737119787801e-03,-5.652239509212330162e-03,-5.562752090761358299e-03,-5.464633625443630904e-03,-5.358248526463301256e-03,-5.244003080707567051e-03,-5.122342649267174093e-03,-4.993748500163147121e-03,-4.858734312812632537e-03,-4.717842398059962465e-03,-4.571639680261276734e-03,-4.420713490207350133e-03,-4.265667219394097404e-03,-4.107115886510555661e-03,-3.945681667198575396e-03,-3.781989436697752102e-03,-3.616662374434856039e-03,-3.450317676418897510e-03,-3.283562419121185960e-03,-3.116989614978252481e-03,-2.951174496135699783e-03,-2.786671058677569861e-03,-2.624008895356529092e-03
nan,-1.131736716376552196e-07,-9.001902553895049124e-07,-3.017895734448719437e-06,-7.099318782107110382e-06,-1.374821621603306170e-05,-2.353406418596110003e-05,-3.698755707460117366e-05,-5.459666752110415081e-05,-7.680331088733115404e-05,-1.040006472157754196e-04,-1.365310417348863914e-04,-1.746846942793433362e-04,-2.186989356411752402e-04,-2.687581777344640456e-04,-3.249944927508523814e-04,-3.874887872699731310e-04,-4.562725254405916153e-04,-5.313299488767160052e-04,-6.126007319452273382e-04,-6.999830053360488191e-04,-7.933366763485153426e-04,-8.924869710759782615e-04,-9.972281215539582650e-04,-1.107327121830261555e-03,-1.222527477573795776e-03,-1.342552878201077942e-03,-1.467110723381189570e-03,-1.595895443208666985e-03,-1.728591557818480234e-03,-1.864876430057662779e-03,-2.004422673907767325e-03,-2.146900191008036841e-03,-2.291977817800708826e-03,-2.439324574663351286e-03,-2.588610520136762957e-03,-2.739507221597778722e-03,-2.891687864430579191e-03,-3.044827028663904533e-03,-3.198600171382309180e-03,-3.352682859279111464e-03,-3.506749801054971465e-03,-3.660473734138365142e-03,-3.813524223010693673e-03,-3.965566428619615724e-03,-4.116259907476749712e-03,-4.265257499048662367e-03,-4.412204357080837420e-03,-4.556737177288745257e-03,-4.698483667754002092e-03,-4.837062304521690462e-03,-4.972082406007953016e-03,-5.103144554093772163e-03,-5.229841380320223061e-03,-5.351758727917700804e-03,-5.468477192203561460e-03,-5.579574031550537695e-03,-5.684625434707037302e-03,-5.783209120335125637e-03,-5.874907238659088544e-03,-5.959309536067147577e-03,-6.036016739755306441e-03,-6.104644112019512806e-03,-6.164825120932543139e-03,-6.216215170215305154e-03,-6.258495329617520114e-03,-6.291376005117210041e-03,-6.314600489712342800e-03,-6.327948335918318241e-03,-6.331238493811534515e-03,-6.324332161812431727e-03,-6.307135301490972117e-03,-6.279600773268577407e-03,-6.241730055167043698e-03,-6.193574513397956394e-03,-6.135236200771880533e-03,-6.066868165677587535e-03,-5.988674261914774845e-03,-5.900908457360764560e-03,-5.803873646469165717e-03,-5.697919979480421324e-03,-5.583442726377991702e-03,-5.460879702802895821e-03,-5.330708288168859409e-03,-5.193442073358350147e-03,-5.049627179058080104e-03,-4.899838290162356058e-03,-4.744674454287147770e-03,-4.584754694771943015e-03,-4.420713490207710088e-03,-4.253196172841628916e-03,-4.082854298321200552e-03,-3.910341037690705061e-03,-3.736306641916373791e-03,-3.561394025863115313e-03,-3.386234516343958161e-03,-3.211443805167797476e-03,-3.037618144438185546e-03,-2.865330816817472301e-03,-2.695128909079026660e-03
nan,-1.170075526629760502e-07,-9.312717194099354542e-07,-3.124076763195042853e-06,-7.353786377699366128e-06,-1.425012989106593501e-05,-2.440892007596208826e-05,-3.838726860945637713e-05,-5.669935676399868784e-05,-7.981280884576365600e-05,-1.081457055809768804e-04,-1.420642625402797864e-04,-1.818811878090411077e-04,-2.278547205112366560e-04,-2.801883403561254531e-04,-3.390311263181339046e-04,-4.044787329452220379e-04,-4.765749405279101733e-04,-5.553137284510332051e-04,-6.406418116082660073e-04,-7.324615735425290142e-04,-8.306343250494194717e-04,-9.349838133202647769e-04,-1.045299904148459412e-03,-1.161342360269160745e-03,-1.282844639205914542e-03,-1.409517638061351255e-03,-1.541053315329266732e-03,-1.677128127017279893e-03,-1.817406220724700596e-03,-1.961542339015679391e-03,-2.109184392492288729e-03,-2.259975672582105466e-03,-2.413556684297850016e-03,-2.569566588086370958e-03,-2.727644251792036428e-03,-2.887428922096375427e-03,-3.048560535669344023e-03,-3.210679697359255982e-03,-3.373427362270442400e-03,-3.536444264850972883e-03,-3.699370143603841060e-03,-3.861842815040002382e-03,-4.023497153441251903e-03,-4.183964035404906523e-03,-4.342869307362435052e-03,-4.499832834431655333e-03,-4.654467686101907732e-03,-4.806379511117429143e-03,-4.955166147877552649e-03,-5.100417512910449674e-03,-5.241715801042452945e-03,-5.378636025207080354e-03,-5.510746914307089635e-03,-5.637612179828921898e-03,-5.758792153699890046e-03,-5.873845789404676977e-03,-5.982333011973193539e-03,-6.083817392400278981e-03,-6.177869116070055372e-03,-6.264068205595544302e-03,-6.342007954728723362e-03,-6.411298522420568781e-03,-6.471570633244311428e-03,-6.522479326454467922e-03,-6.563707694445571582e-03,-6.594970549398703960e-03,-6.616017958426555212e-03,-6.626638587904801030e-03,-6.626662800501987791e-03,-6.615965451841678349e-03,-6.594468337975280606e-03,-6.562142250516610036e-03,-6.519008601727234627e-03,-6.465140588608311693e-03,-6.400663872429507989e-03,-6.325756756989109504e-03,-6.240649856637483193e-03,-6.145625252912654407e-03,-6.041015145798474262e-03,-5.927200013655082797e-03,-5.804606301058434607e-03,-5.673703663221177189e-03,-5.535001798611707477e-03,-5.389046908717796090e-03,-5.236417827561199410e-03,-5.077721868014735060e-03,-4.913590434533671863e-03,-4.744674454286525872e-03,-4.571639680261060761e-03,-4.395161920184414636e-03,-4.215922245131740846e-03,-4.034602230037197604e-03,-3.851879277597711204e-03,-3.668422073549594108e-03,-3.484886218873317013e-03,-3.301910080629643068e-03,-3.120110899302599560e-03,-2.940081185818526569e-03,-2.762385436856259081e-03
nan,-1.205824463907106930e-07,-9.603183083500023409e-07,-3.223520694097945416e-06,-7.592606455550950215e-06,-1.472213262389797045e-05,-2.523324821736629852e-05,-3.970863151475235688e-05,-5.868797456341154757e-05,-8.266406667806387460e-05,-1.120795183529243945e-04,-1.473241548076090343e-04,-1.887330973318936947e-04,-2.365855377666187102e-04,-2.911041997304454902e-04,-3.524554678053122819e-04,-4.207501558848097891e-04,-4.960448732234726526e-04,-5.783439393774397015e-04,-6.676017893147811588e-04,-7.637258033238571251e-04,-8.665794909491060473e-04,-9.759859541082652277e-04,-1.091731551547479862e-03,-1.213569686978640703e-03,-1.341224643180629651e-03,-1.474395388094750436e-03,-1.612759281330400883e-03,-1.755975616473210918e-03,-1.903688940798056815e-03,-2.055532101522208280e-03,-2.211128976766167219e-03,-2.370096858935625671e-03,-2.532048468536109501e-03,-2.696593585291889774e-03,-2.863340295496272225e-03,-3.031895862940178245e-03,-3.201867241793671624e-03,-3.372861257075243473e-03,-3.544484488034512631e-03,-3.716342896253208884e-03,-3.888041245907556537e-03,-4.059182368867173506e-03,-4.229366330393662110e-03,-4.398189553806783683e-03,-4.565243961812337319e-03,-4.730116192508289179e-03,-4.892386945335528044e-03,-5.051630509179396225e-03,-5.207414518834939041e-03,-5.359299982370851860e-03,-5.506841612950477867e-03,-5.649588493051192414e-03,-5.787085089429872334e-03,-5.918872629442581759e-03,-6.044490841115687969e-03,-6.163480048756228916e-03,-6.275383609510180004e-03,-6.379750666096210311e-03,-6.476139184947861394e-03,-6.564119239730856897e-03,-6.643276496450667944e-03,-6.713215848704830180e-03,-6.773565148776788253e-03,-6.823978976320586518e-03,-6.864142384866460042e-03,-6.893774564437994690e-03,-6.912632360155514070e-03,-6.920513587118473295e-03,-6.917260084785169932e-03,-6.902760457558960311e-03,-6.876952452694488210e-03,-6.839824932390205399e-03,-6.791419402535637563e-03,-6.731831067471788325e-03,-6.661209387687074684e-03,-6.579758124326240930e-03,-6.487734862332388865e-03,-6.385450011976328763e-03,-6.273265295831681292e-03,-6.151591736449425404e-03,-6.020887165201704687e-03,-5.881653282457437355e-03,-5.734432302105116341e-03,-5.579803220959689281e-03,-5.418377757227196140e-03,-5.250796006719976421e-03,-5.077721868015043841e-03,-4.899838290161999572e-03,-4.717842398060021446e-03,-4.532440550836389082e-03,-4.344343388514252530e-03,-4.154260920484038715e-03,-3.962897708478445129e-03,-3.770948193082898289e-03,-3.579092210262148702e-03,-3.387990740373400186e-03,-3.198281928151759310e-03,-3.010577407277646896e-03,-2.825458958418622987e-03
nan,-1.238763538646030314e-07,-9.871533526055978837e-07,-3.315629541035761282e-06,-7.814358823119542938e-06,-1.516144789624234153e-05,-2.600225072247321848e-05,-4.094403415146666134e-05,-6.055118065125361686e-05,-8.534098417253808164e-05,-1.157800848466818648e-04,-1.522815759507644177e-04,-1.952028053662486855e-04,-2.448438807248167121e-04,-3.014468754355031964e-04,-3.651957200690872721e-04,-4.362167531837162545e-04,-5.145798926196052184e-04,-6.003003805084996094e-04,-6.933410448672427213e-04,-7.936150135618436074e-04,-9.009888105537746262e-04,-1.015285759845543792e-03,-1.136289619093620298e-03,-1.263748364675499952e-03,-1.397378049558923706e-03,-1.536866658739565079e-03,-1.681877889133070146e-03,-1.832054787529689742e-03,-1.987023186269104395e-03,-2.146394883646300482e-03,-2.309770525042155638e-03,-2.476742150236199008e-03,-2.646895382695723872e-03,-2.819811245479787298e-03,-2.995067600582896911e-03,-3.172240217032669396e-03,-3.350903484222190250e-03,-3.530630794376130293e-03,-3.710994627896348642e-03,-3.891566382009159931e-03,-4.071915988913410965e-03,-4.251611375081206304e-03,-4.430217816583864078e-03,-4.607297248118098765e-03,-4.782407582837456053e-03,-4.955102100570455033e-03,-5.124928959367689406e-03,-5.291430882335097959e-03,-5.454145065774828813e-03,-5.612603351063704012e-03,-5.766332693686903807e-03,-5.914855957292839729e-03,-6.057693050986195579e-03,-6.194362420316158746e-03,-6.324382894212879011e-03,-6.447275879386040257e-03,-6.562567887354347172e-03,-6.669793368971005040e-03,-6.768497825315761100e-03,-6.858241154462634687e-03,-6.938601189889662124e-03,-7.009177378559735758e-03,-7.069594543857456691e-03,-7.119506674619940044e-03,-7.158600679973012131e-03,-7.186600047787822763e-03,-7.203268346221472149e-03,-7.208412508267853999e-03,-7.201885842275858318e-03,-7.183590714952409022e-03,-7.153480857936609164e-03,-7.111563254862505665e-03,-7.057899571597136233e-03,-6.992607099353106113e-03,-6.915859188127838723e-03,-6.827885154967469096e-03,-6.728969659700089270e-03,-6.619451548832201195e-03,-6.499722175747783826e-03,-6.370223213698560961e-03,-6.231443983315711546e-03,-6.083918326323189615e-03,-5.928221059887763163e-03,-5.764964053754471386e-03,-5.594791975924778490e-03,-5.418377757227020933e-03,-5.236417827561356403e-03,-5.049627179057550146e-03,-4.858734312812542332e-03,-4.664476126036909073e-03,-4.467592796310522994e-03,-4.268822717760556093e-03,-4.068897543064986348e-03,-3.868537381358699845e-03,-3.668446199438676631e-03,-3.469307469494661931e-03,-3.271780102448905436e-03,-3.076494700940442337e-03,-2.884050161109426563e-03
nan,-1.268687800516675725e-07,-1.011611936456486251e-06,-3.399844019096946894e-06,-8.017712662502630934e-06,-1.556546902276435316e-05,-2.671141483632037390e-05,-4.208630419170110123e-05,-6.227827014249219984e-05,-8.782833647006277637e-05,-1.192265646146014647e-04,-1.569088734888705720e-04,-2.012545585533829563e-04,-2.525845233169218937e-04,-3.111602241736211765e-04,-3.771833164664539642e-04,-4.507959789033337008e-04,-5.320818800207606936e-04,-6.210677421776657822e-04,-7.177254477293096855e-04,-8.219746245166820219e-04,-9.336856414556217627e-04,-1.052682940092939355e-03,-1.178748624091350292e-03,-1.311626228045210518e-03,-1.451024586205603567e-03,-1.596621724767232232e-03,-1.748068703212077519e-03,-1.904993336656134835e-03,-2.067003737019188284e-03,-2.233691617994807560e-03,-2.404635317714181805e-03,-2.579402502361260400e-03,-2.757552524355472157e-03,-2.938638417530863110e-03,-3.122208524040252613e-03,-3.307807756258412946e-03,-3.494978508247284250e-03,-3.683261238912038330e-03,-3.872194758965458866e-03,-4.061316260682220312e-03,-4.250161135331466215e-03,-4.438262628841884057e-03,-4.625151389600603603e-03,-4.810354965283487882e-03,-4.993397305144793227e-03,-5.173798324823606666e-03,-5.351073588195633286e-03,-5.524734157890258922e-03,-5.694286660217436936e-03,-5.859233606746478730e-03,-6.019074005736022026e-03,-6.173304291132545273e-03,-6.321419587157395617e-03,-6.462915318727100768e-03,-6.597289169762815021e-03,-6.724043380582312920e-03,-6.842687369264881768e-03,-6.952740651459839855e-03,-7.053736027122951141e-03,-7.145222993215931059e-03,-7.226771337676066685e-03,-7.297974862157288745e-03,-7.358455178218024396e-03,-7.407865517692483956e-03,-7.445894496451407538e-03,-7.472269768911413840e-03,-7.486761512368408748e-03,-7.489185680741262605e-03,-7.479406970452117179e-03,-7.457341444800064979e-03,-7.422958767922326756e-03,-7.376284005345692951e-03,-7.317398954069288981e-03,-7.246442972254345249e-03,-7.163613286538266303e-03,-7.069164762125750706e-03,-6.963409129159974648e-03,-6.846713667038492081e-03,-6.719499355924120343e-03,-6.582238513201930409e-03,-6.435451937897186149e-03,-6.279705596275979990e-03,-6.115606884501248279e-03,-5.943800512122667142e-03,-5.764964053754415875e-03,-5.579803220959455093e-03,-5.389046908717907980e-03,-5.193442073357748198e-03,-4.993748500163007475e-03,-4.790733518985975867e-03,-4.585166725973426234e-03,-4.377814767514903033e-03,-4.169436241511566277e-03,-3.960776767080144249e-03,-3.752564270993576871e-03,-3.545504534829165867e-03,-3.340277042492828270e-03,-3.137531162566248484e-03,-2.937882694881693586e-03
nan,-1.295409420684437129e-07,-1.033542558046915398e-06,-3.475649122412618881e-06,-8.201439681922145498e-06,-1.593178467819734786e-05,-2.735655673391855600e-05,-4.312877760981749086e-05,-6.385927560119715051e-05,-9.011191796312508764e-05,-1.223994727261178042e-04,-1.611801419505217564e-04,-2.068547970266327034e-04,-2.597649332552872878e-04,-3.201913484573890804e-04,-3.883535370556906365e-04,-4.644097799500453497e-04,-5.484578967172158053e-04,-6.405366180300722497e-04,-7.406275249112916200e-04,-8.486574934939927978e-04,-9.645015771348919471e-04,-1.087986252385041239e-03,-1.218892950957866771e-03,-1.356961798887955199e-03,-1.501895482858897667e-03,-1.653363166395143465e-03,-1.811004380168614643e-03,-1.974432816834900857e-03,-2.143239966497765842e-03,-2.316998535846163682e-03,-2.495265602841411755e-03,-2.677585468078788524e-03,-2.863492174311969840e-03,-3.052511674393841926e-03,-3.244163640282495854e-03,-3.437962914348827257e-03,-3.633420615617207871e-03,-3.830044921272349970e-03,-4.027341553882024701e-03,-4.224814011826624228e-03,-4.421963586453664385e-03,-4.618289215345726742e-03,-4.813287224557075486e-03,-5.006451015859007987e-03,-5.197270754661344194e-03,-5.385233115057393855e-03,-5.569821136020299164e-03,-5.750514239947071733e-03,-5.926788458933743113e-03,-6.098116910753319762e-03,-6.263970557440316778e-03,-6.423819273976887935e-03,-6.577133244836603013e-03,-6.723384698356275370e-03,-6.862049980740281795e-03,-6.992611960522243479e-03,-7.114562748055764524e-03,-7.227406704077275236e-03,-7.330663705412715503e-03,-7.423872626371617531e-03,-7.506594990663703962e-03,-7.578418740807104856e-03,-7.638962069194676907e-03,-7.687877251061588264e-03,-7.724854418066084971e-03,-7.749625209404487243e-03,-7.761966239168459694e-03,-7.761702319215357804e-03,-7.748709380075206876e-03,-7.722917036119191989e-03,-7.684310746124177818e-03,-7.632933526352817834e-03,-7.568887179378128507e-03,-7.492333009137679654e-03,-7.403492000831862589e-03,-7.302644451505487140e-03,-7.190129045703948403e-03,-7.066341378867830626e-03,-6.931731938852958054e-03,-6.786803564613995421e-03,-6.632108406371582492e-03,-6.468244422046492970e-03,-6.295851447285488039e-03,-6.115606884501383587e-03,-5.928221059887833419e-03,-5.734432302104992309e-03,-5.535001798611942532e-03,-5.330708288168344196e-03,-5.122342649267130725e-03,-4.910702444319840765e-03,-4.696586479109254864e-03,-4.480789434906383255e-03,-4.264096629536014670e-03,-4.047278959533593713e-03,-3.831088072588613794e-03,-3.616251814977407622e-03,-3.403469994225882291e-03,-3.193410491846130489e-03,-2.986705755787560229e-03
nan,-1.318759648968306603e-07,-1.052808691824485544e-06,-3.542579381397758446e-06,-8.364426528111874843e-06,-1.625820302239540323e-05,-2.793386296766901578e-05,-4.406536405967124325e-05,-6.528506388949560494e-05,-9.217867902133575176e-05,-1.252808655585641332e-04,-1.650714676168127089e-04,-2.119724686001170930e-04,-2.663456666714055518e-04,-3.284910831095315007e-04,-3.986460986767214752e-04,-4.769853016544550782e-04,-5.636210170744804368e-04,-6.586044776192894129e-04,-7.619275849510192882e-04,-8.735252018616480527e-04,-9.932779083377074429e-04,-1.121015148868921259e-03,-1.256518693503414288e-03,-1.399526333813039605e-03,-1.549735733320004982e-03,-1.706808354284061486e-03,-1.870373384009922212e-03,-2.040031589696589178e-03,-2.215359036330904509e-03,-2.395910608846799593e-03,-2.581223288505913715e-03,-2.770819142567822885e-03,-2.964207996671182170e-03,-3.160889768049027649e-03,-3.360356450174371845e-03,-3.562093748048012105e-03,-3.765582374824617481e-03,-3.970299028298784373e-03,-4.175717076002283257e-03,-4.381306984871310116e-03,-4.586536537579597589e-03,-4.790870883699184166e-03,-4.993772477429131440e-03,-5.194700957000120654e-03,-5.393113020582834642e-03,-5.588462354455139489e-03,-5.780199666871576811e-03,-5.967772878323701624e-03,-6.150627513131348700e-03,-6.328207333984755406e-03,-6.499955251969382827e-03,-6.665314539272490686e-03,-6.823730361996599436e-03,-6.974651642713197881e-03,-7.117533254254664737e-03,-7.251838535151552446e-03,-7.377042110926906870e-03,-7.492632994828098310e-03,-7.598117935627816261e-03,-7.693024970526580672e-03,-7.776907137505581144e-03,-7.849346293560918730e-03,-7.909956982475300005e-03,-7.958390291882824416e-03,-7.994337637854337722e-03,-8.017534413501692728e-03,-8.027763439960389560e-03,-8.024858158728200019e-03,-8.008705507706362706e-03,-7.979248427062662560e-03,-7.936487946121353887e-03,-7.880484808544996680e-03,-7.811360599355521642e-03,-7.729298344719187988e-03,-7.634542563735755363e-03,-7.527398758785991753e-03,-7.408232339743735587e-03,-7.277466985739720548e-03,-7.135582456023843376e-03,-6.983111870270867702e-03,-6.820638483971944513e-03,-6.648791995272824475e-03,-6.468244422046354192e-03,-6.279705596275982592e-03,-6.083918326323133237e-03,-5.881653282457185820e-03,-5.673703663221302956e-03,-5.460879702802245300e-03,-5.244003080707417865e-03,-5.023901295061149012e-03,-4.801402060431680247e-03,-4.577327788866974306e-03,-4.352490211597639241e-03,-4.127685194567505197e-03,-3.903687797867894018e-03,-3.681247624497604575e-03,-3.461084499247906593e-03,-3.243884512939420803e-03,-3.030296461874748982e-03
nan,-1.338590619161946075e-07,-1.069290232019018652e-06,-3.600223727519657308e-06,-8.505686290595646030e-06,-1.654277409638904507e-05,-2.843992900613547762e-05,-4.489060776111535890e-05,-6.654742650751306198e-05,-9.401685372952816862e-05,-1.278545146477997989e-04,-1.685611578921308623e-04,-2.165793236779143063e-04,-2.722907391041083300e-04,-3.360144533003508538e-04,-4.080057113410225111e-04,-4.884555540505176483e-04,-5.774911163705683101e-04,-6.751765875014371357e-04,-7.815147838908520495e-04,-8.964492773615289354e-04,-1.019867012900438786e-03,-1.151601344447841704e-03,-1.291435411736245207e-03,-1.439105779492781288e-03,-1.594306258304945554e-03,-1.756691828419467034e-03,-1.925882588701696187e-03,-2.101467658529254656e-03,-2.283008965658630315e-03,-2.470044859582635772e-03,-2.662093498515771123e-03,-2.858655967107196719e-03,-3.059219092306343733e-03,-3.263257933430067925e-03,-3.470237935012247463e-03,-3.679616739646935850e-03,-3.890845669592105267e-03,-4.103370893838206857e-03,-4.316634307673196565e-03,-4.530074159137578368e-03,-4.743125462999583930e-03,-4.955220249131593591e-03,-5.165787695851233215e-03,-5.374254202334184313e-03,-5.580043454013145464e-03,-5.782576535948154989e-03,-5.981272146946946949e-03,-6.175546964535277676e-03,-6.364816205193922320e-03,-6.548494421050989403e-03,-6.725996565114150498e-03,-6.896739351873131148e-03,-7.060142930299919718e-03,-7.215632878480271635e-03,-7.362642521012538639e-03,-7.500615559113463400e-03,-7.629008997240298642e-03,-7.747296339311227423e-03,-7.854971021686656465e-03,-7.951550040411987930e-03,-8.036577726568166352e-03,-8.109629615615643675e-03,-8.170316353874298304e-03,-8.218287581411579806e-03,-8.253235729089388947e-03,-8.274899665859175579e-03,-8.283068134332520135e-03,-8.277582913331709216e-03,-8.258341649613408844e-03,-8.225300304802856191e-03,-8.178475168841322154e-03,-8.117944397383319161e-03,-8.043849037036884461e-03,-7.956393509837766595e-03,-7.855845536849063657e-03,-7.742535488180221116e-03,-7.616855155669221070e-03,-7.479255952959183544e-03,-7.330246555694146411e-03,-7.170390003502210251e-03,-7.000300290743321878e-03,-6.820638483971944513e-03,-6.632108406371435907e-03,-6.435451937897187884e-03,-6.231443983315654300e-03,-6.020887165201441876e-03,-5.804606301058563844e-03,-5.583442726377316027e-03,-5.358248526463145998e-03,-5.129880739832074800e-03,-4.899195595470470961e-03,-4.667042843908036920e-03,-4.434260240722935273e-03,-4.201668236645171757e-03,-3.970064925201421263e-03,-3.740221294028788900e-03,-3.512876821202052819e-03,-3.288735452170258797e-03,-3.068461987377672437e-03
nan,-1.354776976738258301e-07,-1.082884796929128809e-06,-3.648229898145247409e-06,-8.624368939772718561e-06,-1.678381018419539930e-05,-2.887179434297246358e-05,-4.559974307854184911e-05,-6.763916222068288480e-05,-9.561607694894075024e-05,-1.301060663157931117e-04,-1.716299523122715950e-04,-2.206501870659634918e-04,-2.775679680691381379e-04,-3.427210982757614307e-04,-4.163825938776060808e-04,-4.987600304658406812e-04,-5.899956035292832496e-04,-6.901668693859709615e-04,-7.992881200989123639e-04,-9.173123367351074513e-04,-1.044133657097837120e-03,-1.179590287459502708e-03,-1.323467782075541744e-03,-1.475502612122618065e-03,-1.635385943287415676e-03,-1.802767542815771323e-03,-1.977259737480693575e-03,-2.158441349146442752e-03,-2.345861539643580990e-03,-2.539043502896764538e-03,-2.737487950736113354e-03,-2.940676347620294669e-03,-3.148073859781167633e-03,-3.359131992830801956e-03,-3.573290904444542063e-03,-3.789981387364518926e-03,-4.008626529578372850e-03,-4.228643066563814168e-03,-4.449442450899636706e-03,-4.670431672047340582e-03,-4.891013865432771064e-03,-5.110588756382057792e-03,-5.328552988243569731e-03,-5.544300387739667033e-03,-5.757222220481058965e-03,-5.966707490786417496e-03,-6.172143337845176041e-03,-6.372915577657267336e-03,-6.568409434566363676e-03,-6.758010503066326502e-03,-6.941105971445280486e-03,-7.117086133656877131e-03,-7.285346205982957957e-03,-7.445288457259099067e-03,-7.596324653381386106e-03,-7.737878805517100188e-03,-7.869390205383044318e-03,-7.990316720138656084e-03,-8.100138313557585928e-03,-8.198360750424469115e-03,-8.284519437483881324e-03,-8.358183346272514067e-03,-8.418958960459060198e-03,-8.466494186483293841e-03,-8.500482164773609864e-03,-8.520664917235413333e-03,-8.526836768719913556e-03,-8.518847480922454168e-03,-8.496605040770970757e-03,-8.460078049281550411e-03,-8.409297662305708146e-03,-8.344359040800422914e-03,-8.265422274884522830e-03,-8.172712753561784532e-03,-8.066520960675045357e-03,-7.947201685146261865e-03,-7.815172642702468073e-03,-7.670912514879589701e-03,-7.514958419220943084e-03,-7.347902833673376766e-03,-7.170390003502229333e-03,-6.983111870270888519e-03,-6.786803564613862715e-03,-6.582238513201952960e-03,-6.370223213698518461e-03,-6.151591736449170400e-03,-5.927200013655234585e-03,-5.697919979479732638e-03,-5.464633625443483453e-03,-5.228227035377273381e-03,-4.989584463601079434e-03,-4.749582517537012834e-03,-4.509084504520016051e-03,-4.268934997964265315e-03,-4.029954674680587962e-03,-3.792935470163538193e-03,-3.558636093724079283e-03,-3.327777939419020951e-03,-3.101041423051887919e-03
nan,-1.367217304936738287e-07,-1.093508874801692539e-06,-3.686308316929931068e-06,-8.719770546887471594e-06,-1.697990384611204088e-05,-2.922697367229684954e-05,-4.618874399993981404e-05,-6.855415080642265555e-05,-9.696748905905611907e-05,-1.320231848521897003e-04,-1.742612122732481504e-04,-2.241632029574777165e-04,-2.821492825448266044e-04,-3.485756550477979616e-04,-4.237329419153099781e-04,-5.078452701821537093e-04,-6.010700890581890899e-04,-7.034986840741034534e-04,-8.151573449633208769e-04,-9.360091338690149565e-04,-1.065956191783202665e-03,-1.204842514110118865e-03,-1.352457120044575243e-03,-1.508537537916691557e-03,-1.672773525833754589e-03,-1.844810948140615178e-03,-2.024255728555419097e-03,-2.210677805717763643e-03,-2.403615021686629927e-03,-2.602576879888719285e-03,-2.807048117362433929e-03,-3.016492044760447043e-03,-3.230353617796105983e-03,-3.448062212242908146e-03,-3.669034087191768399e-03,-3.892674529888208879e-03,-4.118379687119141236e-03,-4.345538096240188046e-03,-4.573531939411304426e-03,-4.801738052240800934e-03,-5.029528724440159894e-03,-5.256272336679173457e-03,-5.481333881694152275e-03,-5.704075421574075419e-03,-5.923856533114058021e-03,-6.140034794468865638e-03,-6.351966364332368650e-03,-6.559006702337411357e-03,-6.760511473818782251e-03,-6.955837679035787105e-03,-7.144345037827461511e-03,-7.325397655579500393e-03,-7.498365986539200917e-03,-7.662629102726666377e-03,-7.817577268687779524e-03,-7.962614810945197949e-03,-8.097163265022347053e-03,-8.220664772015988386e-03,-8.332585690851693552e-03,-8.432420382592497113e-03,-8.519695119590256840e-03,-8.593972064246167483e-03,-8.654853259481109021e-03,-8.701984569227235941e-03,-8.735059505753360945e-03,-8.753822879129225659e-03,-8.758074206232764614e-03,-8.747670817509978908e-03,-8.722530603433815977e-03,-8.682634346597386046e-03,-8.628027591009225852e-03,-8.558822006436324348e-03,-8.475196212449600391e-03,-8.377396034561425398e-03,-8.265734173710083052e-03,-8.140589277924267092e-03,-8.002404414338228078e-03,-7.851684948421960158e-03,-7.688995845545379057e-03,-7.514958419221043698e-03,-7.330246555694265240e-03,-7.135582456023953531e-03,-6.931731938852907747e-03,-6.719499355924227028e-03,-6.499722175747819387e-03,-6.273265295831496544e-03,-6.041015145798703245e-03,-5.803873646468523002e-03,-5.562752090761273298e-03,-5.318565012152673757e-03,-5.072224105704120981e-03,-4.824632264118472458e-03,-4.576677789712279426e-03,-4.329228838439096866e-03,-4.083128148594847469e-03,-3.839188101699852855e-03,-3.598186157950906874e-03,-3.360860702536027419e-03,-3.127907333275568684e-03
nan,-1.375835329890006913e-07,-1.101098794945431917e-06,-3.714235393802588184e-06,-8.791341152954635138e-06,-1.712994336449618116e-05,-2.950348368530047614e-05,-4.665436681462798617e-05,-6.928741688177240488e-05,-9.806382691661673671e-05,-1.335956772651775040e-04,-1.764410868721571460e-04,-2.271000497510050370e-04,-2.860109951880679749e-04,-3.535480969008261459e-04,-4.300193419754410923e-04,-5.156653577415777926e-04,-6.106589794493568315e-04,-7.151055310074919428e-04,-8.290437777310073189e-04,-9.524475000688903056e-04,-1.085227628157748930e-03,-1.227234869627814211e-03,-1.378262756437725065e-03,-1.538051033573497412e-03,-1.706289309224224724e-03,-1.882620886840351586e-03,-2.066646699499204327e-03,-2.257929271535549353e-03,-2.455996636948555318e-03,-2.660346149786449368e-03,-2.870448129896830108e-03,-3.085749295855335066e-03,-3.305675947033127806e-03,-3.529636865067238820e-03,-3.757025917597702457e-03,-3.987224355726220332e-03,-4.219602808318221633e-03,-4.453522984463619688e-03,-4.688339105939346406e-03,-4.923399099264261919e-03,-5.158045583404870411e-03,-5.391616695926871802e-03,-5.623446804327234851e-03,-5.852867153304192570e-03,-6.079206498755926509e-03,-6.301791780769453594e-03,-6.519948885947520444e-03,-6.733003546960034981e-03,-6.940282421719554118e-03,-7.141114391622685291e-03,-7.334832109171371059e-03,-7.520773820274662125e-03,-7.698285476677041612e-03,-7.866723146178436488e-03,-8.025455720364267284e-03,-8.173867908086994080e-03,-8.311363497042402460e-03,-8.437368854808011479e-03,-8.551336634918004984e-03,-8.652749643745615352e-03,-8.741124820426061579e-03,-8.816017274011420102e-03,-8.877024319427042828e-03,-8.923789450060795603e-03,-8.956006183333699647e-03,-8.973421714177904837e-03,-8.975840313531350742e-03,-8.963126409832359101e-03,-8.935207295362823307e-03,-8.892075403349485041e-03,-8.833790107552592918e-03,-8.760479002419151520e-03,-8.672338628863870622e-03,-8.569634618592985448e-03,-8.452701238929754418e-03,-8.321940327766393780e-03,-8.177819617793147602e-03,-8.020870457949335827e-03,-7.851684948421873422e-03,-7.670912514879611385e-03,-7.479255952959219106e-03,-7.277466985739757845e-03,-7.066341378867704859e-03,-6.846713667038528510e-03,-6.619451548832171704e-03,-6.385450011976071157e-03,-6.145625252912826145e-03,-5.900908457360040313e-03,-5.652239509212187915e-03,-5.400560694946244210e-03,-5.146810469895695198e-03,-4.891917350066755064e-03,-4.636793991494551556e-03,-4.382331514233128028e-03,-4.129394124428377097e-03,-3.878814082628296959e-03,-3.631387061226976423e-03,-3.387867927662915370e-03,-3.148966984014198688e-03
nan,-1.380580875280501885e-07,-1.105611504433811591e-06,-3.731856182891091664e-06,-8.838691146415370172e-06,-1.723312533586872071e-05,-2.969986503836737475e-05,-4.699418528904696806e-05,-6.983518278424808952e-05,-9.889949959251174516e-05,-1.348155976590364536e-04,-1.781586523160123608e-04,-2.294461214519538390e-04,-2.891340332182249103e-04,-3.576140217263937640e-04,-4.352111256491564078e-04,-5.221823517193488993e-04,-6.187159895943898733e-04,-7.249316535949984919e-04,-8.408810131625063782e-04,-9.665491635267514170e-04,-1.101856578522350701e-03,-1.246661579675482565e-03,-1.400763248593141046e-03,-1.563904706346351276e-03,-1.735776679917043095e-03,-1.916021276171569077e-03,-2.104235883524516008e-03,-2.299977125635257330e-03,-2.502764795778726972e-03,-2.712085705940164761e-03,-2.927397392699713011e-03,-3.148131630192344248e-03,-3.373697710487200477e-03,-3.603485459900989275e-03,-3.836867972346535635e-03,-4.073204049368502749e-03,-4.311840348188027833e-03,-4.552113247329751290e-03,-4.793350449967874634e-03,-5.034872352976431202e-03,-5.275993216190402908e-03,-5.516022173257369154e-03,-5.754264129465281631e-03,-5.990020596095405221e-03,-6.222590510944454346e-03,-6.451271096251284462e-03,-6.675358803437382756e-03,-6.894150391676580857e-03,-7.106944181885156697e-03,-7.313041524852310210e-03,-7.511748513101466213e-03,-7.702377961139520238e-03,-7.884251668889849865e-03,-8.056702975333177724e-03,-8.219079601494866730e-03,-8.370746770358017050e-03,-8.511090585471583342e-03,-8.639521638977021301e-03,-8.755478814037261776e-03,-8.858433236816858417e-03,-8.947892329670777481e-03,-9.023403909146947982e-03,-9.084560269833570623e-03,-9.131002191400609813e-03,-9.162422804722226283e-03,-9.178571251633235034e-03,-9.179256075142902538e-03,-9.164348277874708598e-03,-9.133783990496201904e-03,-9.087566696036872282e-03,-9.025768961999464449e-03,-8.948533638587687772e-03,-8.856074488535469261e-03,-8.748676221990939889e-03,-8.626693919127150639e-03,-8.490551830905100628e-03,-8.340741558124937366e-03,-8.177819617793182297e-03,-8.002404414338167363e-03,-7.815172642702518380e-03,-7.616855155669292193e-03,-7.408232339743803241e-03,-7.190129045703846922e-03,-6.963409129160044037e-03,-6.728969659700083199e-03,-6.487734862332148605e-03,-6.240649856637684421e-03,-5.988674261914051465e-03,-5.732775737119663768e-03,-5.473923524200259919e-03,-5.213082062475026847e-03,-4.951204738959755214e-03,-4.689227837708677404e-03,-4.428064746209022309e-03,-4.168600473076155243e-03,-3.911686525846605998e-03,-3.658136192253396129e-03,-3.408720261918919778e-03,-3.164163219277128791e-03
nan,-1.381430568814594495e-07,-1.107025144815156021e-06,-3.739086371301667526e-06,-8.861596075777389313e-06,-1.728896425459717698e-05,-2.981519921378340723e-05,-4.720661788598299447e-05,-7.019490981613962181e-05,-9.947064789490711178e-05,-1.356773298715156914e-04,-1.794060230771550514e-04,-2.311906732971438826e-04,-2.915041249805921117e-04,-3.607548864779654921e-04,-4.392846593352661981e-04,-5.273666375261416113e-04,-6.252045667664527526e-04,-7.329325427618735810e-04,-8.506155132416919713e-04,-9.782504379201219930e-04,-1.115768050556555525e-03,-1.263035159085396791e-03,-1.419857412265805759e-03,-1.585982457565967424e-03,-1.761103410980843081e-03,-1.944862559475032601e-03,-2.136855216124845889e-03,-2.336633651852802925e-03,-2.543711031685841600e-03,-2.757565288588310817e-03,-2.977642875754832330e-03,-3.203362346251698717e-03,-3.434117718850944901e-03,-3.669281596927077144e-03,-3.908208019841831991e-03,-4.150235034740797427e-03,-4.394686988340941285e-03,-4.640876546584572250e-03,-4.888106460617889018e-03,-5.135671105487541951e-03,-5.382857824511769196e-03,-5.628948119278246072e-03,-5.873218729282621633e-03,-6.114942649515561941e-03,-6.353390134454662240e-03,-6.587829738622294311e-03,-6.817529442125968772e-03,-7.041757907267505098e-03,-7.259785906944134747e-03,-7.470887962776485980e-03,-7.674344221769967452e-03,-7.869442595461607903e-03,-8.055481175640543529e-03,-8.231770932970281993e-03,-8.397638697020329279e-03,-8.552430404579270881e-03,-8.695514597403508281e-03,-8.826286139446378951e-03,-8.944170117931237243e-03,-9.048625882772451737e-03,-9.139151175407528652e-03,-9.215286290047627893e-03,-9.276618207830831034e-03,-9.322784640743530041e-03,-9.353477920735684542e-03,-9.368448668215538164e-03,-9.367509176468084495e-03,-9.350536449560827371e-03,-9.317474835428099164e-03,-9.268338200031063859e-03,-9.203211594687496500e-03,-9.122252375150515652e-03,-9.025690738353681422e-03,-8.913829650822267456e-03,-8.787044152140991576e-03,-8.645780024709210851e-03,-8.490551830904918482e-03,-8.321940327766256737e-03,-8.140589277924038109e-03,-7.947201685146147374e-03,-7.742535488180138717e-03,-7.527398758785906752e-03,-7.302644451505230401e-03,-7.069164762125678715e-03,-6.827885154967325981e-03,-6.579758124325861893e-03,-6.325756756989191903e-03,-6.066868165676715836e-03,-5.804086863649009914e-03,-5.538408150457448456e-03,-5.270821577800032832e-03,-5.002304561539707047e-03,-4.733816204025377387e-03,-4.466291385668326973e-03,-4.200635180800021962e-03,-3.937717647233367896e-03,-3.678369033384371132e-03,-3.423375440190895656e-03,-3.173474968800338476e-03
nan,-1.378388265026791125e-07,-1.105339409003645150e-06,-3.735913541493373802e-06,-8.859999773058538239e-06,-1.729729885940214812e-05,-2.984911989414158978e-05,-4.729094644502805167e-05,-7.036532700641589090e-05,-9.977518650206978210e-05,-1.361776467905393339e-04,-1.801784327319594457e-04,-2.323269289725816511e-04,-2.931119389051161771e-04,-3.629581837152968038e-04,-4.422235646681740330e-04,-5.311971984337062781e-04,-6.300982193300310764e-04,-7.390753307519754576e-04,-8.582070737444962320e-04,-9.875027696255713004e-04,-1.126904083193651157e-03,-1.276287144481328458e-03,-1.435465159078665957e-03,-1.604191432924524608e-03,-1.782162733061987744e-03,-1.969022905447157315e-03,-2.164366669966610868e-03,-2.367743516274745889e-03,-2.578661627834356439e-03,-2.796591766369813711e-03,-3.020971056583834306e-03,-3.251206618766566171e-03,-3.486679006765108779e-03,-3.726745416651743113e-03,-3.970742643936557917e-03,-4.217989775603836478e-03,-4.467790614875691291e-03,-4.719435844933965798e-03,-4.972204948417826079e-03,-5.225367907521930727e-03,-5.478186716112671238e-03,-5.729916742383859077e-03,-5.979807984680543878e-03,-6.227106267532344849e-03,-6.471054425132206737e-03,-6.710893521306013007e-03,-6.945864153349372641e-03,-7.175207884837006035e-03,-7.398168847205131675e-03,-7.613995547198868820e-03,-7.821942908150998977e-03,-8.021274568281321418e-03,-8.211265449343526507e-03,-8.391204601199348315e-03,-8.560398320148196460e-03,-8.718173527134231299e-03,-8.863881386330414378e-03,-8.996901133432565201e-03,-9.116644077377765790e-03,-9.222557729324815101e-03,-9.314130009347002664e-03,-9.390893473235599129e-03,-9.452429499343571739e-03,-9.498372371848157886e-03,-9.528413195397256868e-03,-9.542303574961932475e-03,-9.539858997165945320e-03,-9.520961850458716999e-03,-9.485564025759259457e-03,-9.433689043476545591e-03,-9.365433659197786032e-03,-9.280968906888068665e-03,-9.180540545957361839e-03,-9.064468886746118378e-03,-8.933147978538681297e-03,-8.787044152141426992e-03,-8.626693919127388296e-03,-8.452701238930025035e-03,-8.265734173710244381e-03,-8.066520960675317709e-03,-7.855845536849346417e-03,-7.634542563736026848e-03,-7.403492000831951927e-03,-7.163613286538526512e-03,-6.915859188128012196e-03,-6.661209387686994887e-03,-6.400663872429887893e-03,-6.135236200771266440e-03,-5.865946715807498699e-03,-5.593815777537943998e-03,-5.319857084049326411e-03,-5.045071148871043028e-03,-4.770438999672037099e-03,-4.496916158146923616e-03,-4.225426956873101596e-03,-3.956859243166224206e-03,-3.692059514247802900e-03,-3.431828521249423881e-03,-3.176917373177146758e-03
nan,-1.371485190279220788e-07,-1.100575676736248195e-06,-3.722397694608328507e-06,-8.834015749433801035e-06,-1.725829515705516187e-05,-2.980181869061770776e-05,-4.724732605710592646e-05,-7.034644697674334482e-05,-9.981282810050102583e-05,-1.363157455050727663e-04,-1.804742833420351850e-04,-2.328521479285958315e-04,-2.939531729459193680e-04,-3.642175578382621411e-04,-4.440188666798152795e-04,-5.336618012390255926e-04,-6.333807458904008869e-04,-7.433390701160247273e-04,-8.636291597443159548e-04,-9.942731366928728946e-04,-1.135224216231157327e-03,-1.286368641846939069e-03,-1.447528129458320809e-03,-1.618462748206706209e-03,-1.798874160286126388e-03,-1.988409141461363466e-03,-2.186663302680229987e-03,-2.393184936276535925e-03,-2.607478913762921544e-03,-2.829010566741506881e-03,-3.057209489900235798e-03,-3.291473212606498000e-03,-3.531170695320567758e-03,-3.775645614756239620e-03,-4.024219414158785278e-03,-4.276194103427767741e-03,-4.530854805389039272e-03,-4.787472052865168921e-03,-5.045303851768355614e-03,-5.303597533504723210e-03,-5.561591426588817499e-03,-5.818516384564689260e-03,-6.073597211471894707e-03,-6.326054030614629113e-03,-6.575103642624244293e-03,-6.819960920711318729e-03,-7.059840289402193568e-03,-7.293957330839434192e-03,-7.521530557475035982e-03,-7.741783387352536676e-03,-7.953946349053282738e-03,-8.157259538679481267e-03,-8.350975341389989259e-03,-8.534361422271491068e-03,-8.706703983648457490e-03,-8.867311274163222623e-03,-9.015517329434263524e-03,-9.150685912882497441e-03,-9.272214619763755050e-03,-9.379539097558394628e-03,-9.472137332537846482e-03,-9.549533944287218537e-03,-9.611304427550711182e-03,-9.657079277288710059e-03,-9.686547931451025897e-03,-9.699462464928256325e-03,-9.695640970683521570e-03,-9.674970565240307435e-03,-9.637409960097220035e-03,-9.582991544990477131e-03,-9.511822935498943574e-03,-9.424087944104288933e-03,-9.320046941503731114e-03,-9.200036583278937280e-03,-9.064468886745589288e-03,-8.913829650822205006e-03,-8.748676221990683149e-03,-8.569634618592773811e-03,-8.377396034561127025e-03,-8.172712753561609325e-03,-7.956393509837622613e-03,-7.729298344719048343e-03,-7.492333009137363935e-03,-7.246442972254220349e-03,-6.992607099352905753e-03,-6.731831067471339899e-03,-6.465140588608352459e-03,-6.193574513396990153e-03,-5.918177888261304080e-03,-5.639995038713063215e-03,-5.360062750235025653e-03,-5.079403615079203411e-03,-4.799019611149839791e-03,-4.519885973687965720e-03,-4.242945416270481329e-03,-3.969102751736170234e-03,-3.699219957792280501e-03,-3.434111725100768165e-03,-3.174541519111207053e-03
nan,-1.360779796129252292e-07,-1.092776920350319347e-06,-3.698671009920954385e-06,-8.783926807477941966e-06,-1.717244601810863364e-05,-2.967404504691408250e-05,-4.707678585357722741e-05,-7.013956849786172863e-05,-9.958508894268022294e-05,-1.360932574902960388e-04,-1.802951623173275689e-04,-2.327676514202989039e-04,-2.940285927636256710e-04,-3.645328588481849385e-04,-4.446690670486579339e-04,-5.347570933714417257e-04,-6.350463610729422748e-04,-7.457148933943976007e-04,-8.668691048127311234e-04,-9.985442935198838264e-04,-1.140705786729967301e-03,-1.293250681139168851e-03,-1.456010112133566308e-03,-1.628751980461774166e-03,-1.811184059942725667e-03,-2.002957408585100303e-03,-2.203670003939640736e-03,-2.412870526232530326e-03,-2.630062216059213340e-03,-2.854706737647589535e-03,-3.086227985930008189e-03,-3.324015782966086106e-03,-3.567429418829814580e-03,-3.815800999605048743e-03,-4.068438577495871178e-03,-4.324629046328404627e-03,-4.583640797234370470e-03,-4.844726137655675641e-03,-5.107123487357333180e-03,-5.370059373243223598e-03,-5.632750251384619454e-03,-5.894404191947403941e-03,-6.154222466869770265e-03,-6.411401084756954659e-03,-6.665132317720501645e-03,-6.914606266882740958e-03,-7.159012511726242298e-03,-7.397541886302883181e-03,-7.629388420117399171e-03,-7.853751478938466105e-03,-8.069838131675608969e-03,-8.276865764829123215e-03,-8.474064956172549026e-03,-8.660682611608653755e-03,-8.835985361535028670e-03,-8.999263201223614561e-03,-9.149833354295758975e-03,-9.287044327111113745e-03,-9.410280116407017739e-03,-9.518964522633973843e-03,-9.612565518160448574e-03,-9.690599611497333066e-03,-9.752636146338854520e-03,-9.798301470816495745e-03,-9.827282911009718736e-03,-9.839332481818128043e-03,-9.834270270932195940e-03,-9.811987432892754074e-03,-9.772448734758911251e-03,-9.715694599325171502e-03,-9.641842598589271326e-03,-9.551088356854477504e-03,-9.443705830704494930e-03,-9.320046941504097140e-03,-9.180540545957172754e-03,-9.025690738353964182e-03,-8.856074488535545589e-03,-8.672338628863983379e-03,-8.475196212449612534e-03,-8.265422274884647730e-03,-8.043849037037037117e-03,-7.811360599355664756e-03,-7.568887179378085139e-03,-7.317398954069428627e-03,-7.057899571597196081e-03,-6.791419402535435468e-03,-6.519008601727524325e-03,-6.241730055166284756e-03,-5.960652286232170222e-03,-5.676842395232983146e-03,-5.391359104876648246e-03,-5.105245981091372648e-03,-4.819524896327942801e-03,-4.535189796901605702e-03,-4.253200831591421108e-03,-3.974478892672584328e-03,-3.699900614557887542e-03,-3.430293868108211242e-03,-3.166433782014884454e-03
nan,-1.346357321516563483e-07,-1.082007379932064633e-06,-3.664936835439137615e-06,-8.710182855652262181e-06,-1.704056731287442849e-05,-2.946710025863955327e-05,-4.678122060699542450e-05,-6.974726557300726503e-05,-9.909527557946574039e-05,-1.355142334755225157e-04,-1.796458262742662172e-04,-2.320788066188266734e-04,-2.933440177922163922e-04,-3.639101325351470320e-04,-4.441801410481747330e-04,-5.344886097232482997e-04,-6.350997158322894661e-04,-7.462060509630510713e-04,-8.679281708998476744e-04,-1.000314857673851622e-03,-1.143344048053813230e-03,-1.296924373148581775e-03,-1.460897244693264846e-03,-1.635039418352537749e-03,-1.819065958874043236e-03,-2.012633530347610663e-03,-2.215343932969269375e-03,-2.426747810074147884e-03,-2.646348452161667673e-03,-2.873605628566712131e-03,-3.107939384444881846e-03,-3.348733747796046878e-03,-3.595340300672050446e-03,-3.847081576063366305e-03,-4.103254254226342858e-03,-4.363132140385185716e-03,-4.625968917178488807e-03,-4.891000673559861046e-03,-5.157448222368627225e-03,-5.424519226921418330e-03,-5.691410163584290256e-03,-5.957308154624215910e-03,-6.221392709817673457e-03,-6.482837419991085287e-03,-6.740811645948855367e-03,-6.994482248315628259e-03,-7.243015402330930073e-03,-7.485578539514137035e-03,-7.721342452964712576e-03,-7.949483600566374653e-03,-8.169186631256340758e-03,-8.379647154957828303e-03,-8.580074766938105071e-03,-8.769696329651150563e-03,-8.947759507595576256e-03,-9.113536538831764136e-03,-9.266328221482147617e-03,-9.405468082235643804e-03,-9.530326688468707813e-03,-9.640316055706966286e-03,-9.734894098939499835e-03,-9.813569068299620585e-03,-9.875903907332643158e-03,-9.921520468752997868e-03,-9.950103521274096877e-03,-9.961404480260917932e-03,-9.955244797680340429e-03,-9.931518948158031546e-03,-9.890196952614404430e-03,-9.831326385443232493e-03,-9.755033818141965393e-03,-9.661525659047770151e-03,-9.551088356854175662e-03,-9.424087944104366996e-03,-9.280968906887586412e-03,-9.122252375150519121e-03,-8.948533638587491748e-03,-8.760479002419005803e-03,-8.558822006436078017e-03,-8.344359040800303218e-03,-8.117944397383234159e-03,-7.880484808544908210e-03,-7.632933526352546350e-03,-7.376284005345620960e-03,-7.111563254862355611e-03,-6.839824932389792535e-03,-6.562142250516710650e-03,-6.279600773267607697e-03,-5.993291177436208504e-03,-5.704302054104968406e-03,-5.413712824124646342e-03,-5.122586838015722073e-03,-4.831964728354057846e-03,-4.542858077007663579e-03,-4.256243455118883384e-03,-3.973056887547480806e-03,-3.694188787354559748e-03,-3.420479398634535678e-03,-3.152714779225984990e-03
nan,-1.328329061656035824e-07,-1.068352007408745790e-06,-3.621467909261102486e-06,-8.613396924670500105e-06,-1.686379058658906796e-05,-2.918282560444362213e-05,-4.636337313366666117e-05,-6.917336302681188222e-05,-9.834845272591879344e-05,-1.345851029233736539e-04,-1.785341517736964434e-04,-2.307949686177116324e-04,-2.919102549345572312e-04,-3.623615467320945565e-04,-4.425654577058946854e-04,-5.328706885555530275e-04,-6.335558114511761650e-04,-7.448278259749683151e-04,-8.668214675610761604e-04,-9.995992372199371569e-04,-1.143152109561586076e-03,-1.297400866226979454e-03,-1.462197992386749098e-03,-1.637330068381922729e-03,-1.822520582741151774e-03,-2.017433090857834611e-03,-2.221674641460634481e-03,-2.434799395018539224e-03,-2.656312360910335121e-03,-2.885673183820919047e-03,-3.122299916620020592e-03,-3.365572723784640997e-03,-3.614837468689182168e-03,-3.869409145248125896e-03,-4.128575126553073356e-03,-4.391598211211507514e-03,-4.657719459437641846e-03,-4.926160819263542164e-03,-5.196127553689019150e-03,-5.466810487736587128e-03,-5.737388100968100584e-03,-6.007028498406936576e-03,-6.274891296990207055e-03,-6.540129469442189543e-03,-6.801891187752051766e-03,-7.059321710577654355e-03,-7.311565357452810311e-03,-7.557767610594653789e-03,-7.797077379996737549e-03,-8.028649465057088874e-03,-8.251647236891330311e-03,-8.465245560981358303e-03,-8.668633969989654811e-03,-8.861020088880670886e-03,-9.041633307040521789e-03,-9.209728680149869076e-03,-9.364591039348231505e-03,-9.505539273891333574e-03,-9.631930748170092205e-03,-9.743165804079578773e-03,-9.838692296577107935e-03,-9.918010102300419545e-03,-9.980675538885822734e-03,-1.002630562939315836e-02,-1.005458214496201749e-02,-1.006525535809704545e-02,-1.005814744179821078e-02,-1.003315545116692693e-02,-9.990253828915926504e-03,-9.929496380770881300e-03,-9.851017673878465289e-03,-9.755033818142020904e-03,-9.641842598589011118e-03,-9.511822935499075413e-03,-9.365433659197343677e-03,-9.203211594687553745e-03,-9.025768961999310058e-03,-8.833790107552488835e-03,-8.628027591009017686e-03,-8.409297662305631818e-03,-8.178475168841275317e-03,-7.936487946121307049e-03,-7.684310746123939294e-03,-7.422958767922288592e-03,-7.153480857936493804e-03,-6.876952452694101367e-03,-6.594468337975415914e-03,-6.307135301490011947e-03,-6.016064755928838409e-03,-5.722365408772864606e-03,-5.427136053727824212e-03,-5.131458555252169963e-03,-4.836391095127469050e-03,-4.542961744213415594e-03,-4.252162417927842809e-03,-3.964943267681899502e-03,-3.682207554234956815e-03,-3.404807041509351224e-03,-3.133537942516517131e-03
nan,-1.306831354920371969e-07,-1.051915686110627989e-06,-3.568603830400799622e-06,-8.494339425278001619e-06,-1.664355234392300991e-05,-2.882358469998580418e-05,-4.582680766016601929e-05,-6.842289882227396377e-05,-9.735139255160992129e-05,-1.333146084858545218e-04,-1.769710533825908250e-04,-2.289293808577071371e-04,-2.897429804870773305e-04,-3.599052543078158444e-04,-4.398456239075329652e-04,-5.299262972634334948e-04,-6.304398080458484396e-04,-7.416073272264156989e-04,-8.635777313480033461e-04,-9.964273993354948265e-04,-1.140160697661161569e-03,-1.294711103487536938e-03,-1.459942905632520462e-03,-1.635653417285129994e-03,-1.821575628237445980e-03,-2.017381222084451038e-03,-2.222683881410580410e-03,-2.437042805638271314e-03,-2.659966368634828545e-03,-2.890915846512022783e-03,-3.129309152620976444e-03,-3.374524523297831122e-03,-3.625904107011374260e-03,-3.882757416531493894e-03,-4.144364615770930980e-03,-4.409979620902743785e-03,-4.678833006592601762e-03,-4.950134716468340516e-03,-5.223076587329730965e-03,-5.496834704747239654e-03,-5.770571614259256688e-03,-6.043438419796666981e-03,-6.314576805135595911e-03,-6.583121019001865991e-03,-6.848199864744894741e-03,-7.108938737694904704e-03,-7.364461751908323896e-03,-7.613893995959239609e-03,-7.856363952360801220e-03,-8.091006112817853563e-03,-8.316963812421892047e-03,-8.533392301459006082e-03,-8.739462063698192479e-03,-8.934362382354359491e-03,-9.117305147548014632e-03,-9.287528887103503258e-03,-9.444302997414400977e-03,-9.586932139740173692e-03,-9.714760762042170053e-03,-9.827177696601515494e-03,-9.923620780575244382e-03,-1.000358143871537403e-02,-1.006660916530751834e-02,-1.011231583924049673e-02,-1.014037980487510898e-02,-1.015054965076072312e-02,-1.014264762115950867e-02,-1.011657259683443680e-02,-1.007230258648587895e-02,-1.000989667484933864e-02,-9.929496380770957628e-03,-9.831326385443366067e-03,-9.715694599324980682e-03,-9.582991544990685298e-03,-9.433689043476163952e-03,-9.268338200031188759e-03,-9.087566696036782077e-03,-8.892075403349441673e-03,-8.682634346597235125e-03,-8.460078049281534798e-03,-8.225300304802864865e-03,-7.979248427062671234e-03,-7.722917036119004638e-03,-7.457341444800082327e-03,-7.183590714952338765e-03,-6.902760457558614234e-03,-6.615965451841858760e-03,-6.324332161811485435e-03,-6.028991228265695446e-03,-5.731070013771565920e-03,-5.431685276536635069e-03,-5.131936045598005543e-03,-4.832896767120923795e-03,-4.535610785687310166e-03,-4.241084219727703913e-03,-3.950280283814911267e-03,-3.664114104147739477e-03,-3.383448065983367479e-03,-3.109087724783007010e-03
nan,-1.282024291664950393e-07,-1.032822231041351672e-06,-3.506747798527981667e-06,-8.353930694589710616e-06,-1.638158003448764554e-05,-2.839224023021061079e-05,-4.517587439408889339e-05,-6.750207345276718930e-05,-9.611250587105769384e-05,-1.317137160630517259e-04,-1.749703698554182511e-04,-2.264990349542767381e-04,-2.868625714818608900e-04,-3.565651943038528320e-04,-4.360482540774537072e-04,-5.256867698635518497e-04,-6.257867296749092820e-04,-7.365831622763238532e-04,-8.582389679166828843e-04,-9.908444829779133618e-04,-1.134417741192448757e-03,-1.288905383626627339e-03,-1.454184159543763693e-03,-1.630062954029961849e-03,-1.816285271797967327e-03,-2.012532103921272231e-03,-2.218425101546392820e-03,-2.433529981944878955e-03,-2.657360094424364265e-03,-2.889380076666632664e-03,-3.129009538401542837e-03,-3.375626715624856309e-03,-3.628572047489833727e-03,-3.887151634773193792e-03,-4.150640550713632394e-03,-4.418285982847702624e-03,-4.689310195585386781e-03,-4.962913311504505570e-03,-5.238275919640326267e-03,-5.514561527176616018e-03,-5.790918877463769980e-03,-6.066484164726122959e-03,-6.340383179972923500e-03,-6.611733427492843054e-03,-6.879646251599549900e-03,-7.143229015538772597e-03,-7.401587373085030154e-03,-7.653827671336861302e-03,-7.899059518177221559e-03,-8.136398545530623694e-03,-8.364969390467604307e-03,-8.583908911820876952e-03,-8.792369650194151523e-03,-8.989523531585722621e-03,-9.174565807555724525e-03,-9.346719212846665500e-03,-9.505238316356736869e-03,-9.649414029978624005e-03,-9.778578234639016126e-03,-9.892108473028241727e-03,-9.989432655487648013e-03,-1.007003371763206222e-02,-1.013345416618039938e-02,-1.017930044641287939e-02,-1.020724706347031670e-02,-1.021704038919956335e-02,-1.020850208925195950e-02,-1.018153210671944413e-02,-1.013611114365100228e-02,-1.007230258648586507e-02,-9.990253828915994158e-03,-9.890196952614527595e-03,-9.772448734758706554e-03,-9.637409960097421263e-03,-9.485564025758857001e-03,-9.317474835428213656e-03,-9.133783990496097821e-03,-8.935207295362769531e-03,-8.722530603433658117e-03,-8.496605040770944736e-03,-8.258341649613412314e-03,-8.008705507706362706e-03,-7.748709380075006516e-03,-7.479406970452122383e-03,-7.201885842275775919e-03,-6.917260084784809977e-03,-6.626662800502166467e-03,-6.331238493810562203e-03,-6.032135439740782951e-03,-5.730498111576215817e-03,-5.427459744175721842e-03,-5.124135106349256806e-03,-4.821613552873075213e-03,-4.520952420723334600e-03,-4.223170829259192613e-03,-3.929243937533210586e-03,-3.640097705399472899e-03,-3.356604197381008250e-03,-3.079577461166892877e-03
nan,-1.254090162334513726e-07,-1.011213181956836381e-06,-3.436362660779442585e-06,-8.193231916990548189e-06,-1.607987490008707328e-05,-2.789212532640172561e-05,-4.441566570528637445e-05,-6.641818699120981555e-05,-9.464175602945600313e-05,-1.297955015099088642e-04,-1.725487197674003192e-04,-2.235244915815910900e-04,-2.832938884540279578e-04,-3.523708336065980995e-04,-4.312076682357380317e-04,-5.201914594349446586e-04,-6.196410697295815775e-04,-7.298049949558986157e-04,-8.508599614563304913e-04,-9.829102606763327667e-04,-1.125987786673545051e-03,-1.280052731355756394e-03,-1.444994881899684365e-03,-1.620635458276070348e-03,-1.806729422053783823e-03,-2.002968184658433879e-03,-2.208982640298538976e-03,-2.424346449753330031e-03,-2.648579503116703111e-03,-2.881151492357884696e-03,-3.121485530671937181e-03,-3.368961761639474323e-03,-3.622920909957182915e-03,-3.882667732071877747e-03,-4.147474336800877071e-03,-4.416583353717916903e-03,-4.689210938070093038e-03,-4.964549609170037722e-03,-5.241770929409035606e-03,-5.520028039136194893e-03,-5.798458069116592915e-03,-6.076184459719043314e-03,-6.352319220106612124e-03,-6.625965165597694564e-03,-6.896218171637665852e-03,-7.162169485099973559e-03,-7.422908132271476521e-03,-7.677523460878560475e-03,-7.925107848495210536e-03,-8.164759607379659320e-03,-8.395586106714987562e-03,-8.616707128891695419e-03,-8.827258466708514870e-03,-9.026395760723088246e-03,-9.213298568769073479e-03,-9.387174647603593880e-03,-9.547264421740643894e-03,-9.692845603122808920e-03,-9.823237920185254671e-03,-9.937807905045356258e-03,-1.003597368459410201e-02,-1.011720971342156515e-02,-1.018105138446886299e-02,-1.022709945033593339e-02,-1.025502418701445748e-02,-1.026456923141048569e-02,-1.025555502711517249e-02,-1.022788181454025586e-02,-1.018153210671944413e-02,-1.011657259683442292e-02,-1.003315545116699632e-02,-9.931518948158158180e-03,-9.811987432892545907e-03,-9.674970565240517337e-03,-9.520961850458309339e-03,-9.350536449560941862e-03,-9.164348277874599311e-03,-8.963126409832303590e-03,-8.747670817509815844e-03,-8.518847480922426413e-03,-8.277582913331705747e-03,-8.024858158728196550e-03,-7.761702319215152239e-03,-7.489185680741267809e-03,-7.208412508267774202e-03,-6.920513587118105533e-03,-6.626638587904981441e-03,-6.327948335917325112e-03,-6.025607065126730062e-03,-5.720774736434969948e-03,-5.414599497992311425e-03,-5.108210361774658155e-03,-4.802710167749853036e-03,-4.499168900866953522e-03,-4.198617421139298755e-03,-3.902041660428077000e-03,-3.610377332915517320e-03,-3.324505198416467452e-03,-3.045246910496506899e-03
nan,-1.223231660228365868e-07,-9.872464021353796089e-07,-3.357966309011338750e-06,-8.013434520857276198e-06,-1.574069187739519422e-05,-2.732700991461234851e-05,-4.355196442236814830e-05,-6.517956452822193305e-05,-9.295055649382320036e-05,-1.275750153320460414e-04,-1.697253283241462640e-04,-2.200296645728524818e-04,-2.790660122795228992e-04,-3.473568523321999895e-04,-4.253645221856432114e-04,-5.134873098823748315e-04,-6.120563016249343756e-04,-7.213329929674274507e-04,-8.415076578403090464e-04,-9.726984565695894576e-04,-1.114951251264128303e-03,-1.268240086034753229e-03,-1.432468278889736935e-03,-1.607470065349102814e-03,-1.793012726803503310e-03,-1.988799133329288444e-03,-2.194470627465401700e-03,-2.409610176118238446e-03,-2.633745719411262169e-03,-2.866353647787988485e-03,-3.106862344561695313e-03,-3.354655736900716018e-03,-3.609076806796244520e-03,-3.869431019929790889e-03,-4.134989641949458374e-03,-4.404992919224335474e-03,-4.678653111990365397e-03,-4.955157375910571732e-03,-5.233670498166304377e-03,-5.513337502251506109e-03,-5.793286142047677362e-03,-6.072629313181156750e-03,-6.350467413746550306e-03,-6.625890691390832338e-03,-6.897981614000477275e-03,-7.165817303538311346e-03,-7.428472071221647703e-03,-7.685020090250114545e-03,-7.934538237297261362e-03,-8.176109131719459105e-03,-8.408824392374029608e-03,-8.631788127644644468e-03,-8.844120664533838133e-03,-9.044962515051232707e-03,-9.233478570988454259e-03,-9.408862506091094854e-03,-9.570341359829953598e-03,-9.717180265559562796e-03,-9.848687280833280308e-03,-9.964218267853267724e-03,-1.006318176914184660e-02,-1.014504381572715885e-02,-1.020933260316082142e-02,-1.025564296781501794e-02,-1.028364059479038722e-02,-1.029306588846721007e-02,-1.028373743991526160e-02,-1.025555502711520371e-02,-1.020850208925199593e-02,-1.014264762115952428e-02,-1.005814744179831313e-02,-9.955244797680498289e-03,-9.834270270932012059e-03,-9.695640970683760962e-03,-9.539858997165555007e-03,-9.367509176468228477e-03,-9.179256075142817536e-03,-8.975840313531317782e-03,-8.758074206232622366e-03,-8.526836768719908352e-03,-8.283068134332537483e-03,-8.027763439960410377e-03,-7.761966239168271477e-03,-7.486761512368430432e-03,-7.203268346221406229e-03,-6.912632360155161054e-03,-6.616017958426756440e-03,-6.314600489711347069e-03,-6.009558395344585108e-03,-5.702065426788705156e-03,-5.393283011014234248e-03,-5.084352838779853181e-03,-4.776389747829010331e-03,-4.470474966845514563e-03,-4.167649780937968639e-03,-3.868909672656047419e-03,-3.575198985821461707e-03,-3.287406151492879534e-03,-3.006359508122385428e-03
nan,-1.189669863621997963e-07,-9.610945009013069578e-07,-3.272126485682619425e-06,-7.815848184148415493e-06,-1.536651680759117632e-05,-2.670106245668301117e-05,-4.259118489274119914e-05,-6.379547093677593954e-05,-9.105165344193248689e-05,-1.250691270855308244e-04,-1.665218275535848634e-04,-2.160415710018762211e-04,-2.742119384735875322e-04,-3.415627770035202342e-04,-4.185653746595727632e-04,-5.056283526545088305e-04,-6.030943012784135493e-04,-7.112371729565805699e-04,-8.302604298189978672e-04,-9.602959299756464112e-04,-1.101403523720202119e-03,-1.253571319784841168e-03,-1.416716570922275757e-03,-1.590687121035126933e-03,-1.775263348814910130e-03,-1.970160539240435604e-03,-2.175031610852219948e-03,-2.389470127073107554e-03,-2.613013521255378238e-03,-2.845146467361967055e-03,-3.085304333848462848e-03,-3.332876663860739191e-03,-3.587210633233826017e-03,-3.847614443946779580e-03,-4.113360622112690289e-03,-4.383689197001917025e-03,-4.657810748288104298e-03,-4.934909316736636395e-03,-5.214145183529834450e-03,-5.494657531421268983e-03,-5.775567007245201515e-03,-6.055978212702348845e-03,-6.334982154375287146e-03,-6.611658688839906414e-03,-6.885078998954754191e-03,-7.154308139728715425e-03,-7.418407690812596489e-03,-7.676438550685779801e-03,-7.927463902630637813e-03,-8.170552380353059141e-03,-8.404781452056741056e-03,-8.629241037521703794e-03,-8.843037363025394240e-03,-9.045297051325578222e-03,-9.235171436863200481e-03,-9.411841084240098187e-03,-9.574520483316389940e-03,-9.722462882852870095e-03,-9.854965219684140923e-03,-9.971373090652430396e-03,-1.007108571170416481e-02,-1.015356080081341282e-02,-1.021831931948445973e-02,-1.026495000480926768e-02,-1.029311362298468771e-02,-1.030254687499894059e-02,-1.029306588846713201e-02,-1.026456923141043712e-02,-1.021704038919951651e-02,-1.015054965076066414e-02,-1.006525535809707668e-02,-9.961404480261006403e-03,-9.839332481817869569e-03,-9.699462464928426328e-03,-9.542303574961469304e-03,-9.368448668215619696e-03,-9.178571251633080644e-03,-8.973421714177812897e-03,-8.753822879129019227e-03,-8.520664917235352617e-03,-8.274899665859144354e-03,-8.017534413501659768e-03,-7.749625209404247851e-03,-7.472269768911392156e-03,-7.186600047787714343e-03,-6.893774564437591366e-03,-6.594970549398866157e-03,-6.291376005116155329e-03,-5.984181758008209895e-03,-5.674573584273511113e-03,-5.363724488918331437e-03,-5.052787213720434135e-03,-4.742887046776414657e-03,-4.435115000033258877e-03,-4.130521416029589964e-03,-3.830110058210950234e-03,-3.534832732369131824e-03,-3.245584478677649744e-03,-2.963199366461462866e-03
nan,-1.153642016683707637e-07,-9.329430971810172400e-07,-3.179455057719350069e-06,-7.601887589065272136e-06,-1.496004122345666093e-05,-2.601880754330886523e-05,-4.154030752098504802e-05,-6.227601600606718366e-05,-8.895899479694117733e-05,-1.222963514141636200e-04,-1.629620323815817123e-04,-2.115900503976269882e-04,-2.687682328333997625e-04,-3.350325662135877078e-04,-4.108621970046871514e-04,-4.966751349560014767e-04,-5.928246889385169541e-04,-6.995966517043771243e-04,-8.172072340367221013e-04,-9.458017354558748233e-04,-1.085453925521991624e-03,-1.236166098511006992e-03,-1.397869753195319200e-03,-1.570426842173666725e-03,-1.753631527719727579e-03,-1.947212377228504107e-03,-2.150834927696520203e-03,-2.364104548734157190e-03,-2.586569534788198902e-03,-2.817724359227212830e-03,-3.057013028378751524e-03,-3.303832478913506111e-03,-3.557535970152678369e-03,-3.817436428844074407e-03,-4.082809715200741256e-03,-4.352897786269518780e-03,-4.626911743226529844e-03,-4.904034757137613713e-03,-5.183424877566545318e-03,-5.464217736342022458e-03,-5.745529165046654382e-03,-6.026457752142792314e-03,-6.306087369622812543e-03,-6.583489703973570070e-03,-6.857726826419617387e-03,-7.127853839732009589e-03,-7.392921637526091161e-03,-7.651979809999711994e-03,-7.904079725095316741e-03,-8.148277811854242464e-03,-8.383639063691671750e-03,-8.609240775094707809e-03,-8.824176515561461126e-03,-9.027560336991301629e-03,-9.218531203750358893e-03,-9.396257622516106245e-03,-9.559942444390194874e-03,-9.708827800349529441e-03,-9.842200126244570954e-03,-9.959395223837668246e-03,-1.005980330160997048e-02,-1.014287393138635536e-02,-1.020812085497925861e-02,-1.025512657236899230e-02,-1.028354664191324409e-02,-1.029311362298479526e-02,-1.028364059479040978e-02,-1.025502418701451472e-02,-1.020724706347037394e-02,-1.014037980487514888e-02,-1.005458214496214239e-02,-9.950103521274282492e-03,-9.827282911009548733e-03,-9.686547931451294779e-03,-9.528413195396870025e-03,-9.353477920735852810e-03,-9.162422804722153424e-03,-8.956006183333685769e-03,-8.735059505753230841e-03,-8.500482164773618537e-03,-8.253235729089428846e-03,-7.994337637854375886e-03,-7.724854418065908897e-03,-7.445894496451445702e-03,-7.158600679972960956e-03,-6.864142384866107893e-03,-6.563707694445787555e-03,-6.258495329616496627e-03,-5.949706614906625536e-03,-5.638537522264961202e-03,-5.326170872820919569e-03,-5.013768772984239161e-03,-4.702465358098573654e-03,-4.393359910554509723e-03,-4.087510413996606022e-03,-3.785927598312994764e-03,-3.489569523196374770e-03,-3.199336739882336928e-03,-2.916068063274260790e-03
nan,-1.115399142273890228e-07,-9.029889480144819441e-07,-3.080601835226287158e-06,-7.373058101507734552e-06,-1.452413504647388175e-05,-2.528507989690384714e-05,-4.040680764567817910e-05,-6.063205119131784548e-05,-8.668758743064579851e-05,-1.192766580167253104e-04,-1.590716955485708831e-04,-2.067074568097546940e-04,-2.627746529984131699e-04,-3.278141542968994243e-04,-4.023118319658873271e-04,-4.866940871311635844e-04,-5.813240992387781443e-04,-6.864988135820513510e-04,-8.024466713468155496e-04,-9.293260722334838013e-04,-1.067224546465001152e-03,-1.216158601590509999e-03,-1.376074198279866835e-03,-1.546847801810461191e-03,-1.728287948280922762e-03,-1.920137260439615332e-03,-2.122074844181751681e-03,-2.333718996556771817e-03,-2.554630157089042737e-03,-2.784314035949283887e-03,-3.022224857732640126e-03,-3.267768664669562766e-03,-3.520306631086335489e-03,-3.779158346703679131e-03,-4.043605037426527618e-03,-4.312892699403231105e-03,-4.586235132491780705e-03,-4.862816867113511909e-03,-5.141795988180007659e-03,-5.422306867624820080e-03,-5.703462823233733207e-03,-5.984358728761156841e-03,-6.264073604224460606e-03,-6.541673220146119669e-03,-6.816212749640530519e-03,-7.086739504556851914e-03,-7.352295790509386260e-03,-7.611921913651045236e-03,-7.864659367082606906e-03,-8.109554222587654626e-03,-8.345660744354266997e-03,-8.572045237143778931e-03,-8.787790131711671268e-03,-8.991998302688528066e-03,-9.183797607215915190e-03,-9.362345620501132462e-03,-9.526834539931540100e-03,-9.676496217977004211e-03,-9.810607279324857349e-03,-9.928494268019984192e-03,-1.002953876768074119e-02,-1.011318243024500463e-02,-1.017893184691382596e-02,-1.022636319236977336e-02,-1.025512657236887781e-02,-1.026495000480926768e-02,-1.025564296781493641e-02,-1.022709945033588655e-02,-1.017930044641283081e-02,-1.011231583924043602e-02,-1.002630562939318612e-02,-9.921520468753088073e-03,-9.798301470816226863e-03,-9.657079277288890470e-03,-9.498372371847677367e-03,-9.322784640743615042e-03,-9.131002191400450219e-03,-8.923789450060703662e-03,-8.701984569227020835e-03,-8.466494186483227921e-03,-8.218287581411546847e-03,-7.958390291882793191e-03,-7.687877251061341934e-03,-7.407865517692460537e-03,-7.119506674619826420e-03,-6.823978976320171051e-03,-6.522479326454634456e-03,-6.216215170214214880e-03,-5.906396384994193165e-03,-5.594227252344881329e-03,-5.280898592037505841e-03,-4.967580135211108021e-03,-4.655413210314374162e-03,-4.345503809195822888e-03,-4.038916095336844356e-03,-3.736666409200531131e-03,-3.439717818693673740e-03,-3.148975254461666186e-03,-2.865281262286217389e-03
nan,-1.075203514170373618e-07,-8.714379648448195438e-07,-2.976248011925459063e-06,-7.130940555440753206e-06,-1.406181754005122377e-05,-2.450497537108098199e-05,-3.919857966702889511e-05,-5.887505931061496689e-05,-8.425334438498635658e-05,-1.160312680168806490e-04,-1.548782445705091390e-04,-2.014283277678771808e-04,-2.562737409190553339e-04,-3.199589590536695578e-04,-3.929754087688403343e-04,-4.757568376778767471e-04,-5.686753892841624539e-04,-6.720384055097646751e-04,-7.860859631770774356e-04,-9.109891372983345550e-04,-1.046848970685693462e-03,-1.193696117887591349e-03,-1.351491120103492059e-03,-1.520125260054047299e-03,-1.699421937951123675e-03,-1.889138505332363686e-03,-2.088968489519620227e-03,-2.298544140992384022e-03,-2.517439236723345141e-03,-2.745172074031603914e-03,-2.981208594515379583e-03,-3.224965582468184572e-03,-3.475813889982665595e-03,-3.733081646523635482e-03,-3.996057421626502716e-03,-4.263993316351651248e-03,-4.536107969307073134e-03,-4.811589470787794830e-03,-5.089598188137467276e-03,-5.369269513189354158e-03,-5.649716548707816102e-03,-5.930032757973688166e-03,-6.209294605483933575e-03,-6.486564221577574216e-03,-6.760892123871179923e-03,-7.031320030684075698e-03,-7.296883800228391899e-03,-7.556616527353605603e-03,-7.809551824672097617e-03,-8.054727312694987332e-03,-8.291188334589909281e-03,-8.517991906991496595e-03,-8.734210908670624052e-03,-8.938938501281541021e-03,-9.131292769563923925e-03,-9.310421556241081989e-03,-9.475507462420651450e-03,-9.625772972904404062e-03,-9.760485661105282665e-03,-9.878963418646876868e-03,-9.980579652079258485e-03,-1.006476838159495527e-02,-1.013102917490222438e-02,-1.017893184691387627e-02,-1.020812085497919790e-02,-1.021831931948450484e-02,-1.020933260316078672e-02,-1.018105138446885952e-02,-1.013345416618039591e-02,-1.006660916530750099e-02,-9.980675538885895592e-03,-9.875903907332774997e-03,-9.752636146338623802e-03,-9.611304427550933227e-03,-9.452429499343125915e-03,-9.276618207830954199e-03,-9.084560269833443988e-03,-8.877024319426985582e-03,-8.654853259480926875e-03,-8.418958960459028973e-03,-8.170316353874296569e-03,-7.909956982475296536e-03,-7.638962069194458332e-03,-7.358455178218029601e-03,-7.069594543857370822e-03,-6.773565148776395338e-03,-6.471570633244501380e-03,-6.164825120931458069e-03,-5.854545045400873227e-03,-5.541941060868219200e-03,-5.228210118615110417e-03,-4.914527786538564445e-03,-4.602040885978041750e-03,-4.291860513560803898e-03,-3.985055510367736288e-03,-3.682646433634654583e-03,-3.385600079162757840e-03,-3.094824594250267409e-03,-2.811165213464359488e-03
nan,-1.033326021096166795e-07,-8.385031431576283484e-07,-2.867099312167566923e-06,-6.877175339511419432e-06,-1.357622689652206524e-05,-2.368379958532273037e-05,-3.792385741639416009e-05,-5.701703863301636174e-05,-8.167292411697082608e-05,-1.125824394148613772e-04,-1.504105042136030985e-04,-1.957890345122758279e-04,-2.493103916373064438e-04,-3.115213600721338265e-04,-3.829177223020075729e-04,-4.639394850518669625e-04,-5.549667953922384541e-04,-6.563165715974475381e-04,-7.682398577650330351e-04,-8.909198977346124504e-04,-1.024470910441225430e-03,-1.168937537252129604e-03,-1.324294920374646019e-03,-1.490449363592402090e-03,-1.667239518616137279e-03,-1.854438035746610236e-03,-2.051753613391411359e-03,-2.258833380272804153e-03,-2.475265544728554295e-03,-2.700582246805373864e-03,-2.934262553645678329e-03,-3.175735543291282464e-03,-3.424383429638347930e-03,-3.679544686665696829e-03,-3.940517140737577126e-03,-4.206561006604272838e-03,-4.476901852721528081e-03,-4.750733489131818421e-03,-5.027220780550450442e-03,-5.305502394946497516e-03,-5.584693503866583822e-03,-5.863888457886789508e-03,-6.142163464319996477e-03,-6.418579299098426359e-03,-6.692184084760284188e-03,-6.962016168738095236e-03,-7.227107134708592347e-03,-7.486484977762886996e-03,-7.739177469187996476e-03,-7.984215734451622151e-03,-8.220638058977087700e-03,-8.447493932127755553e-03,-8.663848330228662159e-03,-8.868786231875439019e-03,-9.061417352007310883e-03,-9.240881069086740937e-03,-9.406351515377759862e-03,-9.557042788933736016e-03,-9.692214241271156910e-03,-9.811175785135314506e-03,-9.913293164182761241e-03,-9.997993118923024364e-03,-1.006476838159525884e-02,-1.011318243024535331e-02,-1.014287393138658781e-02,-1.015356080081375630e-02,-1.014504381572740518e-02,-1.011720971342184444e-02,-1.007003371763233630e-02,-1.000358143871562557e-02,-9.918010102300757816e-03,-9.813569068300012632e-03,-9.690599611497350413e-03,-9.549533944287693851e-03,-9.390893473235384023e-03,-9.215286290047981776e-03,-9.023403909147043392e-03,-8.816017274011571023e-03,-8.593972064246195239e-03,-8.358183346272682335e-03,-8.109629615615836229e-03,-7.849346293561102611e-03,-7.578418740807057151e-03,-7.297974862157463952e-03,-7.009177378559807749e-03,-6.713215848704590788e-03,-6.411298522420908787e-03,-6.104644112018550901e-03,-5.794473566255645310e-03,-5.482001931021124146e-03,-5.168430378587243919e-03,-4.854938483342236509e-03,-4.542676818500033208e-03,-4.232759941850503839e-03,-3.926259833104484356e-03,-3.624199838246006285e-03,-3.327549169206996463e-03,-3.037217998746055084e-03,-2.754053182886779302e-03
nan,-9.900434614290654375e-08,-8.044024343615085978e-07,-2.753878938422842711e-06,-6.613446002139014915e-06,-1.307058886930857920e-05,-2.282701488796692754e-05,-3.659113184089921663e-05,-5.507038291939898812e-05,-7.896356393275377533e-05,-1.089532445127514482e-04,-1.456984082263937559e-04,-1.898274182189587018e-04,-2.419314042091627484e-04,-3.025581547119363763e-04,-3.722065848163185614e-04,-4.513218361533044435e-04,-5.402910499657457687e-04,-6.394398406328023017e-04,-7.490294812114775807e-04,-8.692547990886067763e-04,-1.000242766404129758e-03,-1.142051758270478355e-03,-1.294671440275399314e-03,-1.458023238797129771e-03,-1.631961339578868846e-03,-1.816274155237308568e-03,-2.010686198095453479e-03,-2.214860293809573378e-03,-2.428400071648976078e-03,-2.650852668390466221e-03,-2.881711587393333968e-03,-3.120419658834059935e-03,-3.366372054503504862e-03,-3.618919315772654941e-03,-3.877370363812141212e-03,-4.140995467820147817e-03,-4.409029156821303412e-03,-4.680673068099978559e-03,-4.955098734567122201e-03,-5.231450320891549780e-03,-5.508847324071718121e-03,-5.786387261163709189e-03,-6.063148370530642602e-03,-6.338192357710084081e-03,-6.610567216936846444e-03,-6.879310161589186935e-03,-7.143450695348376074e-03,-7.402013853839794696e-03,-7.654023641546730920e-03,-7.898506686580481287e-03,-8.134496126899041363e-03,-8.361035737406768628e-03,-8.577184297810919872e-03,-8.782020193542313877e-03,-8.974646235340569267e-03,-9.154194670978535800e-03,-9.319832358329770486e-03,-9.470766057627080445e-03,-9.606247796197358094e-03,-9.725580249444585809e-03,-9.828122079329383240e-03,-9.913293164182448991e-03,-9.980579652079256750e-03,-1.002953876768079150e-02,-1.005980330160990630e-02,-1.007108571170421164e-02,-1.006318176914179977e-02,-1.003597368459409334e-02,-9.989432655487646279e-03,-9.923620780575223566e-03,-9.838692296577177324e-03,-9.734894098939633408e-03,-9.612565518160203978e-03,-9.472137332538070262e-03,-9.314130009346541228e-03,-9.139151175407650082e-03,-8.947892329670640438e-03,-8.741124820425993924e-03,-8.519695119590064286e-03,-8.284519437483841425e-03,-8.036577726568154209e-03,-7.776907137505567266e-03,-7.506594990663473244e-03,-7.226771337676060614e-03,-6.938601189889560643e-03,-6.643276496450259416e-03,-6.342007954728906376e-03,-6.036016739754180606e-03,-5.726526237752725505e-03,-5.414753868307874834e-03,-5.101903077361972377e-03,-4.789155579317769772e-03,-4.477663923011432692e-03,-4.168544449875657282e-03,-3.862870707040700746e-03,-3.561667370935626530e-03,-3.265904729810064841e-03,-2.976493765102877082e-03,-2.694281864035794494e-03
nan,-9.456357959035669261e-08,-7.693565846147022370e-07,-2.637320404730919173e-06,-6.341462578081273410e-06,-1.254818484372645162e-05,-2.194018631874948116e-05,-3.520906705186173803e-05,-5.304775895231854865e-05,-7.614290975318283884e-05,-1.051673421865539448e-04,-1.407727040624048669e-04,-1.835824169438369374e-04,-2.341850206172317529e-04,-2.931279988509473888e-04,-3.609121586264371975e-04,-4.379866214840636655e-04,-5.247444701059253815e-04,-6.215190797559765187e-04,-7.285811485223795715e-04,-8.461364268679792688e-04,-9.743241335647609674e-04,-1.113216033431628981e-03,-1.262816140713134009e-03,-1.423061003877909049e-03,-1.593820519451123307e-03,-1.774899217565623424e-03,-1.966037957525453364e-03,-2.166915970560994581e-03,-2.377153187183877678e-03,-2.596312787475661427e-03,-2.823903917060086727e-03,-3.059384515723410653e-03,-3.302164212886518103e-03,-3.551607249157912212e-03,-3.807035393472182633e-03,-4.067730831835341364e-03,-4.332939013312068523e-03,-4.601871446263268960e-03,-4.873708446906978471e-03,-5.147601849682712123e-03,-5.422677694625204457e-03,-5.698038913883462717e-03,-5.972768043071200079e-03,-6.245929987793540430e-03,-6.516574875561765255e-03,-6.783741025490752120e-03,-7.046458066648875890e-03,-7.303750233882170054e-03,-7.554639864944592657e-03,-7.798151120543869719e-03,-8.033313939935940104e-03,-8.259168240543700301e-03,-8.474768360556632005e-03,-8.679187735907966175e-03,-8.871523796383843502e-03,-9.050903053507988738e-03,-9.216486348650597404e-03,-9.367474218485776979e-03,-9.503112330428485979e-03,-9.622696931230256129e-03,-9.725580249444414072e-03,-9.811175785134835722e-03,-9.878963418646701661e-03,-9.928494268019867966e-03,-9.959395223837435793e-03,-9.971373090652308965e-03,-9.964218267853063027e-03,-9.937807905045194928e-03,-9.892108473028076929e-03,-9.827177696601342022e-03,-9.743165804079493772e-03,-9.640316055706948939e-03,-9.518964522633585265e-03,-9.379539097558479629e-03,-9.222557729324207948e-03,-9.048625882772437859e-03,-8.858433236816591269e-03,-8.652749643745419328e-03,-8.432420382592186597e-03,-8.198360750424311255e-03,-7.951550040411863030e-03,-7.693024970526455772e-03,-7.423872626371276658e-03,-7.145222993215821772e-03,-6.858241154462435193e-03,-6.564119239730349491e-03,-6.264068205595638844e-03,-5.959309536065925464e-03,-5.651066948197023231e-03,-5.340558187681298044e-03,-5.028986996904003838e-03,-4.717535333978354652e-03,-4.407355917724951541e-03,-4.099565167097810742e-03,-3.795236597936554879e-03,-3.495394732706881471e-03,-3.201009571715492542e-03,-2.912991665744507023e-03,-2.632187822490423667e-03
nan,-9.003834039871931063e-08,-7.335869729331914651e-07,-2.518160359372313090e-06,-6.062944872147577006e-06,-1.201231979253209505e-05,-2.102892732010686120e-05,-3.378641589466253143e-05,-5.096198323692861820e-05,-7.322884454179221024e-05,-1.012487481159543345e-04,-1.356646546196202505e-04,-1.770936883654498125e-04,-2.261204589443266714e-04,-2.832908399946246995e-04,-3.491062788746135750e-04,-4.240186976272831087e-04,-5.084260303312702380e-04,-6.026684285132096136e-04,-7.070251507647414176e-04,-8.217121393269779563e-04,-9.468802730094541152e-04,-1.082614274163053560e-03,-1.228932235832623900e-03,-1.385785727083761526e-03,-1.553060426279995665e-03,-1.730577227026258757e-03,-1.918093757019953506e-03,-2.115306248764826404e-03,-2.321851701188576162e-03,-2.537310271971567315e-03,-2.761207844631432401e-03,-2.993018718435915861e-03,-3.232168376275049420e-03,-3.478036290478181761e-03,-3.729958736630561468e-03,-3.987231591809268193e-03,-4.249113103073664729e-03,-4.514826619285940666e-03,-4.783563288224874747e-03,-5.054484728229296890e-03,-5.326725689208727452e-03,-5.599396724667432372e-03,-5.871586899832801840e-03,-6.142366565554136307e-03,-6.410790227426231905e-03,-6.675899541717932560e-03,-6.936726468107938526e-03,-7.192296607151354298e-03,-7.441632745394363528e-03,-7.683758628810645648e-03,-7.917702976274117524e-03,-8.142503740622374780e-03,-8.357212615386062568e-03,-8.560899777708850730e-03,-8.752658851402268098e-03,-8.931612061991681117e-03,-9.096915551485755189e-03,-9.247764809316015577e-03,-9.383400171466662124e-03,-9.503112330428697616e-03,-9.606247796197394523e-03,-9.692214241270877620e-03,-9.760485661105315625e-03,-9.810607279324938881e-03,-9.842200126244534525e-03,-9.854965219684218986e-03,-9.848687280833271634e-03,-9.823237920185278957e-03,-9.778578234639040412e-03,-9.714760762042180461e-03,-9.631930748170192819e-03,-9.530326688468876081e-03,-9.410280116406802633e-03,-9.272214619764013524e-03,-9.116644077377321700e-03,-8.944170117931389899e-03,-8.755478814037150753e-03,-8.551336634917965085e-03,-8.332585690851532223e-03,-8.100138313557573785e-03,-7.854971021686677282e-03,-7.598117935627832741e-03,-7.330663705412506469e-03,-7.053736027122973692e-03,-6.768497825315685640e-03,-6.476139184947472816e-03,-6.177869116070265273e-03,-5.874907238657968780e-03,-5.568475473169075783e-03,-5.259789821882877685e-03,-4.950052323674148172e-03,-4.640443260898063742e-03,-4.332113693458080304e-03,-4.026178388667650196e-03,-3.723709209852463925e-03,-3.425729019402232612e-03,-3.133206144782630254e-03,-2.847049447443007059e-03,-2.568104026994845034e-03
nan,-8.545643734016432024e-08,-6.973134744523666714e-07,-2.397131485580004182e-06,-5.779605910314907530e-06,-1.146629052314904079e-05,-2.009884589101926098e-05,-3.233193612384801407e-05,-4.882589946091530264e-05,-7.023931761051600180e-05,-9.722160594445292180e-05,-1.304057408618569658e-04,-1.704012332215939303e-04,-2.177874468725689988e-04,-2.731073501195550651e-04,-3.368617751711509411e-04,-4.095042474365839054e-04,-4.914364314874405471e-04,-5.830042271913314254e-04,-6.844945341635956353e-04,-7.961326893895928972e-04,-9.180805695400690155e-04,-1.050435337893031000e-03,-1.193228804201811001e-03,-1.346427357673747691e-03,-1.509932424980761157e-03,-1.683581400059193638e-03,-1.867148987921349009e-03,-2.060348903266341538e-03,-2.262835864637816573e-03,-2.474207825501451886e-03,-2.694008387684739252e-03,-2.921729346474216150e-03,-3.156813323548052566e-03,-3.398656448613080177e-03,-3.646611060476347144e-03,-3.899988404496105079e-03,-4.158061312571191374e-03,-4.420066858930337718e-03,-4.685208993688020490e-03,-4.952661163265125940e-03,-5.221568932243510902e-03,-5.491052627900745026e-03,-5.760210032004480646e-03,-6.028119148927638636e-03,-6.293841078850574179e-03,-6.556423026876836285e-03,-6.814901477252475331e-03,-7.068305559765293566e-03,-7.315660630374805178e-03,-7.555992085853758221e-03,-7.788329423282001548e-03,-8.011710551066255140e-03,-8.225186348723037208e-03,-8.427825465121321566e-03,-8.618719338361011464e-03,-8.796987408406039058e-03,-8.961782489533137719e-03,-9.112296258417735759e-03,-9.247764809315965270e-03,-9.367474218485931370e-03,-9.470766057627064832e-03,-9.557042788933402949e-03,-9.625772972904381511e-03,-9.676496217977037170e-03,-9.708827800349444440e-03,-9.722462882852897850e-03,-9.717180265559507285e-03,-9.692845603122788103e-03,-9.649414029978604923e-03,-9.586932139740137263e-03,-9.505539273891387350e-03,-9.405468082235760030e-03,-9.287044327110850067e-03,-9.150685912882712547e-03,-8.996901133432079478e-03,-8.826286139446491708e-03,-8.639521638976865175e-03,-8.437368854807933416e-03,-8.220664772015792363e-03,-7.990316720138609247e-03,-7.747296339311212678e-03,-7.492632994828081830e-03,-7.227406704077036712e-03,-6.952740651459830314e-03,-6.669793368970903559e-03,-6.379750666095794845e-03,-6.083817392400465464e-03,-5.783209120333974648e-03,-5.479143833927189143e-03,-5.172833708519310007e-03,-4.865477064239303109e-03,-4.558250571976489411e-03,-4.252301786930719370e-03,-3.948742078383030846e-03,-3.648640018633105778e-03,-3.353015286803521025e-03,-3.062833136002338346e-03,-2.778999463740029763e-03,-2.502356517946912207e-03
nan,-8.084518627572806424e-08,-6.607523786760573692e-07,-2.274955577500871685e-06,-5.493135782513735188e-06,-1.091335464402620274e-05,-1.915549190479570030e-05,-3.085430830231121111e-05,-4.665225834400782087e-05,-6.719217706843202281e-05,-9.310996239971788086e-05,-1.250273692509597722e-04,-1.635450244051728089e-04,-2.092357616478650014e-04,-2.626383657027604886e-04,-3.242518010092352958e-04,-3.945299884088951663e-04,-4.738771780226021832e-04,-5.626439534244808988e-04,-6.611238870568683949e-04,-7.695508536513126453e-04,-8.880969951874770254e-04,-1.016871319380458199e-03,-1.155918902165223522e-03,-1.305220656456019916e-03,-1.464693621219362394e-03,-1.634191719659285188e-03,-1.813506930741429343e-03,-2.002370816722556617e-03,-2.200456349203789956e-03,-2.407379976729109340e-03,-2.622703880863326825e-03,-2.845938371374334610e-03,-3.076544377856219037e-03,-3.313935999666057022e-03,-3.557483085698756424e-03,-3.806513821590957677e-03,-4.060317310955419319e-03,-4.318146144207677187e-03,-4.579218957064932864e-03,-4.842722987779449206e-03,-5.107816647505132243e-03,-5.373632124731362973e-03,-5.639278047935290458e-03,-5.903842234981974274e-03,-6.166394557420283064e-03,-6.425989949809400407e-03,-6.681671592510374236e-03,-6.932474294225339506e-03,-7.177428095519822540e-03,-7.415562112262007524e-03,-7.645908628995093728e-03,-7.867507448080129570e-03,-8.079410491056902149e-03,-8.280686641140561424e-03,-8.470426809309448968e-03,-8.647749194421029337e-03,-8.811804703797115543e-03,-8.961782489533162005e-03,-9.096915551485723964e-03,-9.216486348650776081e-03,-9.319832358329770486e-03,-9.406351515377447611e-03,-9.475507462420651450e-03,-9.526834539931590407e-03,-9.559942444390128954e-03,-9.574520483316440247e-03,-9.570341359829917169e-03,-9.547264421740643894e-03,-9.505238316356735134e-03,-9.444302997414385364e-03,-9.364591039348302628e-03,-9.266328221482286395e-03,-9.149833354295514379e-03,-9.015517329434502916e-03,-8.863881386329946002e-03,-8.695514597403636650e-03,-8.511090585471442829e-03,-8.311363497042341744e-03,-8.097163265022164907e-03,-7.869390205383011358e-03,-7.629008997240298642e-03,-7.377042110926905136e-03,-7.114562748055542479e-03,-6.842687369264884370e-03,-6.562567887354259569e-03,-6.275383609509777548e-03,-5.982333011973391297e-03,-5.684625434705888047e-03,-5.383472781684347716e-03,-5.080081311941887431e-03,-4.775643604028511659e-03,-4.471330772587908502e-03,-4.168285012065171651e-03,-3.867612536134910645e-03,-3.570376975724687783e-03,-3.277593291266739112e-03,-2.990222247604060798e-03,-2.709165491375320999e-03,-2.435261263175404842e-03
nan,-7.623115669305855654e-08,-6.241143879909085611e-07,-2.152336877490772546e-06,-5.205186080144000742e-06,-1.035670064241736858e-05,-1.820430625894479661e-05,-2.936205646774638702e-05,-4.445360140521359611e-05,-6.410500754533596213e-05,-8.893754923517518181e-05,-1.195605877105681327e-04,-1.565646464333107573e-04,-2.005147823518636839e-04,-2.519443420411060898e-04,-3.113491794525582719e-04,-3.791823992613725961e-04,-4.558496752932918584e-04,-5.417051804985464122e-04,-6.370481500017363772e-04,-7.421200857198352856e-04,-8.571025979345498489e-04,-9.821158677604771743e-04,-1.117217703012163667e-03,-1.262403151795013674e-03,-1.417604629938359765e-03,-1.582692513100399535e-03,-1.757476139788956022e-03,-1.941705169880200785e-03,-2.135071242979146456e-03,-2.337209881365547633e-03,-2.547702586036348568e-03,-2.766079077897245359e-03,-2.991819642702388433e-03,-3.224357542731207810e-03,-3.463081467632838934e-03,-3.707338002789676169e-03,-3.956434102356605823e-03,-4.209639560947021734e-03,-4.466189486263939454e-03,-4.725286781800865782e-03,-4.986104653935145500e-03,-5.247789164121054520e-03,-5.509461849986487664e-03,-5.770222443403131250e-03,-6.029151713128967291e-03,-6.285314461528107577e-03,-6.537762703104897134e-03,-6.785539050395698185e-03,-7.027680327691816081e-03,-7.263221430729362160e-03,-7.491199441589632517e-03,-7.710658003860186918e-03,-7.920651953766805892e-03,-8.120252195469567294e-03,-8.308550802310330635e-03,-8.484666313828175335e-03,-8.647749194420928723e-03,-8.796987408405962730e-03,-8.931612061991549278e-03,-9.050903053508068535e-03,-9.154194670978442125e-03,-9.240881069086335012e-03,-9.310421556240984844e-03,-9.362345620501087359e-03,-9.396257622515944916e-03,-9.411841084240058289e-03,-9.408862506090966485e-03,-9.387174647603500205e-03,-9.346719212846573560e-03,-9.287528887103399175e-03,-9.209728680149858668e-03,-9.113536538831823117e-03,-8.999263201223283229e-03,-8.867311274163382218e-03,-8.718173527133683126e-03,-8.552430404579326392e-03,-8.370746770357801944e-03,-8.173867908086862241e-03,-7.962614810944949884e-03,-7.737878805517002176e-03,-7.500615559113403552e-03,-7.251838535151493466e-03,-6.992611960521963321e-03,-6.724043380582265216e-03,-6.447275879385898009e-03,-6.163480048755780490e-03,-5.873845789404825296e-03,-5.579574031549339869e-03,-5.281868460488912953e-03,-4.981927332115229125e-03,-4.680935460866244256e-03,-4.380056458675902174e-03,-4.080425299762656041e-03,-3.783141279710024521e-03,-3.489261431569179710e-03,-3.199794454488596226e-03,-2.915695203182731322e-03,-2.637859777958714153e-03,-2.367121247525900193e-03
nan,-7.163993258428119927e-08,-5.876027255611264315e-07,-2.029955768117166787e-06,-4.917355142056075104e-06,-9.799419479148626939e-06,-1.725057253974555255e-05,-2.786347262329100878e-05,-4.224215018650320081e-05,-6.099497532664292776e-05,-8.472757484967476907e-05,-1.140358138259725020e-04,-1.494989499722294043e-04,-1.916730602733520165e-04,-2.410848288931894626e-04,-2.982257734973220724e-04,-3.635469746082835817e-04,-4.374543584108615802e-04,-5.203045705909407860e-04,-6.124014641033354543e-04,-7.139932108957071540e-04,-8.252700346668840736e-04,-9.463625504179981433e-04,-1.077340685230896312e-03,-1.218213146570835872e-03,-1.368927396264694053e-03,-1.529370082995908705e-03,-1.699367881581158139e-03,-1.878688685553656264e-03,-2.067043099267507154e-03,-2.264086176053097237e-03,-2.469419352587462306e-03,-2.682592533049161804e-03,-2.903106283014250839e-03,-3.130414097302554668e-03,-3.363924715214904569e-03,-3.603004462380362660e-03,-3.846979607030935003e-03,-4.095138725186990222e-03,-4.346735077369467612e-03,-4.600989006119260254e-03,-4.857090368660714474e-03,-5.114201025271407873e-03,-5.371457406892951245e-03,-5.627973189662996770e-03,-5.882842103486315109e-03,-6.135140903581270434e-03,-6.383932532098911088e-03,-6.628269494674594690e-03,-6.867197471678276530e-03,-7.099759181552161950e-03,-7.324998504761805369e-03,-7.541964872675614023e-03,-7.749717916402165674e-03,-7.947332363112551840e-03,-8.133903161024398296e-03,-8.308550802310504108e-03,-8.470426809309520091e-03,-8.618719338361106874e-03,-8.752658851402307996e-03,-8.871523796384095037e-03,-8.974646235340645595e-03,-9.061417352007073225e-03,-9.131292769563995049e-03,-9.183797607216038356e-03,-9.218531203750358893e-03,-9.235171436863320177e-03,-9.233478570988485484e-03,-9.213298568769141134e-03,-9.174565807555788710e-03,-9.117305147548066674e-03,-9.041633307040662301e-03,-8.947759507595777484e-03,-8.835985361534841320e-03,-8.706703983648759332e-03,-8.560398320147780127e-03,-8.397638697020520099e-03,-8.219079601494779994e-03,-8.025455720364258611e-03,-7.817577268687651154e-03,-7.596324653381406056e-03,-7.362642521012588946e-03,-7.117533254254709840e-03,-6.862049980740106588e-03,-6.597289169762866196e-03,-6.324382894212833041e-03,-6.044490841115325412e-03,-5.758792153700128570e-03,-5.468477192202446033e-03,-5.174739298575258516e-03,-4.878766649805021081e-03,-4.581734282068017881e-03,-4.284796364024109905e-03,-3.989078793820440005e-03,-3.695672188034247567e-03,-3.405625325063697979e-03,-3.119939098280287079e-03,-2.839561027089784404e-03,-2.565380365479104363e-03,-2.298223840177546738e-03
nan,-6.709588990421961082e-08,-5.514113731005173898e-07,-1.908462890736965548e-06,-4.631174280929686950e-06,-9.244478035359431878e-06,-1.629937177537775717e-05,-2.636654595219899486e-05,-4.002970225556953820e-05,-5.787868274984925504e-05,-8.050252807426902827e-05,-1.084825785237947157e-04,-1.423857255352398783e-04,-1.827579124903980462e-04,-2.301179736691287277e-04,-2.849518885666383217e-04,-3.477075165438044710e-04,-4.187898628932681553e-04,-4.985569147744653125e-04,-5.873160710568604273e-04,-6.853211774366232490e-04,-7.927701654292827272e-04,-9.098032826734561923e-04,-1.036501890801345017e-03,-1.172887799062494402e-03,-1.318923093829974446e-03,-1.474510418813717704e-03,-1.639493656261780926e-03,-1.813658957635165287e-03,-1.996736071877214941e-03,-2.188399919648628678e-03,-2.388272365411338652e-03,-2.595924142527744703e-03,-2.810876892775411671e-03,-3.032605285801877673e-03,-3.260539193065977066e-03,-3.494065896451020378e-03,-3.732532320126508412e-03,-3.975247280749358986e-03,-4.221483759031268226e-03,-4.470481202195886010e-03,-4.721447871761748002e-03,-4.973563257145274981e-03,-5.225980578423774017e-03,-5.477829405615802262e-03,-5.728218421181392045e-03,-5.976238354169425594e-03,-6.220965112526918514e-03,-6.461463137801943223e-03,-6.696789001354603796e-03,-6.925995258770075574e-03,-7.148134570339224197e-03,-7.362264091241681185e-03,-7.567450125839474129e-03,-7.762773033005232817e-03,-7.947332363112605616e-03,-8.120252195469792808e-03,-8.280686641140689794e-03,-8.427825465121472487e-03,-8.560899777708944405e-03,-8.679187735908271487e-03,-8.782020193542442246e-03,-8.868786231875258608e-03,-8.938938501281667656e-03,-8.991998302688703273e-03,-9.027560336991358875e-03,-9.045297051325753429e-03,-9.044962515051314239e-03,-9.026395760723204473e-03,-8.989523531585840582e-03,-8.934362382354460105e-03,-8.861020088880859971e-03,-8.769696329651398628e-03,-8.660682611608509773e-03,-8.534361422271844952e-03,-8.391204601198978819e-03,-8.231770932970521384e-03,-8.056702975333134356e-03,-7.866723146178478121e-03,-7.662629102726582243e-03,-7.445288457259163252e-03,-7.215632878480362708e-03,-6.974651642713284617e-03,-6.723384698356140929e-03,-6.462915318727189239e-03,-6.194362420316150072e-03,-5.918872629442264305e-03,-5.637612179829196851e-03,-5.351758727916618337e-03,-5.062493170663267747e-03,-4.770991550135660585e-03,-4.478417126720575167e-03,-4.185912698893500331e-03,-3.894593243742896106e-03,-3.605538946165155918e-03,-3.319788678939125572e-03,-3.038333988736490517e-03,-2.762113635996718466e-03,-2.492008728064222176e-03,-2.228838477593332850e-03
nan,-6.262199386938290842e-08,-5.157234631513754588e-07,-1.788473769792712658e-06,-4.348095171483894978e-06,-8.694694755947127341e-06,-1.535554085855136039e-05,-2.487889765711217703e-05,-3.782753530031402611e-05,-5.477203368729232545e-05,-7.628399656892628680e-05,-1.029292884028603126e-04,-1.352614003671687441e-04,-1.738150436333340220e-04,-2.191000582099205394e-04,-2.715957143639012757e-04,-3.317454716527786169e-04,-3.999522470461951552e-04,-4.765742312124107705e-04,-5.619212779282272557e-04,-6.562518791161315104e-04,-7.597707254636521489e-04,-8.726268415917186674e-04,-9.949122737331586759e-04,-1.126661299908372814e-03,-1.267850124643187535e-03,-1.418397015001356554e-03,-1.578162830214742147e-03,-1.746951895366830217e-03,-1.924513169184099547e-03,-2.110541656192644559e-03,-2.304680016899851233e-03,-2.506520332834820397e-03,-2.715605989367852677e-03,-2.931433643234775122e-03,-3.153455250504835078e-03,-3.381080136233756764e-03,-3.613677095227651754e-03,-3.850576519704170843e-03,-4.091072557373491396e-03,-4.334425309786817115e-03,-4.579863085565937138e-03,-4.826584729012126790e-03,-5.073762047309048930e-03,-5.320542363417144621e-03,-5.566051221009058088e-03,-5.809395269421599797e-03,-6.049665354612212935e-03,-6.285939839777991006e-03,-6.517288174155605289e-03,-6.742774726054411027e-03,-6.961462887386377779e-03,-7.172419452704481731e-03,-7.374719266599171624e-03,-7.567450125839271166e-03,-7.749717916402017355e-03,-7.920651953766823239e-03,-8.079410491056820617e-03,-8.225186348722981697e-03,-8.357212615385951546e-03,-8.474768360556727415e-03,-8.577184297810845279e-03,-8.663848330228275316e-03,-8.734210908670542520e-03,-8.787790131711643513e-03,-8.824176515561313675e-03,-8.843037363025361280e-03,-8.844120664533720172e-03,-8.827258466708431603e-03,-8.792369650194073460e-03,-8.739462063698093600e-03,-8.668633969989647872e-03,-8.580074766938158848e-03,-8.474064956172214225e-03,-8.350975341390150589e-03,-8.211265449342973130e-03,-8.055481175640593836e-03,-7.884251668889627820e-03,-7.698285476676905437e-03,-7.498365986538939841e-03,-7.285346205982850404e-03,-7.060142930299842523e-03,-6.823730361996523976e-03,-6.577133244836308977e-03,-6.321419587157323626e-03,-6.057693050986029046e-03,-5.787085089429402224e-03,-5.510746914307210198e-03,-5.229841380318995744e-03,-4.945534869943916077e-03,-4.658989262839728814e-03,-4.371354071058036229e-03,-4.083758817529368687e-03,-3.797305731541437187e-03,-3.513062828718114053e-03,-3.232057437327005758e-03,-2.955270225646481827e-03,-2.683629778047136143e-03,-2.418007758965475332e-03,-2.159214696624031475e-03
nan,-5.823961837326718508e-08,-4.807098435246822052e-07,-1.670564003275104562e-06,-4.069478543601381902e-06,-8.152717766895302984e-06,-1.442363511186745094e-05,-2.340772216446384020e-05,-3.564632040218508651e-05,-5.169011163495665134e-05,-7.209250187301530081e-05,-9.740300937975247028e-05,-1.281607618966935686e-04,-1.648882000278483677e-04,-2.080850742734130737e-04,-2.582228122189076996e-04,-3.157393206966399189e-04,-3.810342745275079697e-04,-4.544649312946346352e-04,-5.363424978023746074e-04,-6.269290616624549010e-04,-7.264350891408981065e-04,-8.350174796160881284e-04,-9.527781561945597184e-04,-1.079763164178050789e-03,-1.215962241274515243e-03,-1.361308818230703120e-03,-1.515680404150470621e-03,-1.678899308925561103e-03,-1.850733654785106800e-03,-2.030898629143711685e-03,-2.219057934232153851e-03,-2.414825392072304962e-03,-2.617766669303571003e-03,-2.827401090263738544e-03,-3.043203515332206129e-03,-3.264606266913951636e-03,-3.491001093419629324e-03,-3.721741167802621389e-03,-3.956143124748757837e-03,-4.193489146763470198e-03,-4.433029114019120323e-03,-4.673982838530232366e-03,-4.915542405810025516e-03,-5.156874650903852178e-03,-5.397123794854715231e-03,-5.635414269178502453e-03,-5.870853753863369828e-03,-6.102536452030756127e-03,-6.329546619234954243e-03,-6.550962362865113409e-03,-6.765859718370472418e-03,-6.973317004756091064e-03,-7.172419452704565865e-03,-7.362264091241557153e-03,-7.541964872675547236e-03,-7.710658003860287532e-03,-7.867507448080133040e-03,-8.011710551066281161e-03,-8.142503740622343555e-03,-8.259168240543878978e-03,-8.361035737406772098e-03,-8.447493932127453711e-03,-8.517991906991500065e-03,-8.572045237143836177e-03,-8.609240775094647094e-03,-8.629241037521755836e-03,-8.631788127644613243e-03,-8.616707128891695419e-03,-8.583908911820878687e-03,-8.533392301458990470e-03,-8.465245560981434630e-03,-8.379647154957968816e-03,-8.276865764828866476e-03,-8.157259538679725863e-03,-8.021274568280844369e-03,-7.869442595461738008e-03,-7.702377961139374521e-03,-7.520773820274601409e-03,-7.325397655579324319e-03,-7.117086133656846773e-03,-6.896739351873133750e-03,-6.665314539272488084e-03,-6.423819273976670227e-03,-6.173304291132549609e-03,-5.914855957292754728e-03,-5.649588493050797765e-03,-5.378636025207273776e-03,-5.103144554092618572e-03,-4.824263919554242289e-03,-4.543139848714820503e-03,-4.260906166173878545e-03,-3.978677243511951830e-03,-3.697540761238024901e-03,-3.418550850185575387e-03,-3.142721673720933872e-03,-2.871021505099180006e-03,-2.604367347291277560e-03,-2.343620134198302896e-03,-2.089580544924955156e-03
nan,-5.396838989634766090e-08,-4.465278323118846641e-07,-1.555265078695810159e-06,-3.796584316747245332e-06,-7.621005726184666082e-06,-1.350789543446673383e-05,-2.195973537523411323e-05,-3.349604548328428619e-05,-4.864707179311496114e-05,-6.794735296842521798e-05,-9.192927406708672697e-05,-1.211167108226684775e-04,-1.560188600228028472e-04,-1.971243423610619908e-04,-2.448956534808824901e-04,-2.997640275374644403e-04,-3.621247647529840475e-04,-4.323330625501423346e-04,-5.107003763903910764e-04,-5.974913244970655188e-04,-6.929211386016064173e-04,-7.971536522972517925e-04,-9.102998080094420628e-04,-1.032416655885165816e-03,-1.163506810268542932e-03,-1.303518324296828361e-03,-1.452344938834204766e-03,-1.609826660134538144e-03,-1.775750620201023335e-03,-1.949852173972042683e-03,-2.131816190679931399e-03,-2.321278499722891943e-03,-2.517827457201292710e-03,-2.721005603064058191e-03,-2.930311387209252622e-03,-3.145200948124545360e-03,-3.365089935423578368e-03,-3.589355373683131550e-03,-3.817337572318111813e-03,-4.048342092201045322e-03,-4.281641784201599583e-03,-4.516478920341839183e-03,-4.752067440716825457e-03,-4.987595342926818068e-03,-5.222227239835455607e-03,-5.455107112883770745e-03,-5.685361286051044717e-03,-5.912101643130079909e-03,-6.134429105805789748e-03,-6.351437387464927038e-03,-6.562217028974404003e-03,-6.765859718370472418e-03,-6.961462887386456709e-03,-7.148134570339106236e-03,-7.324998504761735980e-03,-7.491199441589733131e-03,-7.645908628995096330e-03,-7.788329423282028437e-03,-7.917702976274089768e-03,-8.033313939936117046e-03,-8.134496126899048302e-03,-8.220638058976785859e-03,-8.291188334589909281e-03,-8.345660744354319038e-03,-8.383639063691611035e-03,-8.404781452056789628e-03,-8.408824392373996648e-03,-8.395586106714989297e-03,-8.364969390467604307e-03,-8.316963812421879904e-03,-8.251647236891401435e-03,-8.169186631256476067e-03,-8.069838131675357434e-03,-7.953946349053527334e-03,-7.821942908150523663e-03,-7.674344221770103627e-03,-7.511748513101320496e-03,-7.334832109171313813e-03,-7.144345037827288039e-03,-6.941105971445248393e-03,-6.725996565114150498e-03,-6.499955251969381093e-03,-6.263970557440097335e-03,-6.019074005736025496e-03,-5.766332693686815336e-03,-5.506841612950086687e-03,-5.241715801042645499e-03,-4.972082406006802027e-03,-4.699072747394392353e-03,-4.423814455883100238e-03,-4.147423771426983832e-03,-3.870998076088805022e-03,-3.595608734004773332e-03,-3.322294304888026659e-03,-3.052054191885488193e-03,-2.785842777655651425e-03,-2.524564095600223025e-03,-2.269067074859517068e-03,-2.020141390529301209e-03
nan,-4.982605695181627330e-08,-4.133201738450811089e-07,-1.443060852162919667e-06,-3.530563267115464960e-06,-7.101811588372986327e-06,-1.261222034101214488e-05,-2.054113045311789764e-05,-3.138594965332210384e-05,-4.565604816003383370e-05,-6.386651973608838324e-05,-8.653191469259097256e-05,-1.141600461401123383e-04,-1.472459633779103544e-04,-1.862661774026651306e-04,-2.316732131901102349e-04,-2.838905523178124378e-04,-3.433080170165672055e-04,-4.102776351320050561e-04,-4.851100123775656833e-04,-5.680712266009580120e-04,-6.593802470341842250e-04,-7.592068711961509273e-04,-8.676701617957151367e-04,-9.848373584457751403e-04,-1.110723231553385933e-03,-1.245289840723132289e-03,-1.388446655810310782e-03,-1.540050996965810094e-03,-1.699908749604311757e-03,-1.867775310392906160e-03,-2.043356723498497736e-03,-2.226310969253891998e-03,-2.416249373084490473e-03,-2.612738106239340542e-03,-2.815299758063342841e-03,-3.023414964663641378e-03,-3.236524086387543991e-03,-3.454028932420678041e-03,-3.675294537942233250e-03,-3.899651005061689421e-03,-4.126395423080405495e-03,-4.354793888952449878e-03,-4.584083651140827102e-03,-4.813475403512193496e-03,-5.042155754891745022e-03,-5.269289901205507706e-03,-5.494024524924131202e-03,-5.715490944053353874e-03,-5.932808527723121630e-03,-6.145088392818487746e-03,-6.351437387464881068e-03,-6.550962362865065704e-03,-6.742774726054443120e-03,-6.925995258769909041e-03,-7.099759181552047459e-03,-7.263221430729411600e-03,-7.415562112261964156e-03,-7.555992085853736537e-03,-7.683758628810568453e-03,-7.798151120543998956e-03,-7.898506686580441388e-03,-7.984215734451280411e-03,-8.054727312694945698e-03,-8.109554222587659830e-03,-8.148277811854136646e-03,-8.170552380353062610e-03,-8.176109131719381043e-03,-8.164759607379617687e-03,-8.136398545530583795e-03,-8.091006112817796317e-03,-8.028649465057123569e-03,-7.949483600566466593e-03,-7.853751478938174671e-03,-7.741783387352743975e-03,-7.613995547198364015e-03,-7.470887962776580522e-03,-7.313041524852128931e-03,-7.141114391622593351e-03,-6.955837679035578938e-03,-6.758010503066264919e-03,-6.548494421050958178e-03,-6.328207333984724181e-03,-6.098116910753078636e-03,-5.859233606746457913e-03,-5.612603351063592122e-03,-5.359299982370438996e-03,-5.100417512910617943e-03,-4.837062304520524728e-03,-4.570345238371835254e-03,-4.301373959830195187e-03,-4.031245277435864353e-03,-3.761037791323870640e-03,-3.491804822735490674e-03,-3.224567710330356832e-03,-2.960309533478348680e-03,-2.699969315857465163e-03,-2.444436755838683660e-03,-2.194547521915917853e-03,-1.951079144389763695e-03
nan,-4.582838705719148537e-08,-3.812142086562632620e-07,-1.334384731043782998e-06,-3.272450318793059154e-06,-6.597169454883086552e-06,-1.174014318184270407e-05,-1.915754159737521016e-05,-2.932446910878491107e-05,-4.272907654728189711e-05,-5.986652752549717442e-05,-8.123292314763733688e-05,-1.073192841240171944e-04,-1.386056822211595072e-04,-1.755556043639525555e-04,-2.186106227116517431e-04,-2.681854332616758255e-04,-3.246633134344935746e-04,-3.883920377884568162e-04,-4.596802782887294799e-04,-5.387945042025314973e-04,-6.259563852532716620e-04,-7.213406916396271915e-04,-8.250736744821635408e-04,-9.372319029149825398e-04,-1.057841526805453547e-03,-1.186877929184771904e-03,-1.324265728405780171e-03,-1.469879088300463403e-03,-1.623542294227054350e-03,-1.785030553081422625e-03,-1.954070978422768178e-03,-2.130343724724313367e-03,-2.313483240318177109e-03,-2.503079612220779349e-03,-2.698679984014152548e-03,-2.899790032952694573e-03,-3.105875499824032118e-03,-3.316363770825767488e-03,-3.530645517643180714e-03,-3.748076407516170473e-03,-3.967978899252544434e-03,-4.189644146282959017e-03,-4.412334030042775086e-03,-4.635283350259895331e-03,-4.857702197619461794e-03,-5.078778535469825536e-03,-5.297681014948939053e-03,-5.513562045397695649e-03,-5.725561136723716221e-03,-5.932808527723165866e-03,-6.134429105805789748e-03,-6.329546619234955977e-03,-6.517288174155685086e-03,-6.696789001354485835e-03,-6.867197471678209743e-03,-7.027680327691914093e-03,-7.177428095519822540e-03,-7.315660630374829464e-03,-7.441632745394334905e-03,-7.554639864944765262e-03,-7.654023641546736124e-03,-7.739177469187705043e-03,-7.809551824672102821e-03,-7.864659367082655478e-03,-7.904079725095256026e-03,-7.927463902630689854e-03,-7.934538237297231872e-03,-7.925107848495214005e-03,-7.899059518177221559e-03,-7.856363952360787342e-03,-7.797077379996807805e-03,-7.721342452964844415e-03,-7.629388420117145034e-03,-7.521530557475282312e-03,-7.398168847204669371e-03,-7.259785906944266586e-03,-7.106944181885007511e-03,-6.940282421719496005e-03,-6.760511473818608778e-03,-6.568409434566335053e-03,-6.364816205193922320e-03,-6.150627513131346966e-03,-5.926788458933531477e-03,-5.694286660217443008e-03,-5.454145065774742944e-03,-5.207414518834555667e-03,-4.955166147877742601e-03,-4.698483667752863246e-03,-4.438455671721957575e-03,-4.176167994765827597e-03,-3.912696226132180918e-03,-3.649098445495430401e-03,-3.386408253471773992e-03,-3.125628161402878129e-03,-2.867723399864329122e-03,-2.613616198608711538e-03,-2.364180583909702722e-03,-2.120237731166058764e-03,-1.882551903688837406e-03
nan,-4.198909157179425523e-08,-3.503212618977776302e-07,-1.229617577168618604e-06,-3.023159501220696621e-06,-6.108884594740642103e-06,-1.089481469274201082e-05,-1.781401603761288051e-05,-2.731919493906043882e-05,-3.987703402085906475e-05,-5.596237352581811538e-05,-7.605233907570236717e-05,-1.006205124429927522e-04,-1.301312350509520549e-04,-1.650341255976837214e-04,-2.057588835410674617e-04,-2.527104397397012610e-04,-3.062645038335674169e-04,-3.667635469608243820e-04,-4.345132460741131042e-04,-5.097794050934802710e-04,-5.927853570265309222e-04,-6.837098414546414343e-04,-7.826853420403061040e-04,-8.897968615785584873e-04,-1.005081105112461386e-03,-1.128526036880270894e-03,-1.260070772946850041e-03,-1.399605769696247006e-03,-1.546973268021407900e-03,-1.701967953264904273e-03,-1.864337793983533850e-03,-2.033785025419617993e-03,-2.209967249001858376e-03,-2.392498622738458303e-03,-2.580951125151417173e-03,-2.774855880276118174e-03,-2.973704538405168296e-03,-3.176950712829659882e-03,-3.384011479548973151e-03,-3.594268952337373747e-03,-3.807071949574363130e-03,-4.021737774188316808e-03,-4.237554130121962831e-03,-4.453781201866327880e-03,-4.669653922418218368e-03,-4.884384456096780430e-03,-5.097164920299992845e-03,-5.307170367728663435e-03,-5.513562045397689577e-03,-5.715490944053392038e-03,-5.912101643130075572e-03,-6.102536452030750055e-03,-6.285939839778064732e-03,-6.461463137801823527e-03,-6.628269494674522699e-03,-6.785539050395787523e-03,-6.932474294225334302e-03,-7.068305559765309179e-03,-7.192296607151321339e-03,-7.303750233882335720e-03,-7.402013853839796431e-03,-7.486484977762592960e-03,-7.556616527353601266e-03,-7.611921913651093809e-03,-7.651979809999648677e-03,-7.676438550685826638e-03,-7.685020090250075514e-03,-7.677523460878556139e-03,-7.653827671336854363e-03,-7.613893995959222262e-03,-7.557767610594721443e-03,-7.485578539514261935e-03,-7.397541886302623840e-03,-7.293957330839670981e-03,-7.175207884836538527e-03,-7.041757907267630866e-03,-6.894150391676429068e-03,-6.733003546959973398e-03,-6.559006702337235283e-03,-6.372915577657233509e-03,-6.175546964535273339e-03,-5.967772878323699889e-03,-5.750514239946859230e-03,-5.524734157890258922e-03,-5.291430882335011222e-03,-5.051630509179015453e-03,-4.806379511117613891e-03,-4.556737177287611615e-03,-4.303768040874763993e-03,-4.048534373822594741e-03,-3.792088825477726854e-03,-3.535467278472988195e-03,-3.279681991574393777e-03,-3.025715093509790624e-03,-2.774512486424118678e-03,-2.526978210978885007e-03,-2.283969318483629069e-03,-2.046291287470094599e-03,-1.814694015309073396e-03
nan,-3.831977887190412792e-08,-3.207362535749396127e-07,-1.129086341496048986e-06,-2.783480598514923014e-06,-5.638526685500415649e-06,-1.007899096026485599e-05,-1.651499438719132730e-05,-2.537684304401156257e-05,-3.710959505992704661e-05,-5.216746533953016429e-05,-7.100816653492805471e-05,-9.408728009634037700e-05,-1.218527446640468680e-04,-1.547395410365718098e-04,-1.931646436288231804e-04,-2.375222982259436353e-04,-2.881796745244188029e-04,-3.454729312961175229e-04,-4.097037200839786955e-04,-4.811361426544498400e-04,-5.599941666773683782e-04,-6.464594946854914075e-04,-7.406698719419326166e-04,-8.427178119437906192e-04,-9.526497115372767636e-04,-1.070465323034057231e-03,-1.196117546970096182e-03,-1.329512507557266106e-03,-1.470509872590989534e-03,-1.618923379841017774e-03,-1.774521534923495297e-03,-1.937028448421133269e-03,-2.106124785344258826e-03,-2.281448803494717098e-03,-2.462597464879062725e-03,-2.649127609076518206e-03,-2.840557184418522185e-03,-3.036366538251737864e-03,-3.235999774068462360e-03,-3.438866188518295650e-03,-3.644341805183830361e-03,-3.851771026748092384e-03,-4.060468429110832174e-03,-4.269720723991412246e-03,-4.478788915285305053e-03,-4.686910675408079152e-03,-4.893302965440812780e-03,-5.097164920299986773e-03,-5.297681014948926910e-03,-5.494024524924161559e-03,-5.685361286051032574e-03,-5.870853753863357685e-03,-6.049665354612277987e-03,-6.220965112526792747e-03,-6.383932532098833892e-03,-6.537762703104976064e-03,-6.681671592510362960e-03,-6.814901477252482270e-03,-6.936726468107899495e-03,-7.046458066649032015e-03,-7.143450695348369135e-03,-7.227107134708298311e-03,-7.296883800228379756e-03,-7.352295790509424424e-03,-7.392921637526019170e-03,-7.418407690812634653e-03,-7.428472071221607805e-03,-7.422908132271465245e-03,-7.401587373085020613e-03,-7.364461751908300477e-03,-7.311565357452871894e-03,-7.243015402331050637e-03,-7.159012511725978620e-03,-7.059840289402422552e-03,-6.945864153348905133e-03,-6.817529442126084999e-03,-6.675358803437224896e-03,-6.519948885947455391e-03,-6.351966364332191708e-03,-6.172143337845138744e-03,-5.981272146946940010e-03,-5.780199666871568137e-03,-5.569821136020085793e-03,-5.351073588195633286e-03,-5.124928959367595731e-03,-4.892386945335149007e-03,-4.654467686102085541e-03,-4.412204357079714187e-03,-4.166635745157924210e-03,-3.918798887459178440e-03,-3.669721848337776683e-03,-3.420416706740080429e-03,-3.171872822525313544e-03,-2.925050444769603311e-03,-2.680874719798612398e-03,-2.440230150197405558e-03,-2.203955549541825737e-03,-1.972839529763745128e-03,-1.747616551387113498e-03
nan,-3.482993582058748411e-08,-2.925375300791131795e-07,-1.033063428582828768e-06,-2.554077487260091632e-06,-5.187426269067582200e-06,-9.295026795996778895e-06,-1.526429934890326522e-05,-2.350323615981907843e-05,-3.443520443757291374e-05,-4.849358177679964583e-05,-6.611631927482969362e-05,-8.774052324649338512e-05,-1.137971401252346661e-04,-1.447058214021238538e-04,-1.808700364718180190e-04,-2.226724914870539481e-04,-2.704709014130053592e-04,-3.245941521613499156e-04,-3.853388781757116090e-04,-4.529664705145972406e-04,-5.277005200926919827e-04,-6.097246916529476621e-04,-6.991810149558754049e-04,-7.961685730220362722e-04,-9.007425607773194946e-04,-1.012913683048841714e-03,-1.132647857291197314e-03,-1.259866184930957811e-03,-1.394445154995478924e-03,-1.536217044012943341e-03,-1.684970479101372334e-03,-1.840451133899871985e-03,-2.002362532210996346e-03,-2.170366937627650830e-03,-2.344086314801429281e-03,-2.523103352654601332e-03,-2.706962546586623875e-03,-2.895171341981586481e-03,-3.087201347629037890e-03,-3.282489632712481346e-03,-3.480440124739659150e-03,-3.680425130334747524e-03,-3.881787002614147438e-03,-4.083839981689952985e-03,-4.285872233499920386e-03,-4.487148113016645352e-03,-4.686910675407991549e-03,-4.884384456096685020e-03,-5.078778535469722320e-03,-5.269289901205445256e-03,-5.455107112883665794e-03,-5.635414269178393165e-03,-5.809395269421563368e-03,-5.976238354169204417e-03,-6.135140903581096095e-03,-6.285314461528088495e-03,-6.425989949809290253e-03,-6.556423026876742610e-03,-6.675899541717795517e-03,-6.783741025490802427e-03,-6.879310161589078515e-03,-6.962016168737702321e-03,-7.031320030683961206e-03,-7.086739504556786862e-03,-7.127853839731836116e-03,-7.154308139728646036e-03,-7.165817303538163027e-03,-7.162169485099859068e-03,-7.143229015538659840e-03,-7.108938737694778937e-03,-7.059321710577611854e-03,-6.994482248315643004e-03,-6.914606266882376666e-03,-6.819960920711447099e-03,-6.710893521305450957e-03,-6.587829738622315127e-03,-6.451271096251028590e-03,-6.301791780769293132e-03,-6.140034794468594154e-03,-5.966707490786287392e-03,-5.782576535948055242e-03,-5.588462354455036273e-03,-5.385233115057093747e-03,-5.173798324823517328e-03,-4.955102100570278091e-03,-4.730116192507833814e-03,-4.499832834431744671e-03,-4.265257499047468009e-03,-4.027401634980021586e-03,-3.787275461831108182e-03,-3.545880897450111573e-03,-3.304204688232535454e-03,-3.063211809810830084e-03,-2.823839200066379559e-03,-2.586989881219905682e-03,-2.353527521403138770e-03,-2.124271479747042932e-03,-1.899992371349277587e-03,-1.681408181953785276e-03
nan,-3.152693675139704571e-08,-2.657869117633823732e-07,-9.417667746362599081e-07,-2.335488126870191505e-06,-4.756674356464627497e-06,-8.544874412288705311e-06,-1.406513261196929289e-05,-2.170329776666225435e-05,-3.186106652023453693e-05,-4.495085547980217256e-05,-6.139059413987468913e-05,-8.159852635576482819e-05,-1.059881020787083899e-04,-1.349630336175133296e-04,-1.689125820479607304e-04,-2.082071299699188543e-04,-2.531940863114070118e-04,-3.041941589232729061e-04,-3.614980196297861597e-04,-4.253633764466689757e-04,-4.960124576771356587e-04,-5.736299038530018627e-04,-6.583610547558637911e-04,-7.503106123680030031e-04,-8.495416543973917335e-04,-9.560749688184394350e-04,-1.069888676494241660e-03,-1.190918107566328469e-03,-1.319055897150910820e-03,-1.454152266268173748e-03,-1.596015456828258489e-03,-1.744412292207012148e-03,-1.899068840052953698e-03,-2.059671157311747294e-03,-2.225866104637581541e-03,-2.397262221894393315e-03,-2.573430662996525550e-03,-2.753906193434238654e-03,-2.938188259929338034e-03,-3.125742146519619718e-03,-3.316000234942530645e-03,-3.508363391534746484e-03,-3.702202504540640527e-03,-3.896860198386456389e-03,-4.091652750062787364e-03,-4.285872233499976765e-03,-4.478788915285275563e-03,-4.669653922418184541e-03,-4.857702197619419293e-03,-5.042155754891744154e-03,-5.222227239835412239e-03,-5.397123794854671863e-03,-5.566051221009084976e-03,-5.728218421181235920e-03,-5.882842103486210159e-03,-6.029151713129012394e-03,-6.166394557420239696e-03,-6.293841078850547291e-03,-6.410790227426158179e-03,-6.516574875561882349e-03,-6.610567216936810014e-03,-6.692184084759962397e-03,-6.760892123871136555e-03,-6.816212749640530519e-03,-6.857726826419511569e-03,-6.885078998954753324e-03,-6.897981614000399213e-03,-6.896218171637617279e-03,-6.879646251599503062e-03,-6.848199864744834026e-03,-6.801891187752072583e-03,-6.740811645948930828e-03,-6.665132317720199803e-03,-6.575103642624432511e-03,-6.471054425131713209e-03,-6.353390134454740303e-03,-6.222590510944260057e-03,-6.079206498755826762e-03,-5.923856533113851588e-03,-5.757222220480986974e-03,-5.580043454013103831e-03,-5.393113020582789539e-03,-5.197270754661103068e-03,-4.993397305144754196e-03,-4.782407582837332888e-03,-4.565243961811938332e-03,-4.342869307362572096e-03,-4.116259907475617805e-03,-3.886398382756671085e-03,-3.654266649596515232e-03,-3.420839009226509918e-03,-3.187075432059883681e-03,-2.953915103342999188e-03,-2.722270290853405755e-03,-2.493020590326243922e-03,-2.267007598089327766e-03,-2.045030054167328807e-03,-1.827839491616057915e-03,-1.616136421473518200e-03
nan,-2.841607930707964855e-08,-2.405299501953841117e-07,-8.553606170107250972e-07,-2.128126150318824679e-06,-4.347125081582356420e-06,-7.830087231468616483e-06,-1.292007968227927350e-05,-1.998105750709822207e-05,-2.939315047839929408e-05,-4.154777671071188813e-05,-5.684267175333219523e-05,-7.567691758087999635e-05,-9.844605013743444567e-05,-1.255373169291934749e-04,-1.573251478556621371e-04,-1.941668933990057459e-04,-2.363988742044448592e-04,-2.843327764949529052e-04,-3.382524171243354925e-04,-3.984108925026915728e-04,-4.650281160247493584e-04,-5.382887402458977214e-04,-6.183404516865076330e-04,-7.052926200383497065e-04,-7.992152776352968438e-04,-9.001384010598579384e-04,-1.008051463583587793e-03,-1.122903225882667571e-03,-1.244601732406012051e-03,-1.373014481235465848e-03,-1.507968738146458392e-03,-1.649251968266624447e-03,-1.796612363733253101e-03,-1.949759449039771206e-03,-2.108364752744366997e-03,-2.272062538637133200e-03,-2.440450595807323875e-03,-2.613091091988165027e-03,-2.789511500450399164e-03,-2.969205615380656957e-03,-3.151634674105583799e-03,-3.336228608669218870e-03,-3.522387450824917415e-03,-3.709482917009064660e-03,-3.896860198386524910e-03,-4.083839981690077017e-03,-4.269720723991457349e-03,-4.453781201866365176e-03,-4.635283350259930893e-03,-4.813475403512268089e-03,-4.987595342926852762e-03,-5.156874650903887740e-03,-5.320542363417253909e-03,-5.477829405615731138e-03,-5.627973189662972484e-03,-5.770222443403257885e-03,-5.903842234982012438e-03,-6.028119148927698484e-03,-6.142366565554149317e-03,-6.245929987793741658e-03,-6.338192357710130918e-03,-6.418579299098197376e-03,-6.486564221577614982e-03,-6.541673220146202936e-03,-6.583489703973549254e-03,-6.611658688839985344e-03,-6.625890691390839277e-03,-6.625965165597729259e-03,-6.611733427492874279e-03,-6.583121019001888542e-03,-6.540129469442287555e-03,-6.482837419991237075e-03,-6.411401084756735216e-03,-6.326054030614892791e-03,-6.227106267531938057e-03,-6.114942649515713730e-03,-5.990020596095286393e-03,-5.852867153304169151e-03,-5.704075421573941845e-03,-5.544300387739663563e-03,-5.374254202334208599e-03,-5.194700957000142338e-03,-5.006451015858837117e-03,-4.810354965283514771e-03,-4.607297248118038049e-03,-4.398189553806449749e-03,-4.183964035405099077e-03,-3.965566428618556676e-03,-3.743949146056710017e-03,-3.520064419795529767e-03,-3.294857563258010540e-03,-3.069260420282840952e-03,-2.844185065959695981e-03,-2.620517818679766499e-03,-2.399113617920884626e-03,-2.180790816248871170e-03,-1.966326427955007380e-03,-1.756451869436353227e-03,-1.551849220216254197e-03
nan,-2.550064531897265684e-08,-2.167963823634476636e-07,-7.739569149508936976e-07,-1.932283964550946620e-06,-3.959401234330439174e-06,-7.151828547322686705e-06,-1.183112221709204000e-05,-1.833966750065446952e-05,-2.703621056915462854e-05,-3.829121719964117648e-05,-5.248214307484060011e-05,-6.998869667904851120e-05,-9.118817023019998053e-05,-1.164509072116249401e-04,-1.461359670998426275e-04,-1.805870391690064553e-04,-2.201286475830811708e-04,-2.650626807717626834e-04,-3.156652678937650267e-04,-3.721840160148721130e-04,-4.348356124331696684e-04,-5.038037885669316299e-04,-5.792376338358729178e-04,-6.612502421497018197e-04,-7.499176680102669036e-04,-8.452781654660923051e-04,-9.473316801951375604e-04,-1.056039563866983857e-03,-1.171324479961345037e-03,-1.293070470762983180e-03,-1.421123158097806812e-03,-1.555290053048349972e-03,-1.695340954786548476e-03,-1.841008421898761467e-03,-1.991988306360553771e-03,-2.147940344632736503e-03,-2.308488806494258128e-03,-2.473223207003314317e-03,-2.641699092665529287e-03,-2.813438917365030864e-03,-2.987933026893387599e-03,-3.164640774858984516e-03,-3.342991794193919848e-03,-3.522387450824887058e-03,-3.702202504540676089e-03,-3.881787002614236776e-03,-4.060468429110842582e-03,-4.237554130121969770e-03,-4.412334030042775086e-03,-4.584083651140867001e-03,-4.752067440716825457e-03,-4.915542405810025516e-03,-5.073762047309119186e-03,-5.225980578423669934e-03,-5.371457406892894866e-03,-5.509461849986574400e-03,-5.639278047935292193e-03,-5.760210032004499728e-03,-5.871586899832778421e-03,-5.972768043071358807e-03,-6.063148370530653010e-03,-6.142163464319734534e-03,-6.209294605483935310e-03,-6.264073604224506576e-03,-6.306087369622757031e-03,-6.334982154375333116e-03,-6.350467413746521683e-03,-6.352319220106612124e-03,-6.340383179972923500e-03,-6.314576805135582900e-03,-6.274891296990271240e-03,-6.221392709817792285e-03,-6.154222466869523935e-03,-6.073597211472125425e-03,-5.979807984680113667e-03,-5.873218729282744799e-03,-5.754264129465137649e-03,-5.623446804327187146e-03,-5.481333881693998752e-03,-5.328552988243542843e-03,-5.165787695851233215e-03,-4.993772477429129705e-03,-4.813287224556888136e-03,-4.625151389600609675e-03,-4.430217816583785148e-03,-4.229366330393319502e-03,-4.023497153441421038e-03,-3.813524223009636359e-03,-3.600368480616846726e-03,-3.384951204674089068e-03,-3.168187455695400077e-03,-2.950979700294609469e-03,-2.734211677000415210e-03,-2.518742561956183439e-03,-2.305401487776732091e-03,-2.094982462969986140e-03,-1.888239733437645359e-03,-1.685883620454622141e-03,-1.488576863491495022e-03
nan,-2.278198520246122664e-08,-1.946007689430055013e-07,-6.976173781602671442e-07,-1.748137259372188810e-06,-3.593902480122201983e-06,-6.510884714318270962e-06,-1.079965736438796485e-05,-1.678142883281848237e-05,-2.479382049837980801e-05,-3.518647274110769203e-05,-4.831656015295394491e-05,-6.454429333320018856e-05,-8.422847935676575516e-05,-1.077222064084065305e-04,-1.353687104450371052e-04,-1.674974733900734915e-04,-2.044205931135197757e-04,-2.464294566180847009e-04,-2.937917381119034728e-04,-3.467487348743902571e-04,-4.055130450442551962e-04,-4.702665838193621035e-04,-5.411589269621265488e-04,-6.183059649867381777e-04,-7.017888461089188869e-04,-7.916531825034684106e-04,-8.879084916686601821e-04,-9.905278437111542707e-04,-1.099447685485344410e-03,-1.214567813149837992e-03,-1.335751467527310742e-03,-1.462825529314862186e-03,-1.595580795988704725e-03,-1.733772325433859292e-03,-1.877119837911327138e-03,-2.025308172180263939e-03,-2.177987797535852182e-03,-2.334775388139042479e-03,-2.495254471495657322e-03,-2.658976167232019860e-03,-2.825460035449349309e-03,-2.994195057688919023e-03,-3.164640774858988419e-03,-3.336228608669195017e-03,-3.508363391534787250e-03,-3.680425130334839031e-03,-3.851771026748106695e-03,-4.021737774188327216e-03,-4.189644146282964221e-03,-4.354793888952492378e-03,-4.516478920341844387e-03,-4.673982838530235835e-03,-4.826584729012198781e-03,-4.973563257145176102e-03,-5.114201025271356699e-03,-5.247789164121142991e-03,-5.373632124731371647e-03,-5.491052627900770179e-03,-5.599396724667415892e-03,-5.698038913883621444e-03,-5.786387261163723067e-03,-5.863888457886541443e-03,-5.930032757973694238e-03,-5.984358728761208883e-03,-6.026457752142742874e-03,-6.055978212702396550e-03,-6.072629313181133331e-03,-6.076184459719050253e-03,-6.066484164726127296e-03,-6.043438419796658308e-03,-6.007028498407006832e-03,-5.957308154624336473e-03,-5.894404191947168886e-03,-5.818516384564922581e-03,-5.729916742383439274e-03,-5.628948119278370105e-03,-5.516022173257229509e-03,-5.391616695926824965e-03,-5.256272336679028608e-03,-5.110588756382032638e-03,-4.955220249131597060e-03,-4.790870883699187635e-03,-4.618289215345546331e-03,-4.438262628841891863e-03,-4.251611375081134313e-03,-4.059182368866840439e-03,-3.861842815040171517e-03,-3.660473734137330380e-03,-3.455963456951624806e-03,-3.249201157329957828e-03,-3.041070490616821359e-03,-2.832443402233383780e-03,-2.624174167779606565e-03,-2.417093721252469574e-03,-2.212004323322836873e-03,-2.009674615931634611e-03,-1.810835103749401870e-03,-1.616174096139525980e-03,-1.426334137412125754e-03
nan,-2.025962354537840200e-08,-1.739432991222700105e-07,-6.263560463654763553e-07,-1.575750794633250123e-06,-3.250816019745953594e-06,-5.907682453580024421e-06,-9.826523476245024494e-06,-1.530782730976260162e-05,-2.266842061520079468e-05,-3.223732289140638502e-05,-4.435150896380656856e-05,-5.935165326711237631e-05,-7.757792454526047884e-05,-9.936589327523974208e-05,-1.250426068251862235e-04,-1.549228793580403689e-04,-1.893058346622478909e-04,-2.284717316447607016e-04,-2.726790929387038886e-04,-3.221621487126536515e-04,-3.771285994153341118e-04,-4.377576939345025693e-04,-5.041986124486393019e-04,-5.765691380391543006e-04,-6.549545961532181717e-04,-7.394070377105738980e-04,-8.299446391225477398e-04,-9.265512916503818638e-04,-1.029176352748189518e-03,-1.137734532752958556e-03,-1.252105893088210908e-03,-1.372135934798115022e-03,-1.497635760922246418e-03,-1.628382299359059293e-03,-1.764118579246213995e-03,-1.904554057981959220e-03,-2.049365001753956396e-03,-2.198194926896796832e-03,-2.350655114674827899e-03,-2.506325216190178392e-03,-2.664753967108572652e-03,-2.825460035449344539e-03,-2.987933026893387599e-03,-3.151634674105555610e-03,-3.316000234942563171e-03,-3.480440124739743717e-03,-3.644341805183840335e-03,-3.807071949574368334e-03,-3.967978899252544434e-03,-4.126395423080441924e-03,-4.281641784201599583e-03,-4.433029114019120323e-03,-4.579863085566005659e-03,-4.721447871761648256e-03,-4.857090368660659831e-03,-4.986104653935225298e-03,-5.107816647505133978e-03,-5.221568932243531719e-03,-5.326725689208703166e-03,-5.422677694625358848e-03,-5.508847324071730264e-03,-5.584693503866336624e-03,-5.649716548707818704e-03,-5.703462823233774841e-03,-5.745529165046605810e-03,-5.775567007245244015e-03,-5.793286142047650474e-03,-5.798458069116592915e-03,-5.790918877463768245e-03,-5.770571614259243677e-03,-5.737388100968163901e-03,-5.691410163584401279e-03,-5.632750251384380062e-03,-5.561591426589039544e-03,-5.478186716112257507e-03,-5.382857824511886290e-03,-5.275993216190260661e-03,-5.158045583404820972e-03,-5.029528724440015912e-03,-4.891013865432743309e-03,-4.743125462999583930e-03,-4.586536537579595854e-03,-4.421963586453485709e-03,-4.250161135331473154e-03,-4.071915988913338107e-03,-3.888041245907230842e-03,-3.699370143604003257e-03,-3.506749801053955350e-03,-3.311034928146255624e-03,-3.113081567880396968e-03,-2.913740937283008751e-03,-2.713853429615370200e-03,-2.514242837521445725e-03,-2.315710852148477120e-03,-2.119031888773067682e-03,-1.924948283974806454e-03,-1.734165903868499113e-03,-1.547350196223917177e-03,-1.365122713638561519e-03
nan,-1.793138362697901192e-08,-1.548107436315914570e-07,-5.601423587706209030e-07,-1.415085323957128201e-06,-2.930129419747017206e-06,-5.342309822266406183e-06,-8.912031497902693793e-06,-1.391957746954297523e-05,-2.066137654982716794e-05,-2.944610592856881600e-05,-4.059070197875101603e-05,-5.441634920694609029e-05,-7.124451241770514811e-05,-9.139307112011646646e-05,-1.151726082406207127e-04,-1.428828975672519056e-04,-1.748096259409015951e-04,-2.112213781542764362e-04,-2.523669036955399655e-04,-2.984726765214257239e-04,-3.497407511205616044e-04,-4.063469112616444057e-04,-4.684391010214896951e-04,-5.361361227885759560e-04,-6.095265822816932312e-04,-6.886680575697695086e-04,-7.735864667771014981e-04,-8.642756084645774033e-04,-9.606968489951721573e-04,-1.062778931998591483e-03,-1.170417887835220909e-03,-1.283477023599578770e-03,-1.401786978792424199e-03,-1.525145834879745085e-03,-1.653319273133949368e-03,-1.786040779138977535e-03,-1.923011897881992576e-03,-2.063902547648239962e-03,-2.208351406005251878e-03,-2.355966385080681021e-03,-2.506325216190178392e-03,-2.658976167232015523e-03,-2.813438917365029997e-03,-2.969205615380628768e-03,-3.125742146519651810e-03,-3.282489632712562010e-03,-3.438866188518305191e-03,-3.594268952337378951e-03,-3.748076407516170473e-03,-3.899651005061724116e-03,-4.048342092201045322e-03,-4.193489146763470198e-03,-4.334425309786883035e-03,-4.470481202195788865e-03,-4.600989006119205610e-03,-4.725286781800942110e-03,-4.842722987779450941e-03,-4.952661163265145890e-03,-5.054484728229272604e-03,-5.147601849682858707e-03,-5.231450320891560188e-03,-5.305502394946255522e-03,-5.369269513189355893e-03,-5.422306867624860846e-03,-5.464217736341975620e-03,-5.494657531421308014e-03,-5.513337502251479220e-03,-5.520028039136196628e-03,-5.514561527176616018e-03,-5.496834704747230113e-03,-5.466810487736644374e-03,-5.424519226921528485e-03,-5.370059373242990278e-03,-5.303597533504941786e-03,-5.225367907521526536e-03,-5.135671105487654708e-03,-5.034872352976293292e-03,-4.923399099264213347e-03,-4.801738052240658687e-03,-4.670431672047318031e-03,-4.530074159137580103e-03,-4.381306984871308381e-03,-4.224814011826451624e-03,-4.061316260682223782e-03,-3.891566382009087940e-03,-3.716342896252892297e-03,-3.536444264851129442e-03,-3.352682859278117034e-03,-3.165878893146291308e-03,-2.976854382511670040e-03,-2.786427197779509524e-03,-2.595405267918704864e-03,-2.404580994807833244e-03,-2.214725931100115699e-03,-2.026585770654253105e-03,-1.840875695285651599e-03,-1.658276116255122910e-03,-1.479428842461489105e-03,-1.304933701838322142e-03
nan,-1.579352787579371650e-08,-1.371775336866050254e-07,-4.989046412757589885e-07,-1.266005490033607770e-06,-2.631645301842018762e-06,-4.814540325960274349e-06,-8.056001233972366884e-06,-1.261667369889023071e-05,-1.877304771429159506e-05,-2.681380698631505768e-05,-3.703608778620614297e-05,-4.974171335228668876e-05,-6.523346529222260161e-05,-8.381144766726300165e-05,-1.057695928053815616e-04,-1.313923506115187185e-04,-1.609515951525773106e-04,-1.947037746337737204e-04,-2.328873225191360806e-04,-2.757203400126793848e-04,-3.233985526244252478e-04,-3.760935370708089198e-04,-4.339512083623103355e-04,-4.970905523460770244e-04,-5.656025846382825659e-04,-6.395495140729508731e-04,-7.189640867157212969e-04,-8.038490859459817032e-04,-8.941769645280069415e-04,-9.898895854871675188e-04,-1.090898051372921193e-03,-1.197082604119429315e-03,-1.308292582197196881e-03,-1.424346424788595954e-03,-1.545031718692636098e-03,-1.670105287539897778e-03,-1.799293328237761176e-03,-1.932291603698701966e-03,-2.068765705768456885e-03,-2.208351406005243638e-03,-2.350655114674819225e-03,-2.495254471495642577e-03,-2.641699092665520179e-03,-2.789511500450363168e-03,-2.938188259929358850e-03,-3.087201347629106411e-03,-3.235999774068459758e-03,-3.384011479548965778e-03,-3.530645517643168571e-03,-3.675294537942255801e-03,-3.817337572318099670e-03,-3.956143124748745694e-03,-4.091072557373543438e-03,-4.221483759031164143e-03,-4.346735077369403427e-03,-4.466189486264003639e-03,-4.579218957064922456e-03,-4.685208993688027429e-03,-4.783563288224839186e-03,-4.873708446907108575e-03,-4.955098734567121334e-03,-5.027220780550206713e-03,-5.089598188137459470e-03,-5.141795988180038017e-03,-5.183424877566488072e-03,-5.214145183529863940e-03,-5.233670498166267081e-03,-5.241770929409027800e-03,-5.238275919640320195e-03,-5.223076587329713617e-03,-5.196127553689070325e-03,-5.157448222368726971e-03,-5.107123487357097258e-03,-5.045303851768564649e-03,-4.972204948417425358e-03,-4.888106460617993101e-03,-4.793350449967734989e-03,-4.688339105939297834e-03,-4.573531939411165648e-03,-4.449442450899612420e-03,-4.316634307673196565e-03,-4.175717076002281522e-03,-4.027341553881857300e-03,-3.872194758965464070e-03,-3.710994627896281421e-03,-3.544484488034207754e-03,-3.373427362270597658e-03,-3.198600171381342939e-03,-3.020787896780703554e-03,-2.840777766589205802e-03,-2.659353526263295679e-03,-2.477289852470368307e-03,-2.295346966121538431e-03,-2.114265496225864807e-03,-1.934761642054461800e-03,-1.757522676015731969e-03,-1.583202824506134074e-03,-1.412419557790777153e-03,-1.245750314705606305e-03
nan,-1.384091168474225454e-08,-1.210069446031886540e-07,-4.425339404408255701e-07,-1.128288526401011603e-06,-2.354997576725585786e-06,-4.323859645168916425e-06,-7.257801676743174781e-06,-1.139844727735792761e-05,-1.700286404446847517e-05,-2.434015721552909217e-05,-3.368797501552261563e-05,-4.532898792019053607e-05,-5.954739962642115181e-05,-7.662554202091944548e-05,-9.684060012970912570e-05,-1.204615061115973040e-04,-1.477460337849125622e-04,-1.789381179107312955e-04,-2.142654145508259543e-04,-2.539371116990931493e-04,-2.981419923250638935e-04,-3.470467458853625318e-04,-4.007945183653039128e-04,-4.595036866427564828e-04,-5.232668389555434783e-04,-5.921499406913680475e-04,-6.661916628628974978e-04,-7.454028502334328560e-04,-8.297661065736966013e-04,-9.192354755122488430e-04,-1.013736198186124086e-03,-1.113164531514501720e-03,-1.217387615291618983e-03,-1.326243379283277915e-03,-1.439540487277229421e-03,-1.557058318800769690e-03,-1.678546994355694299e-03,-1.803727453991808317e-03,-1.932291603698711724e-03,-2.063902547648241263e-03,-2.198194926896799000e-03,-2.334775388139039877e-03,-2.473223207003316052e-03,-2.613091091988141608e-03,-2.753906193434270313e-03,-2.895171341981662809e-03,-3.036366538251748706e-03,-3.176950712829666821e-03,-3.316363770825770090e-03,-3.454028932420713169e-03,-3.589355373683134152e-03,-3.721741167802622690e-03,-3.850576519704234594e-03,-3.975247280749269647e-03,-4.095138725186942517e-03,-4.209639560947096328e-03,-4.318146144207680656e-03,-4.420066858930355932e-03,-4.514826619285922452e-03,-4.601871446263410340e-03,-4.680673068099988100e-03,-4.750733489131593774e-03,-4.811589470787799167e-03,-4.862816867113550941e-03,-4.904034757137570345e-03,-4.934909316736675426e-03,-4.955157375910548313e-03,-4.964549609170038590e-03,-4.962913311504504703e-03,-4.950134716468332710e-03,-4.926160819263598542e-03,-4.891000673559965997e-03,-4.844726137655451861e-03,-4.787472052865377956e-03,-4.719435844933582425e-03,-4.640876546584678068e-03,-4.552113247329615982e-03,-4.453522984463577188e-03,-4.345538096240053605e-03,-4.228643066563791617e-03,-4.103370893838206857e-03,-3.970299028298784373e-03,-3.830044921272187774e-03,-3.683261238912041800e-03,-3.530630794376062205e-03,-3.372861257074947269e-03,-3.210679697359404301e-03,-3.044827028662959977e-03,-2.876052407614663412e-03,-2.705107652714679178e-03,-2.532741740588835729e-03,-2.359695436399017812e-03,-2.186696112334175074e-03,-2.014452804048323491e-03,-1.843651550907553054e-03,-1.674951061031898329e-03,-1.508978737187908602e-03,-1.346327093626225940e-03,-1.187550588905343435e-03
nan,-1.206714735424181985e-08,-1.062523595886478324e-07,-3.908881244454410206e-07,-1.001633582757380360e-06,-2.099668876256608796e-06,-3.869494397257602913e-06,-6.516394508030688819e-06,-1.026362806772756968e-05,-1.534940922370096132e-05,-2.202374164768824871e-05,-3.054516758470738892e-05,-4.117749004726566769e-05,-5.418652227009456194e-05,-6.983691330581201398e-05,-8.838909265590428113e-05,-1.100963702695592465e-04,-1.352022210824173039e-04,-1.639377763957735039e-04,-1.965195369478792869e-04,-2.331473158253215250e-04,-2.740024127329490243e-04,-3.192460154483522591e-04,-3.690178186941163192e-04,-4.234348467045895639e-04,-4.825904620722902333e-04,-5.465535411405801234e-04,-6.153677945712867151e-04,-6.890512114639374928e-04,-7.675956060131327273e-04,-8.509662467552189975e-04,-9.391015511749264662e-04,-1.031912831042718862e-03,-1.129284078114411354e-03,-1.231071782758768208e-03,-1.337104783635993102e-03,-1.447184150198371983e-03,-1.561083104718030690e-03,-1.678546994355686493e-03,-1.799293328237761393e-03,-1.923011897881985854e-03,-2.049365001753949891e-03,-2.177987797535841340e-03,-2.308488806494250322e-03,-2.440450595807291349e-03,-2.573430662996545933e-03,-2.706962546586686759e-03,-2.840557184418521751e-03,-2.973704538405162225e-03,-3.105875499824022144e-03,-3.236524086387564374e-03,-3.365089935423567526e-03,-3.491001093419618916e-03,-3.613677095227700326e-03,-3.732532320126409533e-03,-3.846979607030874722e-03,-3.956434102356664803e-03,-4.060317310955408911e-03,-4.158061312571194844e-03,-4.249113103073631770e-03,-4.332939013312189086e-03,-4.409029156821299943e-03,-4.476901852721295628e-03,-4.536107969307061859e-03,-4.586235132491804124e-03,-4.626911743226471731e-03,-4.657810748288127717e-03,-4.678653111990325499e-03,-4.689210938070077425e-03,-4.689310195585370301e-03,-4.678833006592573139e-03,-4.657719459437680010e-03,-4.625968917178567737e-03,-4.583640797234132813e-03,-4.530854805389224887e-03,-4.467790614875300111e-03,-4.394686988341028021e-03,-4.311840348187881249e-03,-4.219602808318162653e-03,-4.118379687118997254e-03,-4.008626529578329482e-03,-3.890845669592089221e-03,-3.765582374824597532e-03,-3.633420615617032664e-03,-3.494978508247269071e-03,-3.350903484222107417e-03,-3.201867241793365446e-03,-3.048560535669468056e-03,-2.891687864429642440e-03,-2.731962113731991812e-03,-2.570099213511269597e-03,-2.406812865875281992e-03,-2.242809398096149483e-03,-2.078782792562850357e-03,-1.915409941696554147e-03,-1.753346172001404250e-03,-1.593221076763318275e-03,-1.435634692191524887e-03,-1.281154046091498300e-03,-1.130310103319218237e-03
nan,-1.046477516233005516e-08,-9.285858996388054930e-08,-3.437961726660735485e-07,-8.856714928044534231e-07,-1.865008840468606813e-06,-3.450442358001662887e-06,-5.830379889250721231e-06,-9.210409575271576179e-06,-1.381050863280730131e-05,-1.986211344035885949e-05,-2.760510830154613097e-05,-3.728478734561799457e-05,-4.914884001072787102e-05,-6.344440558288660925e-05,-8.041523659605333155e-05,-1.002990046919043050e-04,-1.233247757862877359e-04,-1.497106749105520888e-04,-1.796617540987712337e-04,-2.133680704012427994e-04,-2.510029749021999365e-04,-2.927216083138769369e-04,-3.386595935228545054e-04,-3.889319118182792134e-04,-4.436319461541474293e-04,-5.028306727192338428e-04,-5.665759806633959093e-04,-6.348920997177391308e-04,-7.077791161461572137e-04,-7.852125586076957745e-04,-8.671430382000044814e-04,-9.534959295338230187e-04,-1.044171083832535953e-03,-1.139042567927596493e-03,-1.237958428366622279e-03,-1.340740483382108416e-03,-1.447184150198377187e-03,-1.557058318800767522e-03,-1.670105287539904500e-03,-1.786040779138976234e-03,-1.904554057981958136e-03,-2.025308172180259603e-03,-2.147940344632735636e-03,-2.272062538637110649e-03,-2.397262221894419770e-03,-2.523103352654670287e-03,-2.649127609076524711e-03,-2.774855880276121643e-03,-2.899790032952692838e-03,-3.023414964663670868e-03,-3.145200948124544059e-03,-3.264606266913950769e-03,-3.381080136233812709e-03,-3.494065896450934076e-03,-3.603004462380315388e-03,-3.707338002789742088e-03,-3.806513821590957677e-03,-3.899988404496118957e-03,-3.987231591809247376e-03,-4.067730831835468866e-03,-4.140995467820157358e-03,-4.206561006604060335e-03,-4.263993316351654718e-03,-4.312892699403265799e-03,-4.352897786269472810e-03,-4.383689197001951719e-03,-4.404992919224312922e-03,-4.416583353717915168e-03,-4.418285982847700889e-03,-4.409979620902732510e-03,-4.391598211211558689e-03,-4.363132140385277656e-03,-4.324629046328192991e-03,-4.276194103427963765e-03,-4.217989775603473920e-03,-4.150235034740898041e-03,-4.073204049368376982e-03,-3.987224355726179566e-03,-3.892674529888086581e-03,-3.789981387364496374e-03,-3.679616739646936717e-03,-3.562093748048010371e-03,-3.437962914348676336e-03,-3.307807756258416415e-03,-3.172240217032606079e-03,-3.031895862939901123e-03,-2.887428922096512036e-03,-2.739507221596886640e-03,-2.588807078543985379e-03,-2.436008200710260401e-03,-2.281788651164401785e-03,-2.126819929013330085e-03,-1.971762216004349557e-03,-1.817259835062891120e-03,-1.663936963191950001e-03,-1.512393636719315624e-03,-1.363202082377406102e-03,-1.216903402255748541e-03,-1.074004636045999437e-03
nan,-9.025438352344179915e-09,-8.076322716440334735e-08,-3.010625733185031687e-07,-7.799747995824158377e-07,-1.650252909330372775e-06,-3.065503557393516902e-06,-5.198043641346897529e-06,-8.236516081559352642e-06,-1.238332025025370253e-05,-1.785191215979627606e-05,-2.486402781868456206e-05,-3.364688037603355146e-05,-4.443037786003193950e-05,-5.744440360174713042e-05,-7.291619608235576052e-05,-9.106785908642654986e-05,-1.121140266958203498e-04,-1.362597015694001605e-04,-1.636982784023185229e-04,-1.946097585764898919e-04,-2.291591562329846582e-04,-2.674950910723865294e-04,-3.097485583831332862e-04,-3.560318634562735832e-04,-4.064377044749070103e-04,-4.610383861220602010e-04,-5.198851449319585654e-04,-5.830075674331766959e-04,-6.504130829163549564e-04,-7.220865138716725746e-04,-7.979896697983924559e-04,-8.780609726427498216e-04,-9.622151061432164922e-04,-1.050342684177318865e-03,-1.142309938336518067e-03,-1.237958428366622713e-03,-1.337104783635998089e-03,-1.439540487277227903e-03,-1.545031718692642603e-03,-1.653319273133949368e-03,-1.764118579246213995e-03,-1.877119837911324753e-03,-1.991988306360553337e-03,-2.108364752744344012e-03,-2.225866104637607996e-03,-2.344086314801495201e-03,-2.462597464879070098e-03,-2.580951125151420642e-03,-2.698679984014151680e-03,-2.815299758063371464e-03,-2.930311387209252622e-03,-3.043203515332206129e-03,-3.153455250504888854e-03,-3.260539193065897269e-03,-3.363924715214860334e-03,-3.463081467632902685e-03,-3.557483085698757291e-03,-3.646611060476361455e-03,-3.729958736630542820e-03,-3.807035393472305799e-03,-3.877370363812150320e-03,-3.940517140737376765e-03,-3.996057421626506186e-03,-4.043605037426564915e-03,-4.082809715200699623e-03,-4.113360622112724116e-03,-4.134989641949436689e-03,-4.147474336800877071e-03,-4.150640550713634129e-03,-4.144364615770922307e-03,-4.128575126553123663e-03,-4.103254254226432196e-03,-4.068438577495665613e-03,-4.024219414158975230e-03,-3.970742643936210105e-03,-3.908208019841930003e-03,-3.836867972346411602e-03,-3.757025917597663859e-03,-3.669034087191650872e-03,-3.573290904444520813e-03,-3.470237935012248330e-03,-3.360356450174370978e-03,-3.244163640282350571e-03,-3.122208524040255215e-03,-2.995067600582835762e-03,-2.863340295496005512e-03,-2.727644251792169135e-03,-2.588610520135899498e-03,-2.446878701379958873e-03,-2.303092094620234464e-03,-2.157892902673356431e-03,-2.011917544822332000e-03,-1.865792124398234567e-03,-1.720128095293262669e-03,-1.575518168033679780e-03,-1.432532491824271012e-03,-1.291715144694760651e-03,-1.153580958699725262e-03,-1.018612702725353071e-03
nan,-7.740059103065978824e-09,-6.989800316725945945e-08,-2.624717520067676309e-07,-6.840678601484251894e-07,-1.454541281341852268e-06,-2.713311683891828343e-06,-4.617404945646293423e-06,-7.339270600714975693e-06,-1.106442678454308625e-05,-1.598898383362565479e-05,-2.231709604484933328e-05,-3.025838843143066365e-05,-4.002540169214020035e-05,-5.183109415142650190e-05,-6.588643438408971870e-05,-8.239811272985610939e-05,-1.015663939521465898e-04,-1.235831275907464254e-04,-1.486299264448797178e-04,-1.768765181432877887e-04,-2.084792693912293970e-04,-2.435798779333442484e-04,-2.823042228471159092e-04,-3.247613607375953023e-04,-3.710426526323115583e-04,-4.212210047572774690e-04,-4.753502053537133980e-04,-5.334643398458297414e-04,-5.955772675311929660e-04,-6.616821442403318350e-04,-7.317509780297621908e-04,-8.057342074947546756e-04,-8.835602961844225053e-04,-9.651353393505209856e-04,-1.050342684177318865e-03,-1.139042567927597144e-03,-1.231071782758773629e-03,-1.326243379283276397e-03,-1.424346424788602242e-03,-1.525145834879745085e-03,-1.628382299359059293e-03,-1.733772325433856473e-03,-1.841008421898761467e-03,-1.949759449039749955e-03,-2.059671157311772447e-03,-2.170366937627713714e-03,-2.281448803494724037e-03,-2.392498622738461773e-03,-2.503079612220779349e-03,-2.612738106239368297e-03,-2.721005603064058191e-03,-2.827401090263738544e-03,-2.931433643234828464e-03,-3.032605285801801345e-03,-3.130414097302511734e-03,-3.224357542731268525e-03,-3.313935999666057890e-03,-3.398656448613094055e-03,-3.478036290478162679e-03,-3.551607249158031041e-03,-3.618919315772663615e-03,-3.679544686665504275e-03,-3.733081646523636783e-03,-3.779158346703713391e-03,-3.817436428844035376e-03,-3.847614443946812540e-03,-3.869431019929770073e-03,-3.882667732071876012e-03,-3.887151634773193792e-03,-3.882757416531485220e-03,-3.869409145248172300e-03,-3.847081576063453908e-03,-3.815800999604847515e-03,-3.775645614756424802e-03,-3.726745416651406576e-03,-3.669281596927172120e-03,-3.603485459900870012e-03,-3.529636865067199789e-03,-3.448062212242794956e-03,-3.359131992830781573e-03,-3.263257933430069660e-03,-3.160889768049027649e-03,-3.052511674393702714e-03,-2.938638417530864411e-03,-2.819811245479729618e-03,-2.696593585291633469e-03,-2.569566588086498026e-03,-2.439324574662518619e-03,-2.306470432151083716e-03,-2.171611012355630348e-03,-2.035352581199175413e-03,-1.898296366773449774e-03,-1.761034251333994062e-03,-1.624144649309851871e-03,-1.488188610114538849e-03,-1.353706180553127230e-03,-1.221213057561834929e-03,-1.091197557106798974e-03,-9.641179208949992663e-04
nan,-6.599012448677334788e-09,-6.019013606524356177e-08,-2.277924552093847598e-07,-5.974368553377906595e-07,-1.276937709810097122e-06,-2.392365247662981997e-06,-4.086263723914099285e-06,-6.515662447744151454e-06,-9.849927381164645874e-06,-1.426850058987304382e-05,-1.995857322537359868e-05,-2.711273516721087460e-05,-3.592664102539499106e-05,-4.659672799532098715e-05,-5.931801631762858743e-05,-7.428201792915356853e-05,-9.167477332960772445e-05,-1.116750313628256977e-04,-1.344525809274312608e-04,-1.601667385462806075e-04,-1.889649907624036394e-04,-2.209817861427748782e-04,-2.563374676186356898e-04,-2.951373331355683425e-04,-3.374708101027032686e-04,-3.834107277297042868e-04,-4.330126705064176753e-04,-4.863143963490331356e-04,-5.433353038665345155e-04,-6.040759345298554435e-04,-6.685174980975983061e-04,-7.366214121355351384e-04,-8.083288502315039929e-04,-8.835602961844223968e-04,-9.622151061432160585e-04,-1.044171083832536387e-03,-1.129284078114416124e-03,-1.217387615291617466e-03,-1.308292582197202302e-03,-1.401786978792423765e-03,-1.497635760922246418e-03,-1.595580795988701473e-03,-1.695340954786548043e-03,-1.796612363733232067e-03,-1.899068840052976900e-03,-2.002362532211055760e-03,-2.106124785344264463e-03,-2.209967249001860978e-03,-2.313483240318175808e-03,-2.416249373084516060e-03,-2.517827457201292276e-03,-2.617766669303570135e-03,-2.715605989367903417e-03,-2.810876892775338379e-03,-2.903106283014209206e-03,-2.991819642702446113e-03,-3.076544377856219037e-03,-3.156813323548066878e-03,-3.232168376275032073e-03,-3.302164212886631294e-03,-3.366372054503513536e-03,-3.424383429638163182e-03,-3.475813889982667763e-03,-3.520306631086367148e-03,-3.557535970152640205e-03,-3.587210633233856808e-03,-3.609076806796224571e-03,-3.622920909957182047e-03,-3.628572047489831993e-03,-3.625904107011364719e-03,-3.614837468689226837e-03,-3.595340300672132412e-03,-3.567429418829619423e-03,-3.531170695320744700e-03,-3.486679006764784820e-03,-3.434117718851035974e-03,-3.373697710487085118e-03,-3.305675947033091377e-03,-3.230353617795997129e-03,-3.148073859781149418e-03,-3.059219092306344600e-03,-2.964207996671180435e-03,-2.863492174311836266e-03,-2.757552524355474325e-03,-2.646895382695667927e-03,-2.532048468535865338e-03,-2.413556684297970580e-03,-2.291977817799907818e-03,-2.167878194552341504e-03,-2.041828328206822269e-03,-1.914398616063567879e-03,-1.786155124740881894e-03,-1.657655509088864446e-03,-1.529445104351051391e-03,-1.402053228481638667e-03,-1.275989727760251310e-03,-1.151741795012085640e-03,-1.029771085102872520e-03,-9.105111484304594625e-04
nan,-5.592295343488708407e-09,-5.156363897662391404e-08,-1.967820172573933051e-07,-5.195395405089579884e-07,-1.116447826747453077e-06,-2.101057985354492650e-06,-3.602246905319279966e-06,-5.762413280541079546e-06,-8.735527346569405550e-06,-1.268507783284934191e-05,-1.778195807986475313e-05,-2.420233083684969260e-05,-3.212550801521597572e-05,-4.173187771248998635e-05,-5.320090638014757077e-05,-6.670923917847399744e-05,-8.242891638118419616e-05,-1.005257187382380379e-04,-1.211576494401036158e-04,-1.444735556262564274e-04,-1.706118878133057112e-04,-1.996995917855863144e-04,-2.318511237980916374e-04,-2.671675774641295862e-04,-3.057359084921109802e-04,-3.476282422417458135e-04,-3.929012484124274262e-04,-4.415955675536953687e-04,-4.937352750770862466e-04,-5.493273698209041054e-04,-6.083612767376325638e-04,-6.708083557108735764e-04,-7.366214121355348131e-04,-8.057342074947540251e-04,-8.780609726427491711e-04,-9.534959295338228018e-04,-1.031912831042722549e-03,-1.113164531514500418e-03,-1.197082604119434519e-03,-1.283477023599578336e-03,-1.372135934798113938e-03,-1.462825529314858500e-03,-1.555290053048348888e-03,-1.649251968266604931e-03,-1.744412292207034483e-03,-1.840451133899926846e-03,-1.937028448421139340e-03,-2.033785025419620161e-03,-2.130343724724312500e-03,-2.226310969253914984e-03,-2.321278499722891509e-03,-2.414825392072304094e-03,-2.506520332834866367e-03,-2.595924142527674013e-03,-2.682592533049120605e-03,-2.766079077897297834e-03,-2.845938371374334610e-03,-2.921729346474228294e-03,-2.993018718435899381e-03,-3.059384515723518206e-03,-3.120419658834068608e-03,-3.175735543291104222e-03,-3.224965582468185439e-03,-3.267768664669591823e-03,-3.303832478913470982e-03,-3.332876663860768248e-03,-3.354655736900696503e-03,-3.368961761639473022e-03,-3.375626715624855442e-03,-3.374524523297821581e-03,-3.365572723784683064e-03,-3.348733747796124940e-03,-3.324015782965897888e-03,-3.291473212606667569e-03,-3.251206618766256523e-03,-3.203362346251785887e-03,-3.148131630192233226e-03,-3.085749295855300806e-03,-3.016492044760344694e-03,-2.940676347620276455e-03,-2.858655967107196719e-03,-2.770819142567822451e-03,-2.677585468078661022e-03,-2.579402502361262568e-03,-2.476742150236143931e-03,-2.370096858935392351e-03,-2.259975672582220825e-03,-2.146900191007267492e-03,-2.031400478107367544e-03,-1.914010965147193129e-03,-1.795266393368632378e-03,-1.675697838590521106e-03,-1.555828858591006654e-03,-1.436171801181389002e-03,-1.317224307970488607e-03,-1.199466045279195267e-03,-1.083355690055512336e-03,-9.693281942743491985e-04,-8.577923475853824762e-04
nan,-4.709688351036412215e-09,-4.394057254759018275e-08,-1.691904460426811149e-07,-4.498145885376896816e-07,-9.720367135733422573e-07,-1.837708038264605191e-06,-3.162852864539307084e-06,-5.076040588769561235e-06,-7.716624486808273609e-06,-1.123288711418309899e-05,-1.578013065469000017e-05,-2.151874823263944799e-05,-2.861230914867448746e-05,-3.722568728207357525e-05,-4.752325775340019923e-05,-5.966718244035397174e-05,-7.381580013105651437e-05,-9.012213250768050298e-05,-1.087325122952136037e-04,-1.297853355838902035e-04,-1.534099361483327298e-04,-1.797255760954769509e-04,-2.088405438265304248e-04,-2.408513480868003387e-04,-2.758419949316433966e-04,-3.138833334373043954e-04,-3.550324554918143764e-04,-3.993321354752577121e-04,-4.468102966776431859e-04,-4.974794927076977734e-04,-5.513363946033402732e-04,-6.083612767376328891e-04,-6.685174980975980893e-04,-7.317509780297621908e-04,-7.979896697983920222e-04,-8.671430382000049151e-04,-9.391015511749304778e-04,-1.013736198186122785e-03,-1.090898051372926397e-03,-1.170417887835220909e-03,-1.252105893088210475e-03,-1.335751467527307055e-03,-1.421123158097806812e-03,-1.507968738146439744e-03,-1.596015456828279088e-03,-1.684970479101424810e-03,-1.774521534923501152e-03,-1.864337793983536235e-03,-1.954070978422768178e-03,-2.043356723498520721e-03,-2.131816190679931399e-03,-2.219057934232153851e-03,-2.304680016899895902e-03,-2.388272365411271865e-03,-2.469419352587424576e-03,-2.547702586036400176e-03,-2.622703880863326825e-03,-2.694008387684751395e-03,-2.761207844631417222e-03,-2.823903917060189075e-03,-2.881711587393342208e-03,-2.934262553645510061e-03,-2.981208594515380450e-03,-3.022224857732667882e-03,-3.057013028378717696e-03,-3.085304333848491037e-03,-3.106862344561676665e-03,-3.121485530671936313e-03,-3.129009538401541970e-03,-3.129309152620967770e-03,-3.122299916620060491e-03,-3.107939384444956005e-03,-3.086227985929826910e-03,-3.057209489900399729e-03,-3.020971056583537668e-03,-2.977642875754916030e-03,-2.927397392699605892e-03,-2.870448129896797148e-03,-2.807048117362336351e-03,-2.737487950736095573e-03,-2.662093498515771556e-03,-2.581223288505912847e-03,-2.495265602841291626e-03,-2.404635317714183974e-03,-2.309770525042104464e-03,-2.211128976765946042e-03,-2.109184392492398450e-03,-2.004422673907029634e-03,-1.897338068508142668e-03,-1.788429325416041353e-03,-1.678195885063391230e-03,-1.567134143011775357e-03,-1.455733826377569960e-03,-1.344474518660131353e-03,-1.233822366041321906e-03,-1.124226994911149431e-03,-1.016118666989511898e-03,-9.099056943197872350e-04,-8.059721329157263454e-04
nan,-3.940907592905785412e-09,-3.724222286602565091e-08,-1.447642682404582322e-07,-3.876903896486134488e-07,-8.426454637873126225e-07,-1.600585480271593521e-06,-2.765493384922881958e-06,-4.452917705067069259e-06,-6.788390801213719192e-06,-9.905763048878823670e-06,-1.394548779700316984e-05,-1.905288974679682847e-05,-2.537644652177347695e-05,-3.306610972177383330e-05,-4.227168789051780436e-05,-5.314130964690385976e-05,-6.581998078317517601e-05,-8.044824489503034739e-05,-9.716095264472708549e-05,-1.160861407940276947e-04,-1.373440183264937429e-04,-1.610460538156724614e-04,-1.872941551801085764e-04,-2.161799310075846294e-04,-2.477840209331519383e-04,-2.821754817376062011e-04,-3.194112154901065210e-04,-3.595354266178691434e-04,-4.025790958637045841e-04,-4.485594605188822641e-04,-4.974794927076977734e-04,-5.493273698209045390e-04,-6.040759345298554435e-04,-6.616821442403316182e-04,-7.220865138716725746e-04,-7.852125586076963166e-04,-8.509662467552229007e-04,-9.192354755122477588e-04,-9.898895854871727230e-04,-1.062778931998591483e-03,-1.137734532752958556e-03,-1.214567813149835390e-03,-1.293070470762983180e-03,-1.373014481235448067e-03,-1.454152266268193914e-03,-1.536217044012992564e-03,-1.618923379841022761e-03,-1.701967953264906441e-03,-1.785030553081421974e-03,-1.867775310392927627e-03,-1.949852173972042683e-03,-2.030898629143711252e-03,-2.110541656192687493e-03,-2.188399919648566228e-03,-2.264086176053062543e-03,-2.337209881365596206e-03,-2.407379976729110641e-03,-2.474207825501462295e-03,-2.537310271971553437e-03,-2.596312787475758138e-03,-2.650852668390475762e-03,-2.700582246805213835e-03,-2.745172074031605215e-03,-2.784314035949310342e-03,-2.817724359227180737e-03,-2.845146467361992209e-03,-2.866353647787971571e-03,-2.881151492357884696e-03,-2.889380076666632664e-03,-2.890915846512015410e-03,-2.885673183820957645e-03,-2.873605628566781520e-03,-2.854706737647416497e-03,-2.829010566741663440e-03,-2.796591766369531818e-03,-2.757565288588390614e-03,-2.712085705940061979e-03,-2.660346149786419444e-03,-2.602576879888627345e-03,-2.539043502896748059e-03,-2.470044859582636206e-03,-2.395910608846799159e-03,-2.316998535846049190e-03,-2.233691617994810162e-03,-2.146394883646251476e-03,-2.055532101521998379e-03,-1.961542339015783908e-03,-1.864876430056958481e-03,-1.765993392428935691e-03,-1.665356834649179630e-03,-1.563431391652650524e-03,-1.460679227078920221e-03,-1.357556638328077676e-03,-1.254510798050845590e-03,-1.151976663198726056e-03,-1.050374079668964971e-03,-9.501051074174228549e-04,-8.515515870885120072e-04,-7.550729659424578258e-04
nan,-3.275744995421475118e-09,-3.139018941312812659e-08,-1.232500837378920160e-07,-3.325931929210767301e-07,-7.272065209968867744e-07,-1.387937835913989215e-06,-2.407532599357846450e-06,-3.889329557203076719e-06,-5.945848469583297652e-06,-8.697302890197206886e-06,-1.227006949808167319e-05,-1.679514339776892731e-05,-2.240660611008644251e-05,-2.924012973234612695e-05,-3.743153716216471207e-05,-4.711543441317995361e-05,-5.842392695424440029e-05,-7.148542810813314247e-05,-8.642356346174396079e-05,-1.033561716242567351e-04,-1.223943982055226542e-04,-1.436418770371979548e-04,-1.671939899586098483e-04,-1.931371947694228300e-04,-2.215484094854156417e-04,-2.524944403833948156e-04,-2.860314411149639593e-04,-3.222043908006687698e-04,-3.610465801217756622e-04,-4.025790958637083246e-04,-4.468102966776475770e-04,-4.937352750770911255e-04,-5.433353038665395028e-04,-5.955772675311980617e-04,-6.504130829163602689e-04,-7.077791161461635021e-04,-7.675956060131429188e-04,-8.297661065737021308e-04,-8.941769645280182172e-04,-9.606968489951792046e-04,-1.029176352748197541e-03,-1.099447685485350264e-03,-1.171324479961353493e-03,-1.244601732406004028e-03,-1.319055897150938576e-03,-1.394445154995535736e-03,-1.470509872591004930e-03,-1.546973268021421127e-03,-1.623542294227065409e-03,-1.699908749604343416e-03,-1.775750620201035261e-03,-1.850733654785119376e-03,-1.924513169184153324e-03,-1.996736071877168971e-03,-2.067043099267486771e-03,-2.135071242979205870e-03,-2.200456349203806002e-03,-2.262835864637843027e-03,-2.321851701188579198e-03,-2.377153187183988266e-03,-2.428400071649000798e-03,-2.475265544728420287e-03,-2.517439236723363356e-03,-2.554630157089085238e-03,-2.586569534788188927e-03,-2.613013521255421606e-03,-2.633745719411266072e-03,-2.648579503116723927e-03,-2.657360094424384648e-03,-2.659966368634842423e-03,-2.656312360910392800e-03,-2.646348452161755276e-03,-2.630062216059071527e-03,-2.607478913763093716e-03,-2.578661627834112711e-03,-2.543711031685940913e-03,-2.502764795778653680e-03,-2.455996636948550547e-03,-2.403615021686567911e-03,-2.345861539643589230e-03,-2.283008965658655902e-03,-2.215359036330928361e-03,-2.143239966497683443e-03,-2.067003737019214738e-03,-1.987023186269084012e-03,-1.903688940797882692e-03,-1.817406220724824412e-03,-1.728591557817833833e-03,-1.637669463514574613e-03,-1.545069084352575098e-03,-1.451220881493360754e-03,-1.356553369699509213e-03,-1.261489949613097111e-03,-1.166445864871190402e-03,-1.071825313236420734e-03,-9.780187380499334379e-04,-8.854003233730632985e-04,-7.943257126275714503e-04,-7.051299674987776848e-04
nan,-2.704195062047636540e-09,-2.630736964371492434e-08,-1.043977859661534609e-07,-2.839544911207676122e-07,-6.246576083884814852e-07,-1.198013284804554582e-06,-2.086322448481407731e-06,-3.381523506836175759e-06,-5.183939247697636027e-06,-7.600957612545647319e-06,-1.074567465793745473e-05,-1.473552604930920740e-05,-1.969093091421338023e-05,-2.573396886807911092e-05,-3.298710771230514076e-05,-4.157199574276674973e-05,-5.160832884863405818e-05,-6.321279901654443343e-05,-7.649812713593591906e-05,-9.157217972006383307e-05,-1.085371660300507454e-04,-1.274889095369560960e-04,-1.485161852542285011e-04,-1.717001129764397804e-04,-1.971135952100724540e-04,-2.248207880848122854e-04,-2.548765934496493028e-04,-2.873261610495226421e-04,-3.222043908006623730e-04,-3.595354266178659992e-04,-3.993321354752544052e-04,-4.415955675536918450e-04,-4.863143963490294494e-04,-5.334643398458250793e-04,-5.830075674331721422e-04,-6.348920997177344688e-04,-6.890512114639356497e-04,-7.454028502334265676e-04,-8.038490859459800769e-04,-8.642756084645710065e-04,-9.265512916503757922e-04,-9.905278437111449466e-04,-1.056039563866976484e-03,-1.122903225882645236e-03,-1.190918107566338226e-03,-1.259866184930994023e-03,-1.329512507557262637e-03,-1.399605769696240717e-03,-1.469879088300453645e-03,-1.540050996965819851e-03,-1.609826660134529254e-03,-1.678899308925551346e-03,-1.746951895366859056e-03,-1.813658957635099801e-03,-1.878688685553614197e-03,-1.941705169880232010e-03,-2.002370816722545341e-03,-2.060348903266338936e-03,-2.115306248764802118e-03,-2.166915970561070041e-03,-2.214860293809568607e-03,-2.258833380272647594e-03,-2.298544140992371879e-03,-2.333718996556782225e-03,-2.364104548734115990e-03,-2.389470127073117529e-03,-2.409610176118209390e-03,-2.424346449753315719e-03,-2.433529981944864643e-03,-2.437042805638250063e-03,-2.434799395018558740e-03,-2.426747810074194722e-03,-2.412870526232358589e-03,-2.393184936276660391e-03,-2.367743516274477007e-03,-2.336633651852858869e-03,-2.299977125635149777e-03,-2.257929271535505551e-03,-2.210677805717666065e-03,-2.158441349146412395e-03,-2.101467658529238610e-03,-2.040031589696572265e-03,-1.974432816834782896e-03,-1.904993336656119656e-03,-1.832054787529629677e-03,-1.755975616473008172e-03,-1.677128127017357738e-03,-1.595895443208012994e-03,-1.512668424375235906e-03,-1.427842565526037588e-03,-1.341814917503265188e-03,-1.254981059844113888e-03,-1.167732157881750743e-03,-1.080452133503304523e-03,-9.935149767987881513e-04,-9.072822231810992845e-04,-8.221006178337702348e-04,-7.382999860499924035e-04,-6.561913252013206041e-04
nan,-2.216566932153306750e-09,-2.191883038302296973e-08,-8.796341608756867998e-08,-2.412175758804514443e-07,-5.339541133367426906e-07,-1.029081327959545548e-06,-1.799234317829406762e-06,-2.925754796787394982e-06,-4.497586629098550195e-06,-6.610113674514956944e-06,-9.363965239311821892e-06,-1.286381257267858081e-05,-1.721717750427461974e-05,-2.253327152903995397e-05,-2.892188059527034754e-05,-3.649230758466704181e-05,-4.535238104070468771e-05,-5.560753545476249061e-05,-6.735996504897556335e-05,-8.070785003228818117e-05,-9.574465149896786221e-05,-1.125584688671922795e-04,-1.312314516325799579e-04,-1.518392559226803401e-04,-1.744505352868975557e-04,-1.991264547968305844e-04,-2.259202175552228655e-04,-2.548765934496542902e-04,-2.860314411149634715e-04,-3.194112154901093941e-04,-3.550324554918175206e-04,-3.929012484124310583e-04,-4.330126705064214700e-04,-4.753502053537172469e-04,-5.198851449319626854e-04,-5.665759806634007882e-04,-6.153677945712945213e-04,-6.661916628629018346e-04,-7.189640867157301874e-04,-7.735864667771071360e-04,-8.299446391225533777e-04,-8.879084916686641937e-04,-9.473316801951437403e-04,-1.008051463583580637e-03,-1.069888676494265079e-03,-1.132647857291245452e-03,-1.196117546970108759e-03,-1.260070772946859366e-03,-1.324265728405788194e-03,-1.388446655810336803e-03,-1.452344938834213223e-03,-1.515680404150479945e-03,-1.578162830214787900e-03,-1.639493656261739075e-03,-1.699367881581138190e-03,-1.757476139789005461e-03,-1.813506930741441269e-03,-1.867148987921368958e-03,-1.918093757019953723e-03,-1.966037957525547473e-03,-2.010686198095473429e-03,-2.051753613391289061e-03,-2.088968489519633671e-03,-2.122074844181785509e-03,-2.150834927696508060e-03,-2.175031610852254209e-03,-2.194470627465400833e-03,-2.208982640298551119e-03,-2.218425101546405397e-03,-2.222683881410588650e-03,-2.221674641460680017e-03,-2.215343932969341366e-03,-2.203670003939506728e-03,-2.186663302680378739e-03,-2.164366669966387088e-03,-2.136855216124929156e-03,-2.104235883524444017e-03,-2.066646699499193052e-03,-2.024255728555358382e-03,-1.977259737480696177e-03,-1.925882588701712883e-03,-1.870373384009936741e-03,-1.811004380168535063e-03,-1.748068703212093998e-03,-1.681877889133044993e-03,-1.612759281330240638e-03,-1.541053315329369297e-03,-1.467110723380600197e-03,-1.391289690984451929e-03,-1.313952997613506953e-03,-1.235465173267039866e-03,-1.156189701389608027e-03,-1.076486297414764670e-03,-9.967082902419524462e-04,-9.172001319508904949e-04,-8.382950586148720396e-04,-7.603129225641217437e-04,-6.835582134153669930e-04,-6.083182825751554937e-04
nan,-1.803580700222456894e-09,-1.815255837652004356e-08,-7.371162657914589860e-08,-2.038432083509099156e-07,-4.540798258506219325e-07,-8.794507510218433665e-07,-1.543686607652759960e-06,-2.518326262565794151e-06,-3.881750315889626123e-06,-5.718164879536497879e-06,-8.116558094424115494e-06,-1.116965009666784079e-05,-1.497285496979621167e-05,-1.962327064888484625e-05,-2.521870994707574870e-05,-3.185678289156344161e-05,-3.963403743619374627e-05,-4.864516267530063142e-05,-5.898225564479322926e-05,-7.073415013659677608e-05,-8.398580344742191824e-05,-9.881773497454433223e-05,-1.153055087097521061e-04,-1.335192505850376580e-04,-1.535231907532262575e-04,-1.753752206496740629e-04,-1.991264547968287413e-04,-2.248207880848149417e-04,-2.524944403833923761e-04,-2.821754817376065263e-04,-3.138833334373048833e-04,-3.476282422417463014e-04,-3.834107277297048831e-04,-4.212210047572777401e-04,-4.610383861220605263e-04,-5.028306727192346018e-04,-5.465535411405838097e-04,-5.921499406913679391e-04,-6.395495140729549931e-04,-6.886680575697700507e-04,-7.394070377105747653e-04,-7.916531825034674348e-04,-8.452781654660929556e-04,-9.001384010598457953e-04,-9.560749688184560233e-04,-1.012913683048880312e-03,-1.070465323034062435e-03,-1.128526036880273930e-03,-1.186877929184772772e-03,-1.245289840723149636e-03,-1.303518324296830096e-03,-1.361308818230704204e-03,-1.418397015001391032e-03,-1.474510418813671951e-03,-1.529370082995882034e-03,-1.582692513100438566e-03,-1.634191719659288224e-03,-1.683581400059205131e-03,-1.730577227026250733e-03,-1.774899217565704089e-03,-1.816274155237319410e-03,-1.854438035746487721e-03,-1.889138505332369324e-03,-1.920137260439640052e-03,-1.947212377228483508e-03,-1.970160539240460758e-03,-1.988799133329280204e-03,-2.002968184658438216e-03,-2.012532103921277436e-03,-2.017381222084451038e-03,-2.017433090857870173e-03,-2.012633530347670945e-03,-2.002957408584966296e-03,-1.988409141461495739e-03,-1.969022905446940475e-03,-1.944862559475103508e-03,-1.916021276171494050e-03,-1.882620886840335322e-03,-1.844810948140552078e-03,-1.802767542815766335e-03,-1.756691828419475925e-03,-1.706808354284068859e-03,-1.653363166395063234e-03,-1.596621724767241556e-03,-1.536866658739535806e-03,-1.474395388094596046e-03,-1.409517638061442545e-03,-1.342552878200516109e-03,-1.273827714686579611e-03,-1.203673265718382566e-03,-1.132422549224171033e-03,-1.060407911029542143e-03,-9.879585204990086293e-04,-9.153979588810978729e-04,-8.430419237532867484e-04,-7.711960707260085259e-04,-7.001540112627585534e-04,-6.301954826901334751e-04,-5.615847040747521226e-04
nan,-1.456447437321202099e-09,-1.494008570677417838e-08,-6.141774057227149750e-08,-1.713143750826586416e-07,-3.840559759910158660e-07,-7.474847969012462858e-07,-1.317168108163248025e-06,-2.155622135591625082e-06,-3.331472777435516417e-06,-4.918574064170871694e-06,-6.995104148870148862e-06,-9.642656991535849525e-06,-1.294534589460159181e-05,-1.698893268806559855e-05,-2.185999381288784800e-05,-2.764513184063633277e-05,-3.443023814583103849e-05,-4.229980979497286142e-05,-5.133632099195234932e-05,-6.161964704527637482e-05,-7.322653660103994888e-05,-8.623012612276921703e-05,-1.006994889798447124e-04,-1.166992105832826386e-04,-1.342889803008264480e-04,-1.535231907532266370e-04,-1.744505352868962818e-04,-1.971135952100753542e-04,-2.215484094854138527e-04,-2.477840209331526973e-04,-2.758419949316443182e-04,-3.057359084921122271e-04,-3.374708101027042986e-04,-3.710426526323125883e-04,-4.064377044749082029e-04,-4.436319461541488388e-04,-4.825904620722942990e-04,-5.232668389555441288e-04,-5.656025846382871196e-04,-6.095265822816944238e-04,-6.549545961532195811e-04,-7.017888461089188869e-04,-7.499176680102685299e-04,-7.992152776352864354e-04,-8.495416543974081049e-04,-9.007425607773557070e-04,-9.526497115372829436e-04,-1.005081105112465073e-03,-1.057841526805455281e-03,-1.110723231553403063e-03,-1.163506810268545967e-03,-1.215962241274517845e-03,-1.267850124643221145e-03,-1.318923093829933030e-03,-1.368927396264670851e-03,-1.417604629938396411e-03,-1.464693621219366297e-03,-1.509932424980771999e-03,-1.553060426279989159e-03,-1.593820519451198984e-03,-1.631961339578880338e-03,-1.667239518616024088e-03,-1.699421937951129313e-03,-1.728287948280946831e-03,-1.753631527719710448e-03,-1.775263348814933766e-03,-1.793012726803496805e-03,-1.806729422053788810e-03,-1.816285271797972748e-03,-1.821575628237446847e-03,-1.822520582741185601e-03,-1.819065958874100481e-03,-1.811184059942600117e-03,-1.798874160286251722e-03,-1.782162733061784781e-03,-1.761103410980910302e-03,-1.735776679916973273e-03,-1.706289309224210630e-03,-1.672773525833696475e-03,-1.635385943287412640e-03,-1.594306258304954227e-03,-1.549735733320013005e-03,-1.501895482858823724e-03,-1.451024586205613975e-03,-1.397378049558897035e-03,-1.341224643180485669e-03,-1.282844639206000194e-03,-1.222527477573269504e-03,-1.160569387107041051e-03,-1.097270989006525997e-03,-1.032934909489017844e-03,-9.678634274389685647e-04,-9.023561818671143502e-04,-8.367079623678906836e-04,-7.712066040946771424e-04,-7.061310067346168035e-04,-6.417492948646253900e-04,-5.783171345313843636e-04,-5.160762187073387759e-04
nan,-1.166932677826552509e-09,-1.221698846250427584e-08,-5.086940225333453754e-08,-1.431401196807767958e-07,-3.229485549487047594e-07,-6.316135267169251477e-07,-1.117257155002943218e-06,-1.834135912683697022e-06,-2.841917877757951552e-06,-4.204924610513090508e-06,-5.991354967643383936e-06,-8.272506656769876290e-06,-1.112200949188097631e-05,-1.461508215727359378e-05,-1.882782197376252738e-05,-2.383653471122973121e-05,-2.971710895383892877e-05,-3.654443714687773213e-05,-4.439188302611672725e-05,-5.333079302452571895e-05,-6.343004729437694560e-05,-7.475564444727128902e-05,-8.737031271796438304e-05,-1.013331394928676423e-04,-1.166992105832817306e-04,-1.335192505850369533e-04,-1.518392559226780362e-04,-1.717001129764410814e-04,-1.931371947694198756e-04,-2.161799310075839789e-04,-2.408513480867996881e-04,-2.671675774641289899e-04,-2.951373331355675836e-04,-3.247613607375941097e-04,-3.560318634562723364e-04,-3.889319118182784003e-04,-4.234348467045910276e-04,-4.595036866427545312e-04,-4.970905523460787592e-04,-5.361361227885745465e-04,-5.765691380391529995e-04,-6.183059649867352504e-04,-6.612502421496999766e-04,-7.052926200383369129e-04,-7.503106123680140620e-04,-7.961685730220660877e-04,-8.427178119437922455e-04,-8.897968615785582704e-04,-9.372319029149802630e-04,-9.848373584457866328e-04,-1.032416655885163865e-03,-1.079763164178048620e-03,-1.126661299908398835e-03,-1.172887799062450817e-03,-1.218213146570809634e-03,-1.262403151795041863e-03,-1.305220656456017965e-03,-1.346427357673752679e-03,-1.385785727083749816e-03,-1.423061003877973017e-03,-1.458023238797134758e-03,-1.490449363592289333e-03,-1.520125260054045781e-03,-1.546847801810476803e-03,-1.570426842173643740e-03,-1.590687121035142546e-03,-1.607470065349090454e-03,-1.620635458276068397e-03,-1.630062954029960548e-03,-1.635653417285122839e-03,-1.637330068381946148e-03,-1.635039418352582201e-03,-1.628751980461649700e-03,-1.618462748206816581e-03,-1.604191432924327934e-03,-1.585982457566022068e-03,-1.563904706346278418e-03,-1.538051033573476813e-03,-1.508537537916630191e-03,-1.475502612122606789e-03,-1.439105779492781938e-03,-1.399526333813038738e-03,-1.356961798887878438e-03,-1.311626228045211168e-03,-1.263748364675466558e-03,-1.213569686978499323e-03,-1.161342360269232519e-03,-1.107327121829759786e-03,-1.051791122938584930e-03,-9.950057529084439020e-04,-9.372444695331140496e-04,-8.787806595333755169e-04,-8.198855516530794601e-04,-7.608262035981852231e-04,-7.018635825016183907e-04,-6.432507567510371014e-04,-5.852312151116716068e-04,-5.280373267735848346e-04,-4.718889539615495716e-04
nan,-9.274035478775611688e-10,-9.923260071910841414e-09,-4.186782334767650644e-08,-1.188584628834130649e-07,-2.698739460287362158e-07,-5.303434170813377982e-07,-9.416366454485954905e-07,-1.550492418173643917e-06,-2.408401760107435672e-06,-3.570962052609187129e-06,-5.097217077039777610e-06,-7.048996615972542775e-06,-9.490267561237204766e-06,-1.248650652364929804e-05,-1.610410185141076243e-05,-2.040979076306348626e-05,-2.547013503181044875e-05,-3.135103654026065001e-05,-3.811729187428408136e-05,-4.583218326899907494e-05,-5.455710150861811360e-05,-6.435119505536834937e-05,-7.527103848940577282e-05,-8.737031271796340726e-05,-1.006994889798428015e-04,-1.153055087097503578e-04,-1.312314516325766510e-04,-1.485161852542283114e-04,-1.671939899586056199e-04,-1.872941551801062996e-04,-2.088405438265279854e-04,-2.318511237980890895e-04,-2.563374676186329251e-04,-2.823042228471127650e-04,-3.097485583831298709e-04,-3.386595935228511986e-04,-3.690178186941147471e-04,-4.007945183652990339e-04,-4.339512083623083840e-04,-4.684391010214847078e-04,-5.041986124486342062e-04,-5.411589269621197183e-04,-5.792376338358674968e-04,-6.183404516864913700e-04,-6.583610547558697542e-04,-6.991810149558976310e-04,-7.406698719419287135e-04,-7.826853420403006830e-04,-8.250736744821557346e-04,-8.676701617957193651e-04,-9.102998080094337145e-04,-9.527781561945514784e-04,-9.949122737331751558e-04,-1.036501890801297746e-03,-1.077340685230863352e-03,-1.117217703012181665e-03,-1.155918902165213548e-03,-1.193228804201805797e-03,-1.228932235832603734e-03,-1.262816140713183231e-03,-1.294671440275393676e-03,-1.324294920374530444e-03,-1.351491120103479266e-03,-1.376074198279868569e-03,-1.397869753195286457e-03,-1.416716570922276408e-03,-1.432468278889711781e-03,-1.444994881899669186e-03,-1.454184159543747430e-03,-1.459942905632500079e-03,-1.462197992386755387e-03,-1.460897244693289999e-03,-1.456010112133434035e-03,-1.447528129458405810e-03,-1.435465159078466030e-03,-1.419857412265839586e-03,-1.400763248593055394e-03,-1.378262756437686684e-03,-1.352457120044499566e-03,-1.323467782075511820e-03,-1.291435411736225908e-03,-1.256518693503393905e-03,-1.218892950957775915e-03,-1.178748624091331427e-03,-1.136289619093569557e-03,-1.091731551547328724e-03,-1.045299904148505165e-03,-9.972281215534692898e-04,-9.477556646567326416e-04,-8.971260467930471279e-04,-8.455848739848945746e-04,-7.933779106343566076e-04,-7.407491912196189883e-04,-6.879391972490000529e-04,-6.351831173674670839e-04,-5.827092068488235995e-04,-5.307372609894501960e-04,-4.794772148433723308e-04,-4.291278799396167358e-04
nan,-7.308600089508083919e-10,-8.003563204848876300e-09,-3.422863904859348184e-08,-9.803844302293861810e-08,-2.240029283681643274e-07,-4.422643028093819945e-07,-7.881050891586759067e-07,-1.301464318657669946e-06,-2.026416359325112776e-06,-3.010626285315602335e-06,-4.304794718590066402e-06,-5.962103795169307017e-06,-8.037674378978325754e-06,-1.058804288305995798e-05,-1.367066418545236073e-05,-1.734344516164315346e-05,-2.166431133959135689e-05,-2.669080730923980736e-05,-3.247972962697503378e-05,-3.908678933216899466e-05,-4.656629970786798760e-05,-5.497088378188412570e-05,-6.435119505536874239e-05,-7.475564444727086889e-05,-8.623012612276799731e-05,-9.881773497454328869e-05,-1.125584688671898536e-04,-1.274889095369566110e-04,-1.436418770371948378e-04,-1.610460538156711604e-04,-1.797255760954756499e-04,-1.996995917855850134e-04,-2.209817861427733061e-04,-2.435798779333424324e-04,-2.674950910723845237e-04,-2.927216083138752564e-04,-3.192460154483522591e-04,-3.470467458853597129e-04,-3.760935370708088656e-04,-4.063469112616416952e-04,-4.377576939344998046e-04,-4.702665838193579835e-04,-5.038037885669285941e-04,-5.382887402458852531e-04,-5.736299038530097774e-04,-6.097246916529702136e-04,-6.464594946854905402e-04,-6.837098414546389407e-04,-7.213406916396230715e-04,-7.592068711961584082e-04,-7.971536522972474557e-04,-8.350174796160837916e-04,-8.726268415917378578e-04,-9.098032826734170526e-04,-9.463625504179730983e-04,-9.821158677604977742e-04,-1.016871319380453212e-03,-1.050435337893031651e-03,-1.082614274163040333e-03,-1.113216033431679722e-03,-1.142051758270479223e-03,-1.168937537252029641e-03,-1.193696117887586795e-03,-1.216158601590518022e-03,-1.236166098510983573e-03,-1.253571319784849191e-03,-1.268240086034737616e-03,-1.280052731355750539e-03,-1.288905383626621267e-03,-1.294711103487527180e-03,-1.297400866226993766e-03,-1.296924373148614302e-03,-1.293250681139055877e-03,-1.286368641847028624e-03,-1.276287144481154118e-03,-1.263035159085438208e-03,-1.246661579675414694e-03,-1.227234869627790359e-03,-1.204842514110060969e-03,-1.179590287459487095e-03,-1.151601344447835415e-03,-1.121015148868914971e-03,-1.087986252384970116e-03,-1.052682940092933717e-03,-1.015285759845509098e-03,-9.759859541081387013e-04,-9.349838133203203965e-04,-8.924869710755374249e-04,-8.487086611835276259e-04,-8.038659568596273012e-04,-7.581780119658526563e-04,-7.118643235893356517e-04,-6.651430344998386255e-04,-6.182292928636752387e-04,-5.713336853782014987e-04,-5.246607585046523517e-04,-4.784076409391472173e-04,-4.327627786020794040e-04,-3.879047918117094662e-04
nan,-5.709510242114123201e-10,-6.407366630098956085e-09,-2.778239472273146452e-08,-8.028132689298581546e-08,-1.845631499786543970e-07,-3.660538299369685681e-07,-6.545839519054689706e-07,-1.083983470866788810e-06,-1.691646075870298176e-06,-2.518075096756288142e-06,-3.606421979522925639e-06,-5.002027190300722407e-06,-6.751972028111923195e-06,-8.904648246231062266e-06,-1.150935071383848524e-05,-1.461589660667932792e-05,-1.827427283679433715e-05,-2.253431178478745937e-05,-2.744539374659488460e-05,-3.305617309761800255e-05,-3.941432389902820970e-05,-4.656629970786809602e-05,-5.455710150861858794e-05,-6.343004729437668810e-05,-7.322653660103897310e-05,-8.398580344742114575e-05,-9.574465149896588354e-05,-1.085371660300514231e-04,-1.223943982055201334e-04,-1.373440183264927942e-04,-1.534099361483318082e-04,-1.706118878133047897e-04,-1.889649907624024738e-04,-2.084792693912280960e-04,-2.291591562329832758e-04,-2.510029749021986897e-04,-2.740024127329493495e-04,-2.981419923250617251e-04,-3.233985526244255188e-04,-3.497407511205595987e-04,-3.771285994153320519e-04,-4.055130450442520520e-04,-4.348356124331673373e-04,-4.650281160247384622e-04,-4.960124576771432481e-04,-5.277005200927126910e-04,-5.599941666773681614e-04,-5.927853570265291874e-04,-6.259563852532685178e-04,-6.593802470341909470e-04,-6.929211386016030563e-04,-7.264350891408946371e-04,-7.597707254636702550e-04,-7.927701654292474906e-04,-8.252700346668609801e-04,-8.571025979345688224e-04,-8.880969951874730138e-04,-9.180805695400699913e-04,-9.468802730094427311e-04,-9.743241335648078049e-04,-1.000242766404130408e-03,-1.024470910441133273e-03,-1.046848970685689125e-03,-1.067224546465009392e-03,-1.085453925521970590e-03,-1.101403523720209925e-03,-1.114951251264113775e-03,-1.125987786673538545e-03,-1.134417741192443119e-03,-1.140160697661151377e-03,-1.143152109561599303e-03,-1.143344048053842070e-03,-1.140705786729861266e-03,-1.135224216231239076e-03,-1.126904083193489827e-03,-1.115768050556594122e-03,-1.101856578522287383e-03,-1.085227628157725945e-03,-1.065956191783148238e-03,-1.044133657097821074e-03,-1.019867012900431630e-03,-9.932779083376994198e-04,-9.645015771348251603e-04,-9.336856414556153659e-04,-9.009888105537415580e-04,-8.665794909489884113e-04,-8.306343250494677187e-04,-7.933366763481056226e-04,-7.548750791165827635e-04,-7.154416706890451370e-04,-6.752306241563639337e-04,-6.344365987299806827e-04,-5.932532243796074167e-04,-5.518716363193069269e-04,-5.104790738404269262e-04,-4.692575566696396343e-04,-4.283826506628316032e-04,-3.880223329915823529e-04,-3.483359655403215423e-04
nan,-4.419767457409376601e-10,-5.088975668532252668e-09,-2.237469205526475193e-08,-6.522105773426773600e-08,-1.508401979211557609e-07,-3.004796354527335524e-07,-5.391216286701399123e-07,-8.951475936677649576e-07,-1.399978294508813299e-06,-2.087699938808798224e-06,-2.994685486618672833e-06,-4.159219425184247006e-06,-5.621133026254217889e-06,-7.421455696430669901e-06,-9.602086555843251342e-06,-1.220548884615023977e-05,-1.527440821138510783e-05,-1.885161445961897874e-05,-2.297966498293067385e-05,-2.770068680024943949e-05,-3.305617309761754176e-05,-3.908678933216853387e-05,-4.583218326899889876e-05,-5.333079302452486514e-05,-6.161964704527476207e-05,-7.073415013659528530e-05,-8.070785003228551132e-05,-9.157217972006341294e-05,-1.033561716242534012e-04,-1.160861407940257025e-04,-1.297853355838881164e-04,-1.444735556262542590e-04,-1.601667385462781138e-04,-1.768765181432849969e-04,-1.946097585764869375e-04,-2.133680704012397636e-04,-2.331473158253198174e-04,-2.539371116990890294e-04,-2.757203400126773791e-04,-2.984726765214215497e-04,-3.221621487126492605e-04,-3.467487348743846193e-04,-3.721840160148672341e-04,-3.984108925026786708e-04,-4.253633764466727162e-04,-4.529664705146126905e-04,-4.811361426544462621e-04,-5.097794050934750668e-04,-5.387945042025247752e-04,-5.680712266009601804e-04,-5.974913244970583631e-04,-6.269290616624472031e-04,-6.562518791161433282e-04,-6.853211774365868198e-04,-7.139932108956813499e-04,-7.421200857198471034e-04,-7.695508536513037548e-04,-7.961326893895883435e-04,-8.217121393269619101e-04,-8.461364268680162401e-04,-8.692547990886020058e-04,-8.909198977345221364e-04,-9.109891372983242551e-04,-9.293260722334841266e-04,-9.458017354558491277e-04,-9.602959299756463028e-04,-9.726984565695690746e-04,-9.829102606763199731e-04,-9.908444829779005682e-04,-9.964273993354783466e-04,-9.995992372199404095e-04,-1.000314857673869620e-03,-9.985442935197795262e-04,-9.942731366929392477e-04,-9.875027696254164763e-04,-9.782504379201486643e-04,-9.665491635266853891e-04,-9.524475000688612490e-04,-9.360091338689567348e-04,-9.173123367350848999e-04,-8.964492773615145155e-04,-8.735252018616324401e-04,-8.486574934939239510e-04,-8.219746245166671683e-04,-7.936150135618042509e-04,-7.637258033237413323e-04,-7.324615735425645761e-04,-6.999830053356634937e-04,-6.664555127668720822e-04,-6.320478576984940979e-04,-5.969307637439816511e-04,-5.612755446489091663e-04,-5.252527618562717864e-04,-4.890309251085082432e-04,-4.527752489915708384e-04,-4.166464771626698449e-04,-3.807997847967813511e-04,-3.453837683270350747e-04,-3.105395302819576975e-04
nan,-3.388780606787656069e-10,-4.007466700811357267e-09,-1.786602912961887305e-08,-5.252402017273135336e-08,-1.221774176858785234e-07,-2.443995097366139014e-07,-4.398944416422034067e-07,-7.322228380230414132e-07,-1.147508540807024492e-06,-1.714134990606451139e-06,-2.462439023550116263e-06,-3.424408908457794103e-06,-4.633392351087116775e-06,-6.123818950999598036e-06,-7.930940302463529074e-06,-1.009058959122988775e-05,-1.263896118643051556e-05,-1.561240948586838602e-05,-1.904726504469939974e-05,-2.297966498293083310e-05,-2.744539374659465760e-05,-3.247972962697483727e-05,-3.811729187428413557e-05,-4.439188302611619193e-05,-5.133632099195123123e-05,-5.898225564479221282e-05,-6.735996504897359823e-05,-7.649812713593595972e-05,-8.642356346174146712e-05,-9.716095264472582511e-05,-1.087325122952122620e-04,-1.211576494401022741e-04,-1.344525809274296887e-04,-1.486299264448779831e-04,-1.636982784023166798e-04,-1.796617540987694177e-04,-1.965195369478787177e-04,-2.142654145508233522e-04,-2.328873225191354030e-04,-2.523669036955374177e-04,-2.726790929387012323e-04,-2.937917381118997323e-04,-3.156652678937619367e-04,-3.382524171243251384e-04,-3.614980196297911470e-04,-3.853388781757268421e-04,-4.097037200839771234e-04,-4.345132460741103395e-04,-4.596802782887253057e-04,-4.851100123775696406e-04,-5.107003763903867396e-04,-5.363424978023702706e-04,-5.619212779282402662e-04,-5.873160710568303949e-04,-6.124014641033150713e-04,-6.370481500017499297e-04,-6.611238870568635160e-04,-6.844945341635945511e-04,-7.070251507647304671e-04,-7.285811485224164344e-04,-7.490294812114771470e-04,-7.682398577649545389e-04,-7.860859631770717977e-04,-8.024466713468201033e-04,-8.172072340367033446e-04,-8.302604298190023125e-04,-8.415076578402957107e-04,-8.508599614563237693e-04,-8.582389679166761622e-04,-8.635777313479934799e-04,-8.668214675610847256e-04,-8.679281708998693584e-04,-8.668691048126418936e-04,-8.636291597443831753e-04,-8.582070737443604899e-04,-8.506155132417216784e-04,-8.408810131624521681e-04,-8.290437777309870443e-04,-8.151573449632753404e-04,-7.992881200988983777e-04,-7.815147838908448937e-04,-7.619275849510116988e-04,-7.406275249112358921e-04,-7.177254477293029634e-04,-6.933410448672140984e-04,-6.676017893146831469e-04,-6.406418116083046049e-04,-6.126007319448815861e-04,-5.836224623577136424e-04,-5.538539930672921200e-04,-5.234441769296273870e-04,-4.925425254812380600e-04,-4.612980295852424730e-04,-4.298580168967048231e-04,-3.983670575388428337e-04,-3.669659283644823695e-04,-3.357906451216271615e-04,-3.049715705639864292e-04,-2.746326054318586410e-04
nan,-2.572150180251099702e-10,-3.126537657195518743e-09,-1.413137370997300161e-08,-4.188821271069767300e-08,-9.797465372125281695e-08,-1.967598299572142367e-07,-3.552051065311622884e-07,-5.926428951410270794e-07,-9.305411559399930405e-07,-1.392260680091559688e-06,-2.002811565388276553e-06,-2.788614454954534972e-06,-3.777271141961366359e-06,-4.997348057432720907e-06,-6.478175033024127349e-06,-8.249660571541817531e-06,-1.034212369397077506e-05,-1.278614136893037548e-05,-1.561240948586872145e-05,-1.885161445961949713e-05,-2.253431178478771687e-05,-2.669080730924014956e-05,-3.135103654026127342e-05,-3.654443714687789476e-05,-4.229980979497260392e-05,-4.864516267530055689e-05,-5.560753545476162325e-05,-6.321279901654543632e-05,-7.148542810813203116e-05,-8.044824489503034739e-05,-9.012213250768053008e-05,-1.005257187382381328e-04,-1.116750313628257112e-04,-1.235831275907464254e-04,-1.362597015694001605e-04,-1.497106749105522785e-04,-1.639377763957749405e-04,-1.789381179107309974e-04,-1.947037746337752112e-04,-2.112213781542764362e-04,-2.284717316447607016e-04,-2.464294566180838335e-04,-2.650626807717626834e-04,-2.843327764949464542e-04,-3.041941589232803871e-04,-3.245941521613662870e-04,-3.454729312961193660e-04,-3.667635469608253578e-04,-3.883920377884565451e-04,-4.102776351320121034e-04,-4.323330625501423346e-04,-4.544649312946347436e-04,-4.765742312124260035e-04,-4.985569147744425443e-04,-5.203045705909264745e-04,-5.417051804985627836e-04,-5.626439534244812241e-04,-5.830042271913351117e-04,-6.026684285132048432e-04,-6.215190797560148995e-04,-6.394398406328072890e-04,-6.563165715973814018e-04,-6.720384055097651087e-04,-6.864988135820611088e-04,-6.995966517043660654e-04,-7.112371729565898941e-04,-7.213329929674218129e-04,-7.298049949558985073e-04,-7.365831622763238532e-04,-7.416073272264130968e-04,-7.448278259749820844e-04,-7.462060509630767668e-04,-7.457148933943230076e-04,-7.433390701160917310e-04,-7.390753307518595563e-04,-7.329325427619074081e-04,-7.249316535949569670e-04,-7.151055310074806671e-04,-7.034986840740687589e-04,-6.901668693859649983e-04,-6.751765875014376778e-04,-6.586044776192891961e-04,-6.405366180300285563e-04,-6.210677421776662158e-04,-6.003003805084800937e-04,-5.783439393773579526e-04,-5.553137284510746216e-04,-5.313299488764086339e-04,-5.065166543816408207e-04,-4.810006976085473541e-04,-4.549106738187013495e-04,-4.283758737539743286e-04,-4.015252570073495541e-04,-3.744864565822607610e-04,-3.473848246040043891e-04,-3.203425282656365198e-04,-2.934777041759592379e-04,-2.669036781685758504e-04,-2.407282566620250783e-04
nan,-1.931358292475406557e-10,-2.414287608875725318e-09,-1.105951264083374074e-08,-3.304192625600858983e-08,-7.768609708017065542e-08,-1.565925746376965311e-07,-2.834791419555658220e-07,-4.740053247408768746e-07,-7.455864225666492515e-07,-1.117202890778607270e-06,-1.609210294245572271e-06,-2.243154312555505638e-06,-3.041594433014564997e-06,-4.027939027201552568e-06,-5.226293538147819430e-06,-6.661322512208484873e-06,-8.358125218023047202e-06,-1.034212369397077845e-05,-1.263896118643080863e-05,-1.527440821138555845e-05,-1.827427283679455738e-05,-2.166431133959164827e-05,-2.547013503181098408e-05,-2.971710895383908462e-05,-3.443023814583082165e-05,-3.963403743619366495e-05,-4.535238104070392877e-05,-5.160832884863494587e-05,-5.842392695424345161e-05,-6.581998078317520312e-05,-7.381580013105654148e-05,-8.242891638118431813e-05,-9.167477332960776511e-05,-1.015663939521465898e-04,-1.121140266958203498e-04,-1.233247757862878714e-04,-1.352022210824185236e-04,-1.477460337849122911e-04,-1.609515951525786388e-04,-1.748096259409015951e-04,-1.893058346622478909e-04,-2.044205931135191251e-04,-2.201286475830811166e-04,-2.363988742044391942e-04,-2.531940863114136796e-04,-2.704709014130197249e-04,-2.881796745244204834e-04,-3.062645038335680132e-04,-3.246633134344934662e-04,-3.433080170165733855e-04,-3.621247647529839391e-04,-3.810342745275079697e-04,-3.999522470462088162e-04,-4.187898628932481518e-04,-4.374543584108489492e-04,-4.558496752933061699e-04,-4.738771780226025084e-04,-4.914364314874437997e-04,-5.084260303312657927e-04,-5.247444701059595339e-04,-5.402910499657502140e-04,-5.549667953921793651e-04,-5.686753892841629960e-04,-5.813240992387866011e-04,-5.928246889385070878e-04,-6.030943012784217893e-04,-6.120563016249289546e-04,-6.196410697295815775e-04,-6.257867296749092820e-04,-6.304398080458459459e-04,-6.335558114511889586e-04,-6.350997158323124512e-04,-6.350463610728753795e-04,-6.333807458904613854e-04,-6.300982193299269930e-04,-6.252045667664828934e-04,-6.187159895943520347e-04,-6.106589794493466400e-04,-6.010700890581586239e-04,-5.899956035292778286e-04,-5.774911163705687437e-04,-5.636210170744805452e-04,-5.484578967171770993e-04,-5.320818800207612357e-04,-5.145798926195881964e-04,-4.960448732233999026e-04,-4.765749405279470904e-04,-4.562725254403139511e-04,-4.352434791124866432e-04,-4.135961673910249392e-04,-3.914405621679923936e-04,-3.688873398090759858e-04,-3.460469964756000870e-04,-3.230289895786422265e-04,-2.999409139918039584e-04,-2.768877208935611751e-04,-2.539709863254258028e-04,-2.312882356000472148e-04,-2.089323288602959537e-04
nan,-1.433382283988192945e-10,-1.842939316110688285e-09,-8.552222600138669452e-09,-2.574203220974768840e-08,-6.081743500624210104e-08,-1.230112431578749474e-07,-2.232597154102527323e-07,-3.740658091554396560e-07,-5.893551025258764862e-07,-8.843291113339096881e-07,-1.275320190153201647e-06,-1.779651561480762801e-06,-2.415505289797524314e-06,-3.201800211516865448e-06,-4.158081007043282829e-06,-5.304418759869076509e-06,-6.661322512208484873e-06,-8.249660571541820919e-06,-1.009058959123013508e-05,-1.220548884615062433e-05,-1.461589660667950918e-05,-1.734344516164339740e-05,-2.040979076306395382e-05,-2.383653471122985318e-05,-2.764513184063613287e-05,-3.185678289156337385e-05,-3.649230758466637096e-05,-4.157199574276751545e-05,-4.711543441317912013e-05,-5.314130964690388009e-05,-5.966718244035401240e-05,-6.670923917847409231e-05,-7.428201792915362274e-05,-8.239811272985608228e-05,-9.106785908642654986e-05,-1.002990046919043999e-04,-1.100963702695603036e-04,-1.204615061115971278e-04,-1.313923506115198569e-04,-1.428828975672519327e-04,-1.549228793580403147e-04,-1.674974733900728952e-04,-1.805870391690064011e-04,-1.941668933990007043e-04,-2.082071299699247090e-04,-2.226724914870663893e-04,-2.375222982259450990e-04,-2.527104397397019115e-04,-2.681854332616757171e-04,-2.838905523178175878e-04,-2.997640275374644403e-04,-3.157393206966397020e-04,-3.317454716527905431e-04,-3.477075165437867985e-04,-3.635469746082721433e-04,-3.791823992613850103e-04,-3.945299884088952747e-04,-4.095042474365867243e-04,-4.240186976272793682e-04,-4.379866214840940773e-04,-4.513218361533082924e-04,-4.639394850518136740e-04,-4.757568376778771807e-04,-4.866940871311711738e-04,-4.966751349559925862e-04,-5.056283526545160946e-04,-5.134873098823702778e-04,-5.201914594349449838e-04,-5.256867698635517413e-04,-5.299262972634315432e-04,-5.328706885555636527e-04,-5.344886097232682490e-04,-5.347570933713817693e-04,-5.336618012390795859e-04,-5.311971984336141209e-04,-5.273666375261683911e-04,-5.221823517193159396e-04,-5.156653577415689022e-04,-5.078452701821269295e-04,-4.987600304658360191e-04,-4.884555540505178652e-04,-4.769853016544550782e-04,-4.644097799500109805e-04,-4.507959789033338634e-04,-4.362167531837007504e-04,-4.207501558847454417e-04,-4.044787329452549977e-04,-3.874887872697243066e-04,-3.698696214965320733e-04,-3.517127684617255240e-04,-3.331112183101859851e-04,-3.141586509459363507e-04,-2.949486822124799306e-04,-2.755741317059465516e-04,-2.561263196062415039e-04,-2.366943992705880756e-04,-2.173647316684461275e-04,-1.982203069281681935e-04,-1.793402175576587921e-04
nan,-1.050250213313006338e-10,-1.388518857232084685e-09,-6.523308112498529174e-09,-1.977198468627913502e-08,-4.692249832172090253e-08,-9.520600403355543548e-08,-1.732014167519971911e-07,-2.907310312679860750e-07,-4.587513306818602608e-07,-6.892427558170609886e-07,-9.951017423352962746e-07,-1.390037777767961318e-06,-1.888477611495191127e-06,-2.505478068876779943e-06,-3.256648227181991391e-06,-4.158081007043284523e-06,-5.226293538147819430e-06,-6.478175033024127349e-06,-7.930940302463739138e-06,-9.602086555843576603e-06,-1.150935071383864109e-05,-1.367066418545257080e-05,-1.610410185141115206e-05,-1.882782197376263580e-05,-2.185999381288767520e-05,-2.521870994707569449e-05,-2.892188059526978511e-05,-3.298710771230579128e-05,-3.743153716216402090e-05,-4.227168789051783147e-05,-4.752325775340023311e-05,-5.320090638014765208e-05,-5.931801631762862809e-05,-6.588643438408971870e-05,-7.291619608235580118e-05,-8.041523659605342642e-05,-8.838909265590524336e-05,-9.684060012970896307e-05,-1.057695928053825645e-04,-1.151726082406207127e-04,-1.250426068251862235e-04,-1.353687104450366173e-04,-1.461359670998425462e-04,-1.573251478556577190e-04,-1.689125820479658803e-04,-1.808700364718286442e-04,-1.931646436288243459e-04,-2.057588835410680580e-04,-2.186106227116516889e-04,-2.316732131901147885e-04,-2.448956534808825985e-04,-2.582228122189078080e-04,-2.715957143639115756e-04,-2.849518885666229803e-04,-2.982257734973121520e-04,-3.113491794525690597e-04,-3.242518010092355126e-04,-3.368617751711533263e-04,-3.491062788746102682e-04,-3.609121586264637605e-04,-3.722065848163221935e-04,-3.829177223019604643e-04,-3.929754087688407680e-04,-4.023118319658937781e-04,-4.108621970046796705e-04,-4.185653746595790516e-04,-4.253645221856393083e-04,-4.312076682357380859e-04,-4.360482540774539241e-04,-4.398456239075312305e-04,-4.425654577059041721e-04,-4.441801410481922971e-04,-4.446690670486050248e-04,-4.440188666798630386e-04,-4.422235646680925552e-04,-4.392846593352898879e-04,-4.352111256491275138e-04,-4.300193419754331776e-04,-4.237329419152867220e-04,-4.163825938776020692e-04,-4.080057113410228363e-04,-3.986460986767214752e-04,-3.883535370556607125e-04,-3.771833164664542353e-04,-3.651957200690736653e-04,-3.524554678052559576e-04,-3.390311263181627443e-04,-3.249944927506313126e-04,-3.104199599563440539e-04,-2.953838707445159608e-04,-2.799638687050575304e-04,-2.642382529450647689e-04,-2.482853438188603167e-04,-2.321828663271350234e-04,-2.160073574283026608e-04,-1.998336029684692988e-04,-1.837341093793988891e-04,-1.677786146155660883e-04,-1.520336422072425845e-04
nan,-7.585565490325467723e-11,-1.030506427092993069e-09,-4.897552434269741069e-09,-1.493964031683683745e-08,-3.559959946060444885e-08,-7.243838918756696075e-08,-1.320634374182056628e-07,-2.220508520667200177e-07,-3.508647731631899592e-07,-5.277768270032883501e-07,-7.627882446543850965e-07,-1.066556737523218986e-06,-1.450329702855441518e-06,-1.925884763208809242e-06,-2.505478068876761731e-06,-3.201800211516843849e-06,-4.027939027201525463e-06,-4.997348057432690414e-06,-6.123818950999733561e-06,-7.421455696430896058e-06,-8.904648246231133417e-06,-1.058804288306007149e-05,-1.248650652364955723e-05,-1.461508215727360394e-05,-1.698893268806535460e-05,-1.962327064888469378e-05,-2.253327152903934749e-05,-2.573396886807954799e-05,-2.924012973234540528e-05,-3.306610972177369777e-05,-3.722568728207342617e-05,-4.173187771248987115e-05,-4.659672799532082451e-05,-5.183109415142627828e-05,-5.744440360174688648e-05,-6.344440558288643307e-05,-6.983691330581254253e-05,-7.662554202091901179e-05,-8.381144766726351665e-05,-9.139307112011614120e-05,-9.936589327523943037e-05,-1.077222064084057174e-04,-1.164509072116244793e-04,-1.255373169291892465e-04,-1.349630336175173953e-04,-1.447058214021324733e-04,-1.547395410365723519e-04,-1.650341255976837485e-04,-1.755556043639520947e-04,-1.862661774026684917e-04,-1.971243423610615571e-04,-2.080850742734126672e-04,-2.191000582099289419e-04,-2.301179736691150667e-04,-2.410848288931804367e-04,-2.519443420411148719e-04,-2.626383657027601634e-04,-2.731073501195567998e-04,-2.832908399946216637e-04,-2.931279988509701028e-04,-3.025581547119391410e-04,-3.115213600720920305e-04,-3.199589590536695578e-04,-3.278141542969046827e-04,-3.350325662135810942e-04,-3.415627770035256552e-04,-3.473568523321964117e-04,-3.523708336065979911e-04,-3.565651943038527236e-04,-3.599052543078142181e-04,-3.623615467321026338e-04,-3.639101325351621567e-04,-3.645328588481385346e-04,-3.642175578383038828e-04,-3.629581837152260054e-04,-3.607548864779864172e-04,-3.576140217263688815e-04,-3.535480969008195865e-04,-3.485756550477779039e-04,-3.427210982757580154e-04,-3.360144533003513959e-04,-3.284910831095318260e-04,-3.201913484573634390e-04,-3.111602241736218812e-04,-3.014468754354918665e-04,-2.911041997303970264e-04,-2.801883403561509318e-04,-2.687581777342700276e-04,-2.568748047909474061e-04,-2.446009927331489774e-04,-2.320006534925893348e-04,-2.191383049330297966e-04,-2.060785447139866185e-04,-1.928855383699164987e-04,-1.796225268077877911e-04,-1.663513579826939644e-04,-1.531320470516166958e-04,-1.400223687443934270e-04,-1.270774851996326043e-04
nan,-5.389558805265255522e-11,-7.514719275618475143e-10,-3.609625162719077940e-09,-1.107499451718499136e-08,-2.648774432545619374e-08,-5.403583350690670645e-08,-9.870260327986925094e-08,-1.662104156935084115e-07,-2.629628864068680480e-07,-3.959879919329368639e-07,-5.728839955616218257e-07,-8.017697449623898713e-07,-1.091240465065883244e-06,-1.450329702855451471e-06,-1.888477611495187739e-06,-2.415505289797521349e-06,-3.041594433014562456e-06,-3.777271141961362547e-06,-4.633392351087252300e-06,-5.621133026254434729e-06,-6.751972028112023145e-06,-8.037674378978462974e-06,-9.490267561237475817e-06,-1.112200949188104916e-05,-1.294534589460147322e-05,-1.497285496979617440e-05,-1.721717750427421655e-05,-1.969093091421386473e-05,-2.240660611008597495e-05,-2.537644652177350405e-05,-2.861230914867452811e-05,-3.212550801521605026e-05,-3.592664102539504527e-05,-4.002540169214024779e-05,-4.443037786003197338e-05,-4.914884001072799299e-05,-5.418652227009532765e-05,-5.954739962642112471e-05,-6.523346529222342832e-05,-7.124451241770527008e-05,-7.757792454526062792e-05,-8.422847935676559252e-05,-9.118817023020010250e-05,-9.844605013743134214e-05,-1.059881020787124692e-04,-1.137971401252424317e-04,-1.218527446640480064e-04,-1.301312350509528410e-04,-1.386056822211598595e-04,-1.472459633779140136e-04,-1.560188600228033622e-04,-1.648882000278489369e-04,-1.738150436333420180e-04,-1.827579124903874481e-04,-1.916730602733451860e-04,-2.005147823518721136e-04,-2.092357616478660314e-04,-2.177874468725717364e-04,-2.261204589443254517e-04,-2.341850206172527323e-04,-2.419314042091665702e-04,-2.493103916372718036e-04,-2.562737409190567976e-04,-2.627746529984192956e-04,-2.687682328333957510e-04,-2.742119384735937663e-04,-2.790660122795215439e-04,-2.832938884540295841e-04,-2.868625714818628415e-04,-2.897429804870780895e-04,-2.919102549345660674e-04,-2.933440177922313000e-04,-2.940285927635877782e-04,-2.939531729459577488e-04,-2.931119389050573050e-04,-2.915041249806124947e-04,-2.891340332182058825e-04,-2.860109951880648849e-04,-2.821492825448117508e-04,-2.775679680691378126e-04,-2.722907391041112031e-04,-2.663456666714085334e-04,-2.597649332552679348e-04,-2.525845233169251463e-04,-2.448438807248096106e-04,-2.365855377665797331e-04,-2.278547205112613216e-04,-2.186989356410089507e-04,-2.091675438610804232e-04,-1.993113250570405595e-04,-1.891820403290599216e-04,-1.788319958898047682e-04,-1.683136136505303053e-04,-1.576790130500842397e-04,-1.469796083929344370e-04,-1.362657256020677939e-04,-1.255862419197318193e-04,-1.149882516322404936e-04,-1.045167604955002464e-04
nan,-3.756514106247016518e-11,-5.367081268312073968e-10,-2.602987487020414483e-09,-8.027925916907262710e-09,-1.926288665610216393e-08,-3.938633314784125937e-08,-7.206666678100633077e-08,-1.215227450344409391e-07,-1.924840187221415166e-07,-2.901520058398404808e-07,-4.201645420152289479e-07,-5.885639278048763046e-07,-8.017697449623883890e-07,-1.066556737523224280e-06,-1.390037777767956659e-06,-1.779651561480756236e-06,-2.243154312555497591e-06,-2.788614454954525231e-06,-3.424408908457893629e-06,-4.159219425184412177e-06,-5.002027190300786781e-06,-5.962103795169396802e-06,-7.048996615972734204e-06,-8.272506656769905089e-06,-9.642656991535707224e-06,-1.116965009666775948e-05,-1.286381257267818270e-05,-1.473552604930954114e-05,-1.679514339776846653e-05,-1.905288974679675054e-05,-2.151874823263937007e-05,-2.420233083684961129e-05,-2.711273516721075263e-05,-3.025838843143051118e-05,-3.364688037603338883e-05,-3.728478734561785227e-05,-4.117749004726601328e-05,-4.532898792019017693e-05,-4.974171335228702080e-05,-5.441634920694578536e-05,-5.935165326711202394e-05,-6.454429333319953803e-05,-6.998869667904807751e-05,-7.567691758087668954e-05,-8.159852635576751159e-05,-8.774052324649899586e-05,-9.408728009634041765e-05,-1.006205124429923863e-04,-1.073192841240164762e-04,-1.141600461401141815e-04,-1.211167108226675695e-04,-1.281607618966925657e-04,-1.352614003671738670e-04,-1.423857255352292803e-04,-1.494989499722217878e-04,-1.565646464333158260e-04,-1.635450244051714537e-04,-1.704012332215938219e-04,-1.770936883654461533e-04,-1.835824169438520349e-04,-1.898274182189591355e-04,-1.957890345122428682e-04,-2.014283277678750937e-04,-2.067074568097561848e-04,-2.115900503976200222e-04,-2.160415710018775222e-04,-2.200296645728473861e-04,-2.235244915815881627e-04,-2.264990349542736481e-04,-2.289293808577027461e-04,-2.307949686177141802e-04,-2.320788066188340189e-04,-2.327676514202609026e-04,-2.328521479286229366e-04,-2.323269289725256250e-04,-2.311906732971551583e-04,-2.294461214519313147e-04,-2.271000497509958484e-04,-2.241632029574586074e-04,-2.206501870659563361e-04,-2.165793236779096713e-04,-2.119724686001121599e-04,-2.068547970266090949e-04,-2.012545585533780774e-04,-1.952028053662350246e-04,-1.887330973318527660e-04,-1.818811878090542537e-04,-1.746846942791923610e-04,-1.671827578910719354e-04,-1.594156960646978417e-04,-1.514246522714849177e-04,-1.432512469945240372e-04,-1.349372337455725522e-04,-1.265241638013746284e-04,-1.180530630924285149e-04,-1.095641243898291627e-04,-1.010964176390191887e-04,-9.268762092418526659e-05,-8.437377422828161075e-05
nan,-2.558935873583993010e-11,-3.738729879317228740e-10,-1.828831911243669784e-09,-5.666030722617493550e-09,-1.363437379850815320e-08,-2.793346118226279342e-08,-5.118820769482346720e-08,-8.642230552968244421e-08,-1.370319728613849247e-07,-2.067612495109095324e-07,-2.996798766651625535e-07,-4.201645420152234951e-07,-5.728839955616135671e-07,-7.627882446543809672e-07,-9.951017423352808162e-07,-1.275320190153183012e-06,-1.609210294245549825e-06,-2.002811565388249024e-06,-2.462439023550171320e-06,-2.994685486618778288e-06,-3.606421979522946815e-06,-4.304794718590101978e-06,-5.097217077039894500e-06,-5.991354967643361066e-06,-6.995104148869987926e-06,-8.116558094424001992e-06,-9.363965239311433951e-06,-1.074567465793766649e-05,-1.227006949808124121e-05,-1.394548779700304109e-05,-1.578013065468985787e-05,-1.778195807986462438e-05,-1.995857322537344282e-05,-2.231709604484912661e-05,-2.486402781868435539e-05,-2.760510830154593785e-05,-3.054516758470761254e-05,-3.368797501552228359e-05,-3.703608778620635981e-05,-4.059070197875071109e-05,-4.435150896380625008e-05,-4.831656015295338925e-05,-5.248214307484022742e-05,-5.684267175332944407e-05,-6.139059413987700661e-05,-6.611631927483424727e-05,-7.100816653492816313e-05,-7.605233907570221809e-05,-8.123292314763684899e-05,-8.653191469259272084e-05,-9.192927406708625263e-05,-9.740300937975200949e-05,-1.029292884028649069e-04,-1.084825785237864622e-04,-1.140358138259666473e-04,-1.195605877105728626e-04,-1.250273692509594741e-04,-1.304057408618577519e-04,-1.356646546196181905e-04,-1.407727040624184736e-04,-1.456984082263954364e-04,-1.504105042135765627e-04,-1.548782445705088951e-04,-1.590716955485737020e-04,-1.629620323815776195e-04,-1.665218275535878178e-04,-1.697253283241439872e-04,-1.725487197674001024e-04,-1.749703698554180614e-04,-1.769710533825897679e-04,-1.785341517737010783e-04,-1.796458262742751076e-04,-1.802951623172987020e-04,-1.804742833420612601e-04,-1.801784327319157523e-04,-1.794060230771678992e-04,-1.781586523159973717e-04,-1.764410868721532429e-04,-1.742612122732361429e-04,-1.716299523122695892e-04,-1.685611578921312418e-04,-1.650714676168130071e-04,-1.611801419505064692e-04,-1.569088734888710599e-04,-1.522815759507577227e-04,-1.473241548075797337e-04,-1.420642625402956699e-04,-1.365310417347634700e-04,-1.307548592280020775e-04,-1.247670345562414335e-04,-1.185995659387444431e-04,-1.122848569423694117e-04,-1.058554468746332401e-04,-9.934374778692270272e-05,-9.278179079096860143e-05,-8.620098416713391849e-05,-7.963188551207987841e-05,-7.310398988767778932e-05,-6.664553568441782721e-05
nan,-1.695024569721154178e-11,-2.526513391405105134e-10,-1.245088422965907663e-09,-3.872617186962567878e-09,-9.341709947205781801e-09,-1.917193951565081649e-08,-3.517942852431517875e-08,-5.945992000536435763e-08,-9.437251259369923381e-08,-1.425249589051639124e-07,-2.067612495109286171e-07,-2.901520058398609684e-07,-3.959879919329615338e-07,-5.277768270033235020e-07,-6.892427558170957170e-07,-8.843291113339510868e-07,-1.117202890778655551e-06,-1.392260680091615804e-06,-1.714134990606583276e-06,-2.087699938808984571e-06,-2.518075096756423244e-06,-3.010626285315766236e-06,-3.570962052609431074e-06,-4.204924610513243821e-06,-4.918574064170936068e-06,-5.718164879536621546e-06,-6.610113674514885793e-06,-7.600957612546080153e-06,-8.697302890197154370e-06,-9.905763048879032040e-06,-1.123288711418333616e-05,-1.268507783284960449e-05,-1.426850058987331995e-05,-1.598898383362593262e-05,-1.785191215979658100e-05,-1.986211344035922202e-05,-2.202374164768899749e-05,-2.434015721552942082e-05,-2.681380698631587422e-05,-2.944610592856925985e-05,-3.223732289140686613e-05,-3.518647274110803084e-05,-3.829121719964171180e-05,-4.154777671071052610e-05,-4.495085547980501859e-05,-4.849358177680427402e-05,-5.216746533953135013e-05,-5.596237352581909794e-05,-5.986652752549799435e-05,-6.386651973609095822e-05,-6.794735296842618021e-05,-7.209250187301634435e-05,-7.628399656893139610e-05,-8.050252807426385121e-05,-8.472757484967150291e-05,-8.893754923518069769e-05,-9.310996239971933099e-05,-9.722160594445542901e-05,-1.012487481159546327e-04,-1.051673421865671179e-04,-1.089532445127548770e-04,-1.125824394148414414e-04,-1.160312680168826955e-04,-1.192766580167298641e-04,-1.222963514141626714e-04,-1.250691270855356762e-04,-1.275750153320467462e-04,-1.297955015099112495e-04,-1.317137160630541654e-04,-1.333146084858563920e-04,-1.345851029233802133e-04,-1.355142334755325717e-04,-1.360932574902749240e-04,-1.363157455050972963e-04,-1.361776467905062658e-04,-1.356773298715295149e-04,-1.348155976590272379e-04,-1.335956772651773414e-04,-1.320231848521830325e-04,-1.301060663157947109e-04,-1.278545146478033496e-04,-1.252808655585676298e-04,-1.223994727261085071e-04,-1.192265646146050697e-04,-1.157800848466795880e-04,-1.120795183529036320e-04,-1.081457055809931028e-04,-1.040006472156762422e-04,-9.966730186511159469e-05,-9.516937919882836677e-05,-9.053113101258488630e-05,-8.577714262758103967e-05,-8.093212695905644435e-05,-7.602072346368329609e-05,-7.106730403983051885e-05,-6.609578778372834354e-05,-6.112946632952603702e-05,-5.619084128321529448e-05,-5.130147507159966958e-05
nan,-1.084251787811684736e-11,-1.644443390622063411e-10,-8.155232621923670822e-10,-2.544916543118907071e-09,-6.151735947136174624e-09,-1.264391939928168269e-08,-2.322805667638361084e-08,-3.929930729240992345e-08,-6.243214013292386572e-08,-9.437251259368840767e-08,-1.370319728613846336e-07,-1.924840187221385255e-07,-2.629628864068629658e-07,-3.508647731631875769e-07,-4.587513306818508905e-07,-5.893551025258648395e-07,-7.455864225666349578e-07,-9.305411559399758880e-07,-1.147508540807053926e-06,-1.399978294508874709e-06,-1.691646075870307494e-06,-2.026416359325131410e-06,-2.408401760107501317e-06,-2.841917877757934188e-06,-3.331472777435412232e-06,-3.881750315889549891e-06,-4.497586629098294391e-06,-5.183939247697762235e-06,-5.945848469583024060e-06,-6.788390801213619242e-06,-7.716624486808165188e-06,-8.735527346569293741e-06,-9.849927381164512043e-06,-1.106442678454292532e-05,-1.238332025025351787e-05,-1.381050863280712004e-05,-1.534940922370103925e-05,-1.700286404446819396e-05,-1.877304771429164928e-05,-2.066137654982686978e-05,-2.266842061520045926e-05,-2.479382049837930996e-05,-2.703621056915420841e-05,-2.939315047839726459e-05,-3.186106652023581765e-05,-3.443520443757542773e-05,-3.710959505992678911e-05,-3.987703402085858364e-05,-4.272907654728119915e-05,-4.565604816003442323e-05,-4.864707179311416154e-05,-5.169011163495578398e-05,-5.477203368729460228e-05,-5.787868274984323772e-05,-6.099497532663821148e-05,-6.410500754533810343e-05,-6.719217706843087085e-05,-7.023931761051547325e-05,-7.322884454178987920e-05,-7.614290975319064510e-05,-7.896356393275362625e-05,-8.167292411695141886e-05,-8.425334438498475738e-05,-8.668758743064594759e-05,-8.895899479693686763e-05,-9.105165344193255465e-05,-9.295055649381982579e-05,-9.464175602945384827e-05,-9.611250587105543057e-05,-9.735139255160699394e-05,-9.834845272591937620e-05,-9.909527557946891168e-05,-9.958508894265818653e-05,-9.981282810051585229e-05,-9.977518650203787945e-05,-9.947064789491283094e-05,-9.889949959249878895e-05,-9.806382691661101754e-05,-9.696748905904511442e-05,-9.561607694893618304e-05,-9.401685372952507864e-05,-9.217867902133243139e-05,-9.011191796311149446e-05,-8.782833647005948311e-05,-8.534098417252995012e-05,-8.266406667804083530e-05,-7.981280884577024253e-05,-7.680331088724369959e-05,-7.365239911333509241e-05,-7.037747316884618006e-05,-6.699635159159793806e-05,-6.352711748241213490e-05,-5.998796602022682416e-05,-5.639705546449317583e-05,-5.277236318756013374e-05,-4.913154815336505946e-05,-4.549182113031006379e-05,-4.186982376477139077e-05,-3.828151750288874880e-05
nan,-6.633776496541129356e-12,-1.020932967491791183e-10,-5.089500893866080145e-10,-1.592551781313534394e-09,-3.856295660390456249e-09,-7.936072965716489527e-09,-1.459448694005079276e-08,-2.471540110612854850e-08,-3.929930729241026756e-08,-5.945992000535719755e-08,-8.642230552968289420e-08,-1.215227450344398803e-07,-1.662104156935058969e-07,-2.220508520667201236e-07,-2.907310312679813634e-07,-3.740658091554340444e-07,-4.740053247408698866e-07,-5.926428951410186091e-07,-7.322228380230676713e-07,-8.951475936678182148e-07,-1.083983470866804480e-06,-1.301464318657694086e-06,-1.550492418173706174e-06,-1.834135912683699563e-06,-2.155622135591566213e-06,-2.518326262565760693e-06,-2.925754796787229387e-06,-3.381523506836309590e-06,-3.889329557202917477e-06,-4.452917705067046389e-06,-5.076040588769542600e-06,-5.762413280541070228e-06,-6.515662447744137902e-06,-7.339270600714959600e-06,-8.236516081559340784e-06,-9.210409575271584650e-06,-1.026362806772780008e-05,-1.139844727735790898e-05,-1.261667369889050176e-05,-1.391957746954301419e-05,-1.530782730976265583e-05,-1.678142883281846204e-05,-1.833966750065455761e-05,-1.998105750709708366e-05,-2.170329776666379934e-05,-2.350323615982155516e-05,-2.537684304401205385e-05,-2.731919493906084540e-05,-2.932446910878523633e-05,-3.138594965332348619e-05,-3.349604548328474697e-05,-3.564632040218560150e-05,-3.782753530031705510e-05,-4.002970225556631270e-05,-4.224215018650110016e-05,-4.445360140521689615e-05,-4.665225834400883053e-05,-4.882589946091690184e-05,-5.096198323692899767e-05,-5.304775895232707319e-05,-5.507038291940144113e-05,-5.701703863300368335e-05,-5.887505931061664741e-05,-6.063205119132111841e-05,-6.227601600606719721e-05,-6.379547093677955807e-05,-6.517956452822309856e-05,-6.641818699121210593e-05,-6.750207345276954744e-05,-6.842289882227609152e-05,-6.917336302681695087e-05,-6.974726557301461050e-05,-7.013956849784947715e-05,-7.034644697676047521e-05,-7.036532700639622619e-05,-7.019490981614986752e-05,-6.983518278424391535e-05,-6.928741688177405828e-05,-6.855415080642029741e-05,-6.763916222068573083e-05,-6.654742650751715484e-05,-6.528506388949975201e-05,-6.385927560119341001e-05,-6.227827014249657730e-05,-6.055118065125432837e-05,-5.868797456340069200e-05,-5.669935676401121038e-05,-5.459666752104197181e-05,-5.239177650026315055e-05,-5.009697417443154853e-05,-4.772486193891289571e-05,-4.528824220951440527e-05,-4.280000974229895789e-05,-4.027304535015463352e-05,-3.772011312057887424e-05,-3.515376214914932708e-05,-3.258623371258777832e-05,-3.002937469012090664e-05,-2.749455794379928374e-05
nan,-3.829761233776511438e-12,-5.964242172783571248e-11,-2.985667067227093890e-10,-9.362900477706898248e-10,-2.270428773972878262e-09,-4.677546772297614638e-09,-8.610217156731338976e-09,-1.459448694005192269e-08,-2.322805667638545711e-08,-3.517942852431256486e-08,-5.118820769482678254e-08,-7.206666678100971890e-08,-9.870260327987251996e-08,-1.320634374182124920e-07,-1.732014167520020351e-07,-2.232597154102586880e-07,-2.834791419555729159e-07,-3.552051065311708646e-07,-4.398944416422383468e-07,-5.391216286701981458e-07,-6.545839519055025343e-07,-7.881050891587185760e-07,-9.416366454486703470e-07,-1.117257155002978370e-06,-1.317168108163241884e-06,-1.543686607652775842e-06,-1.799234317829326717e-06,-2.086322448481554691e-06,-2.407532599357783769e-06,-2.765493384922917957e-06,-3.162852864539346471e-06,-3.602246905319327400e-06,-4.086263723914142484e-06,-4.617404945646334928e-06,-5.198043641346936493e-06,-5.830379889250775441e-06,-6.516394508030898883e-06,-7.257801676743195957e-06,-8.056001233972587112e-06,-8.912031497902727674e-06,-9.826523476245053294e-06,-1.079965736438791572e-05,-1.183112221709205355e-05,-1.292007968227831805e-05,-1.406513261197034998e-05,-1.526429934890490507e-05,-1.651499438719148316e-05,-1.781401603761293133e-05,-1.915754159737514917e-05,-2.054113045311853461e-05,-2.195973537523400820e-05,-2.340772216446372500e-05,-2.487889765711381689e-05,-2.636654595219591166e-05,-2.786347262328859643e-05,-2.936205646774795233e-05,-3.085430830231098749e-05,-3.233193612384811571e-05,-3.378641589466162341e-05,-3.520906705186687444e-05,-3.659113184089963675e-05,-3.792385741638277597e-05,-3.919857966702844788e-05,-4.040680764567878896e-05,-4.154030752098304225e-05,-4.259118489274174124e-05,-4.355196442236673206e-05,-4.441566570528562906e-05,-4.517587439408809379e-05,-4.582680766016481989e-05,-4.636337313366752853e-05,-4.678122060699782330e-05,-4.707678585356451514e-05,-4.724732605711552842e-05,-4.729094644500945761e-05,-4.720661788598695858e-05,-4.699418528903994785e-05,-4.665436681462521468e-05,-4.618874399993387804e-05,-4.559974307853964005e-05,-4.489060776111397655e-05,-4.406536405966982023e-05,-4.312877760981002342e-05,-4.208630419169965111e-05,-4.094403415146233809e-05,-3.970863151473912961e-05,-3.838726860946082913e-05,-3.698755707454810874e-05,-3.551747613744883023e-05,-3.398529905270058609e-05,-3.239951859494425611e-05,-3.076877247453526634e-05,-2.910176952035490612e-05,-2.740721743070200381e-05,-2.569375284577949764e-05,-2.396987443413778690e-05,-2.224387962472666486e-05,-2.052380553771744197e-05,-1.881737460143742741e-05
nan,-2.045070179791792654e-12,-3.214296609923401912e-11,-1.614234651095519039e-10,-5.070880678070834381e-10,-1.231098472099146815e-09,-2.538774949483990091e-09,-4.677546772297282938e-09,-7.936072965716716174e-09,-1.264391939928215749e-08,-1.917193951564819929e-08,-2.793346118226358751e-08,-3.938633314784179538e-08,-5.403583350690640866e-08,-7.243838918756865481e-08,-9.520600403355473403e-08,-1.230112431578741534e-07,-1.565925746376954193e-07,-1.967598299572130721e-07,-2.443995097366288833e-07,-3.004796354527642574e-07,-3.660538299369802148e-07,-4.422643028093987763e-07,-5.303434170813761264e-07,-6.316135267169352062e-07,-7.474847969012268040e-07,-8.794507510218392372e-07,-1.029081327959471645e-06,-1.198013284804644791e-06,-1.387937835913935217e-06,-1.600585480271608132e-06,-1.837708038264627425e-06,-2.101057985354524414e-06,-2.392365247663018843e-06,-2.713311683891871118e-06,-3.065503557393572807e-06,-3.450442358001741238e-06,-3.869494397257812131e-06,-4.323859645169011293e-06,-4.814540325960540317e-06,-5.342309822266564578e-06,-5.907682453580214156e-06,-6.510884714318447992e-06,-7.151828547322946744e-06,-7.830087231468214990e-06,-8.544874412289830170e-06,-9.295026795998332354e-06,-1.007899096026545399e-05,-1.089481469274260882e-05,-1.174014318184330546e-05,-1.261222034101335783e-05,-1.350789543446751818e-05,-1.442363511186832847e-05,-1.535554085855358978e-05,-1.629937177537676445e-05,-1.725057253974513242e-05,-1.820430625894739869e-05,-1.915549190479719108e-05,-2.009884589102114478e-05,-2.102892732010819613e-05,-2.194018631875537651e-05,-2.282701488796957706e-05,-2.368379958531685535e-05,-2.450497537108339434e-05,-2.528507989690721155e-05,-2.601880754331058302e-05,-2.670106245668674828e-05,-2.732700991461489977e-05,-2.789212532640496128e-05,-2.839224023021403280e-05,-2.882358469998916859e-05,-2.918282560444871788e-05,-2.946710025864597378e-05,-2.967404504690969826e-05,-2.980181869062989149e-05,-2.984911989413337695e-05,-2.981519921379188434e-05,-2.969986503836807271e-05,-2.950348368530442670e-05,-2.922697367229869946e-05,-2.887179434297722729e-05,-2.843992900614100027e-05,-2.793386296767467396e-05,-2.735655673391991803e-05,-2.671141483632624892e-05,-2.600225072247714194e-05,-2.523324821736393361e-05,-2.440892007597259824e-05,-2.353406418592928547e-05,-2.261371798408740789e-05,-2.165311165625693069e-05,-2.065762069147981028e-05,-1.963271834557033527e-05,-1.858392855429729680e-05,-1.751677980895932513e-05,-1.643676047714895879e-05,-1.534927601238817186e-05,-1.425960845823378427e-05,-1.317287860209479040e-05,-1.209401109267379497e-05
nan,-9.794789082851106409e-13,-1.549916291376190687e-11,-7.802267558123782391e-11,-2.454241705721322733e-10,-5.964321532393588476e-10,-1.231098472099186519e-09,-2.270428773972743431e-09,-3.856295660390687860e-09,-6.151735947136615511e-09,-9.341709947204491399e-09,-1.363437379850893406e-08,-1.926288665610302089e-08,-2.648774432545646505e-08,-3.559959946060636129e-08,-4.692249832172131281e-08,-6.081743500624259073e-08,-7.768609708017122452e-08,-9.797465372125349193e-08,-1.221774176858890848e-07,-1.508401979211774396e-07,-1.845631499786633173e-07,-2.240029283681764241e-07,-2.698739460287623680e-07,-3.229485549487121709e-07,-3.840559759910029487e-07,-4.540798258506180150e-07,-5.339541133366891157e-07,-6.246576083885370718e-07,-7.272065209968448462e-07,-8.426454637873103991e-07,-9.720367135733403515e-07,-1.116447826747451171e-06,-1.276937709810091404e-06,-1.454541281341841469e-06,-1.650252909330359434e-06,-1.865008840468594743e-06,-2.099668876256670206e-06,-2.354997576725551905e-06,-2.631645301842079324e-06,-2.930129419746979937e-06,-3.250816019745908701e-06,-3.593902480122120245e-06,-3.959401234330376494e-06,-4.347125081581793990e-06,-4.756674356465067108e-06,-5.187426269068222557e-06,-5.638526685500386002e-06,-6.108884594740558247e-06,-6.597169454882944250e-06,-7.101811588373155733e-06,-7.621005726184489052e-06,-8.152717766895098002e-06,-8.694694755947743981e-06,-9.244478035357781858e-06,-9.799419479147227641e-06,-1.035670064241791577e-05,-1.091335464402588934e-05,-1.146629052314888324e-05,-1.201231979253143945e-05,-1.254818484372878435e-05,-1.307058886930855718e-05,-1.357622689651593780e-05,-1.406181754005073588e-05,-1.452413504647385465e-05,-1.496004122345539377e-05,-1.536651680759110856e-05,-1.574069187739415406e-05,-1.607987490008634484e-05,-1.638158003448687643e-05,-1.664355234392204090e-05,-1.686379058658909167e-05,-1.704056731287518066e-05,-1.717244601810178622e-05,-1.725829515705964775e-05,-1.729729885939233609e-05,-1.728896425459875924e-05,-1.723312533586478370e-05,-1.712994336449430414e-05,-1.697990384610862226e-05,-1.678381018419382721e-05,-1.654277409638786939e-05,-1.625820302239418350e-05,-1.593178467819309237e-05,-1.556546902276309617e-05,-1.516144789623965813e-05,-1.472213262389087570e-05,-1.425012989106760875e-05,-1.374821621600514010e-05,-1.321931135119909848e-05,-1.266645094663143291e-05,-1.209275881049077592e-05,-1.150141909271677529e-05,-1.089564870879468927e-05,-1.027867030519311812e-05,-9.653686050455801565e-06,-9.023852512910428931e-06,-8.392256864151858087e-06,-7.761894617671820392e-06,-7.135649088338227140e-06
nan,-3.997103408287406988e-13,-6.354341184859132233e-12,-3.204168302627939453e-11,-1.008951184100358542e-10,-2.454241705721120074e-10,-5.070880678070685488e-10,-9.362900477705537536e-10,-1.592551781313562932e-09,-2.544916543119010055e-09,-3.872617186961720845e-09,-5.666030722617637479e-09,-8.027925916907439727e-09,-1.107499451718456289e-08,-1.493964031683737346e-08,-1.977198468627846997e-08,-2.574203220974682483e-08,-3.304192625600749134e-08,-4.188821271069629657e-08,-5.252402017273502604e-08,-6.522105773427819156e-08,-8.028132689298791981e-08,-9.803844302294207241e-08,-1.188584628834246719e-07,-1.431401196807765311e-07,-1.713143750826454861e-07,-2.038432083509016570e-07,-2.412175758804106809e-07,-2.839544911207946114e-07,-3.325931929210441723e-07,-3.876903896486027020e-07,-4.498145885376776643e-07,-5.195395405089451770e-07,-5.974368553377746717e-07,-6.840678601484056018e-07,-7.799747995823932855e-07,-8.856714928044303414e-07,-1.001633582757402594e-06,-1.128288526400974757e-06,-1.266005490033628734e-06,-1.415085323957086273e-06,-1.575750794633203113e-06,-1.748137259372117659e-06,-1.932283964550884786e-06,-2.128126150318444362e-06,-2.335488126870449850e-06,-2.554077487260445691e-06,-2.783480598514878122e-06,-3.023159501220618694e-06,-3.272450318792945228e-06,-3.530563267115538652e-06,-3.796584316747110230e-06,-4.069478543601232824e-06,-4.348095171484240567e-06,-4.631174280928640865e-06,-4.917355142055167085e-06,-5.205186080144309062e-06,-5.493135782513525971e-06,-5.779605910314788945e-06,-6.062944872147155184e-06,-6.341462578082732000e-06,-6.613446002138996280e-06,-6.877175339507465482e-06,-7.130940555440441498e-06,-7.373058101507707447e-06,-7.601887589064489477e-06,-7.815848184148374835e-06,-8.013434520856642617e-06,-8.193231916990104344e-06,-8.353930694589251524e-06,-8.494339425277415472e-06,-8.613396924670535681e-06,-8.710182855652763624e-06,-8.783926807473632262e-06,-8.834015749436704664e-06,-8.859999773052365063e-06,-8.861596075778429470e-06,-8.838691146412964598e-06,-8.791341152953506891e-06,-8.719770546885370952e-06,-8.624368939771783437e-06,-8.505686290594961628e-06,-8.364426528111170112e-06,-8.201439681919546801e-06,-8.017712662501895709e-06,-7.814358823117903083e-06,-7.592606455546549031e-06,-7.353786377700487599e-06,-7.099318782089261703e-06,-6.830699516660064855e-06,-6.549485970389287308e-06,-6.257282738006543393e-06,-5.955727232420501141e-06,-5.646475409670528338e-06,-5.331187762996023670e-06,-5.011515733711347168e-06,-4.689088674496318026e-06,-4.365501489795099415e-06,-4.042303062330588194e-06,-3.720985562905778458e-06
nan,-1.263023541715759290e-13,-2.013695353482323280e-12,-1.016604108817670159e-11,-3.204168302627423111e-11,-7.802267558121900555e-11,-1.614234651095304230e-10,-2.985667067226212425e-10,-5.089500893865891962e-10,-8.155232621923813511e-10,-1.245088422965513925e-09,-1.828831911243691911e-09,-2.602987487020505887e-09,-3.609625162718771469e-09,-4.897552434270038854e-09,-6.523308112498139572e-09,-8.552222600138196305e-09,-1.105951264083316006e-08,-1.413137370997230843e-08,-1.786602912962055388e-08,-2.237469205527033374e-08,-2.778239472273255309e-08,-3.422863904859530825e-08,-4.186782334768281948e-08,-5.086940225333472944e-08,-6.141774057226491975e-08,-7.371162657914203402e-08,-8.796341608754677624e-08,-1.043977859661689722e-07,-1.232500837378761870e-07,-1.447642682404532294e-07,-1.691904460426754768e-07,-1.967820172573871641e-07,-2.277924552093770836e-07,-2.624717520067581017e-07,-3.010625733184921043e-07,-3.437961726660621135e-07,-3.908881244454543614e-07,-4.425339404408069354e-07,-4.989046412757717999e-07,-5.601423587705984566e-07,-6.263560463654510502e-07,-6.976173781602290278e-07,-7.739569149508599221e-07,-8.553606170105115390e-07,-9.417667746364032685e-07,-1.033063428583008339e-06,-1.129086341496022093e-06,-1.229617577168573923e-06,-1.334384731043717988e-06,-1.443060852162952701e-06,-1.555265078695733502e-06,-1.670564003275019859e-06,-1.788473769792889265e-06,-1.908462890736389989e-06,-2.029955768116653485e-06,-2.152336877490927977e-06,-2.274955577500747595e-06,-2.397131485579931337e-06,-2.518160359372074227e-06,-2.637320404731721314e-06,-2.753878938422827465e-06,-2.867099312165323133e-06,-2.976248011925271022e-06,-3.080601835226262594e-06,-3.179455057718910459e-06,-3.272126485682580462e-06,-3.357966309010972832e-06,-3.436362660779185087e-06,-3.506747798527705534e-06,-3.568603830400464197e-06,-3.621467909261100792e-06,-3.664936835439381560e-06,-3.698671009918526789e-06,-3.722397694609944646e-06,-3.735913541489917908e-06,-3.739086371302231650e-06,-3.731856182889743188e-06,-3.714235393801946134e-06,-3.686308316928757080e-06,-3.648229898144705308e-06,-3.600223727519259202e-06,-3.542579381397340012e-06,-3.475649122411158596e-06,-3.399844019096521684e-06,-3.315629541034832933e-06,-3.223520694095489020e-06,-3.124076763195651022e-06,-3.017895734438624499e-06,-2.905608469929943803e-06,-2.787872708566961204e-06,-2.665366967480227930e-06,-2.538784415962420912e-06,-2.408826792348079204e-06,-2.276198430823225322e-06,-2.141600461397516629e-06,-2.005725241000445218e-06,-1.869251069264352524e-06,-1.732837235662162315e-06,-1.597119439919920371e-06
nan,-2.495321373187001131e-14,-3.984884344164291636e-13,-2.013695353483297075e-12,-6.354341184860101585e-12,-1.549916291376069841e-11,-3.214296609923633264e-11,-5.964242172781776007e-11,-1.020932967491941885e-10,-1.644443390622463818e-10,-2.526513391404419608e-10,-3.738729879317939081e-10,-5.367081268313550485e-10,-7.514719275618100844e-10,-1.030506427093281548e-09,-1.388518857232084685e-09,-1.842939316110688491e-09,-2.414287608875721182e-09,-3.126537657195510058e-09,-4.007466700812224980e-09,-5.088975668534950931e-09,-6.407366630099772512e-09,-8.003563204850057514e-09,-9.923260071914029368e-09,-1.221698846250504512e-08,-1.494008570677221631e-08,-1.815255837651933218e-08,-2.191883038301442991e-08,-2.630736964372280241e-08,-3.139018941312313042e-08,-3.724222286602494284e-08,-4.394057254758937542e-08,-5.156363897662306039e-08,-6.019013606524219857e-08,-6.989800316725754039e-08,-8.076322716440097830e-08,-9.285858996387820673e-08,-1.062523595886565145e-07,-1.210069446031839688e-07,-1.371775336866143957e-07,-1.548107436315856336e-07,-1.739432991222632078e-07,-1.946007689429937487e-07,-2.167963823634380022e-07,-2.405299501952946438e-07,-2.657869117634510358e-07,-2.925375300791900477e-07,-3.207362535749334188e-07,-3.503212618977642895e-07,-3.812142086562422980e-07,-4.133201738451006965e-07,-4.465278323118589354e-07,-4.807098435246535119e-07,-5.157234631514563504e-07,-5.514113731002781030e-07,-5.876027255609062029e-07,-6.241143879909820412e-07,-6.607523786760133235e-07,-6.973134744523429545e-07,-7.335869729330999856e-07,-7.693565846150647671e-07,-8.044024343615128329e-07,-8.385031431566381668e-07,-8.714379648447505106e-07,-9.029889480144806735e-07,-9.329430971808385161e-07,-9.610945009013001815e-07,-9.872464021352360369e-07,-1.011213181956736855e-06,-1.032822231041243251e-06,-1.051915686110489922e-06,-1.068352007408755107e-06,-1.082007379932183218e-06,-1.092776920349263097e-06,-1.100575676736979184e-06,-1.105339409002136585e-06,-1.107025144815419449e-06,-1.105611504433234762e-06,-1.101098794945162560e-06,-1.093508874801192789e-06,-1.082884796928904346e-06,-1.069290232018858563e-06,-1.052808691824315290e-06,-1.033542558046287747e-06,-1.011611936456310915e-06,-9.871533526052014723e-07,-9.603183083489359265e-07,-9.312717194102098928e-07,-9.001902553850139437e-07,-8.672606042208468662e-07,-8.326776829647525519e-07,-7.966428172942041026e-07,-7.593619112624068782e-07,-7.210436284032251988e-07,-6.818976043022370012e-07,-6.421327096408559429e-07,-6.019553810611017258e-07,-5.615680360306862447e-07,-5.211675856910279297e-07,-4.809440584282271089e-07
nan,-1.560890325309102670e-15,-2.495321373186877438e-14,-1.263023541716918726e-13,-3.997103408289527447e-13,-9.794789082848878918e-13,-2.045070179792470797e-12,-3.829761233772610602e-12,-6.633776496543962288e-12,-1.084251787812578479e-11,-1.695024569720815228e-11,-2.558935873585568208e-11,-3.756514106251137557e-11,-5.389558805263864825e-11,-7.585565490333024793e-11,-1.050250213312997679e-10,-1.433382283988180020e-10,-1.931358292475380449e-10,-2.572150180251061962e-10,-3.388780606789226678e-10,-4.419767457415615610e-10,-5.709510242115779630e-10,-7.308600089510542713e-10,-9.274035478782881572e-10,-1.166932677826728698e-09,-1.456447437320739498e-09,-1.803580700222289803e-09,-2.216566932151186272e-09,-2.704195062049544845e-09,-3.275744995420387789e-09,-3.940907592905601778e-09,-4.709688351036190530e-09,-5.592295343488465216e-09,-6.599012448676985717e-09,-7.740059103065495751e-09,-9.025438352343587654e-09,-1.046477516232943146e-08,-1.206714735424389441e-08,-1.384091168474114281e-08,-1.579352787579600614e-08,-1.793138362697757593e-08,-2.025962354537670793e-08,-2.278198520245845394e-08,-2.550064531897029442e-08,-2.841607930705737424e-08,-3.152693675141399961e-08,-3.482993582060439830e-08,-3.831977887190236768e-08,-4.198909157179092004e-08,-4.582838705718637670e-08,-4.982605695182024377e-08,-5.396838989634128168e-08,-5.823961837326019705e-08,-6.262199386940154315e-08,-6.709588990416180082e-08,-7.163993258422661859e-08,-7.623115669307502074e-08,-8.084518627571715869e-08,-8.545643734015828513e-08,-9.003834039869728777e-08,-9.456357959044616047e-08,-9.900434614290781429e-08,-1.033326021093683930e-07,-1.075203514170199976e-07,-1.115399142273881757e-07,-1.153642016683271415e-07,-1.189669863621978905e-07,-1.223231660228016467e-07,-1.254090162334262793e-07,-1.282024291664685695e-07,-1.306831354920039509e-07,-1.328329061656052765e-07,-1.346357321516838769e-07,-1.360779796126634960e-07,-1.371485190281046144e-07,-1.378388265023066298e-07,-1.381430568815248828e-07,-1.380580875279100045e-07,-1.375835329889341992e-07,-1.367217304935514324e-07,-1.354776976737703494e-07,-1.338590619161539499e-07,-1.318759648967885204e-07,-1.295409420682893412e-07,-1.268687800516243738e-07,-1.238763538645049873e-07,-1.205824463904493833e-07,-1.170075526630440246e-07,-1.131736716365299363e-07,-1.091040882569622117e-07,-1.048231485308198176e-07,-1.003560304887747292e-07,-9.572851371521522167e-08,-9.096675012259472096e-08,-8.609703851714470189e-08,-8.114560536976641041e-08,-7.613839396307957069e-08,-7.110086399307625230e-08,-6.605780337342360196e-08,-6.103315390079837726e-08
nan,nan,nan,nan,nan,nan,nan,nan,nan,nan,nan,nan,nan,nan,nan,nan,nan,nan,nan,nan,nan,nan,nan,nan,nan,nan,nan,nan,nan,nan,nan,nan,nan,nan,nan,nan,nan,nan,nan,nan,nan,nan,nan,nan,nan,nan,nan,nan,nan,nan,nan,nan,nan,nan,nan,nan,nan,nan,nan,nan,nan,nan,nan,nan,nan,nan,nan,nan,nan,nan,nan,nan,nan,nan,nan,nan,nan,nan,nan,nan,nan,nan,nan,nan,nan,nan,nan,nan,nan,nan,nan,nan,nan,nan,nan,nan,nan,nan,nan,nan
