nan,nan,nan,nan,nan,nan,nan,nan,nan,nan,nan,nan,nan,nan,nan,nan,nan,nan,nan,nan,nan,nan,nan,nan,nan,nan,nan,nan,nan,nan,nan,nan,nan,nan,nan,nan,-1.210778815963870040e-05,-2.782588797202414281e-05,-4.186340474715617602e-05,-5.429681935844328630e-05,-6.520537303353763628e-05,-7.467039986002253608e-05,-8.277468140708416338e-05,-8.960183060191520749e-05,-9.523570725719743388e-05,-9.975986964988436381e-05,-1.032570642898337013e-04,-1.058087575392154531e-04,-1.074947085338665448e-04,-1.083925875376718772e-04,-1.085776365240746061e-04,-1.081223751769493552e-04,-1.070963501012296563e-04,-1.055659271182624341e-04,-1.035941236577911714e-04,-1.012404821528984576e-04,-9.856098150569866131e-05,-9.560798128458114714e-05,-9.243020216937608297e-05,-8.907273491440230039e-05,-8.557707723583210719e-05,-8.198119617872228772e-05,-7.831961269747281500e-05,-7.462350466007531906e-05,-7.092082767479879332e-05,-6.723644966353598462e-05,-6.359229637624701399e-05,-6.000750640123872183e-05,-5.649859339831797084e-05,-5.307961130438598816e-05,-4.976232352082605044e-05,-4.655637387564961636e-05,-4.346945321257149607e-05,-4.050746744599901953e-05,-3.767470005643769717e-05,-3.497397025529583753e-05,-3.240678368342881434e-05,-2.997348200422557396e-05,-2.767337849081224333e-05,-2.550489036389186581e-05,-2.346566384379985648e-05,-2.155268559921092760e-05,-1.976239263527084509e-05,-1.809077038606730144e-05,-1.653344143841291557e-05,-1.508574869242007441e-05,-1.374282970029415814e-05,-1.249968340991358369e-05,-1.135122893274340204e-05,-1.029235589276316525e-05,-9.317974545268071390e-06,-8.423051610869573651e-06,-7.602646361974339242e-06,-6.851935075284583442e-06,-6.166239688840154522e-06,-5.541046277026789982e-06,-4.972012413526643611e-06,-4.454991453556865646e-06,-3.986026084629745069e-06,-3.561367762564879557e-06
nan,nan,nan,nan,nan,nan,nan,nan,nan,nan,nan,nan,nan,nan,nan,nan,nan,nan,nan,nan,nan,nan,nan,nan,nan,nan,nan,nan,nan,nan,nan,nan,nan,nan,nan,nan,-1.584508369892839139e-05,-3.064140131098320378e-05,-4.383197298817372186e-05,-5.549143377018226351e-05,-6.569687183872849237e-05,-7.452719906655398501e-05,-8.206254343091988045e-05,-8.838366992196062188e-05,-9.357143210728680331e-05,-9.770625840917032581e-05,-1.008676750132891150e-04,-1.031338687750379024e-04,-1.045812895213402724e-04,-1.052842955572203708e-04,-1.053148392877544361e-04,-1.047421958854281388e-04,-1.036327328569371770e-04,-1.020497203329675346e-04,-1.000531792061939778e-04,-9.769976791970003832e-05,-9.504270509598800054e-05,-9.213172294164319797e-05,-8.901305468942804491e-05,-8.572944877737869460e-05,-8.232020916545680330e-05,-7.882125947039603881e-05,-7.526522781727642858e-05,-7.168154882196528434e-05,-6.809658212641938138e-05,-6.453374363333690177e-05,-6.101364679697658037e-05,-5.755425259677574929e-05,-5.417102605745224381e-05,-5.087709531107430759e-05,-4.768341415314906919e-05,-4.459892600769163715e-05,-4.163072354929545608e-05,-3.878420944422431336e-05,-3.606325163856016498e-05,-3.347033433959109740e-05,-3.100670176595741182e-05,-2.867250062909747568e-05,-2.646690926840061775e-05,-2.438826352424332478e-05,-2.243417558098340970e-05,-2.060163987351626186e-05,-1.888713734024022480e-05,-1.728672845577006688e-05,-1.579613732850553058e-05,-1.441083042994259722e-05,-1.312608692239873842e-05,-1.193706174709805324e-05,-1.083884111866012810e-05,-9.826490039547498205e-06,-8.895099482381739323e-06,-8.039820125532598787e-06,-7.255896241843768144e-06,-6.538688618146321313e-06,-5.883701366327701135e-06,-5.286599131956899733e-06,-4.743213868515221848e-06,-4.249567401433976222e-06,-3.801865203486095326e-06,-3.396514365009853452e-06
nan,nan,nan,nan,nan,nan,nan,nan,nan,nan,nan,nan,nan,nan,nan,nan,nan,nan,nan,nan,nan,nan,nan,nan,nan,nan,nan,nan,nan,nan,nan,nan,nan,nan,nan,-3.973042018617898327e-06,-1.946667591245599614e-05,-3.335867767807590873e-05,-4.571898954264062295e-05,-5.662032716245479134e-05,-6.613756819569979414e-05,-7.434715976515261662e-05,-8.132654749456566154e-05,-8.715363226271392904e-05,-9.190625661152610642e-05,-9.566172453632209715e-05,-9.849635636785753282e-05,-1.004850818311740231e-04,-1.017010706297097436e-04,-1.022154040580163848e-04,-1.020967846666456032e-04,-1.014112866612261509e-04,-1.002221449526732947e-04,-9.858958263556564887e-05,-9.657067413085402283e-05,-9.421924469867156338e-05,-9.158580363115420152e-05,-8.871750632503452307e-05,-8.565814825629895985e-05,-8.244818396904069239e-05,-7.912477047719503487e-05,-7.572183288170808901e-05,-7.227014926240032944e-05,-6.879745145574572406e-05,-6.532854116541997997e-05,-6.188541776716251957e-05,-5.848741532161377458e-05,-5.515134749304227647e-05,-5.189165836980456437e-05,-4.872057541852996423e-05,-4.564826547118079863e-05,-4.268299177831331315e-05,-3.983126675402890544e-05,-3.709800551814598812e-05,-3.448667409556356345e-05,-3.199943334173910265e-05,-2.963727587092005556e-05,-2.740016157210696648e-05,-2.528714041745511935e-05,-2.329647200883747392e-05,-2.142573834976157219e-05,-1.967194432685158716e-05,-1.803161646212815447e-05,-1.650089100386592468e-05,-1.507559350582180722e-05,-1.375131323546185128e-05,-1.252346959085518272e-05,-1.138737162610759754e-05,-1.033827035675459732e-05,-9.371403510895065639e-06,-8.482039861459518684e-06,-7.665510915106254797e-06,-6.917242668151213814e-06,-6.232777032189158945e-06,-5.607796859541868632e-06,-5.038141923962367305e-06,-4.519815115094973779e-06,-4.049003355428519157e-06,-3.622071577530168229e-06,-3.235579295182036647e-06
nan,nan,nan,nan,nan,nan,nan,nan,nan,nan,nan,nan,nan,nan,nan,nan,nan,nan,nan,nan,nan,nan,nan,nan,nan,nan,nan,nan,nan,nan,nan,nan,nan,nan,nan,-8.425352067083333348e-06,-2.295921350537049612e-05,-3.596624952741847011e-05,-4.751472511432628933e-05,-5.767536811544089309e-05,-6.652079361943325224e-05,-7.412494714914059533e-05,-8.056256910105906248e-05,-8.590868610950119528e-05,-9.023813105733226260e-05,-9.362509514883832434e-05,-9.614271355576935109e-05,-9.786268745462248990e-05,-9.885494175818619091e-05,-9.918732175465590228e-05,-9.892532578756952136e-05,-9.813187642461644665e-05,-9.686712809455688613e-05,-9.518831092762739226e-05,-9.314960814416309190e-05,-9.080206760819786466e-05,-8.819354497301161086e-05,-8.536867387357087661e-05,-8.236886596323367813e-05,-7.923233430253985013e-05,-7.599413950055083173e-05,-7.268625652968299568e-05,-6.933765942974427971e-05,-6.597442070268227455e-05,-6.261982487093878391e-05,-5.929449276865596984e-05,-5.601651423057787206e-05,-5.280158794694444466e-05,-4.966316660773071971e-05,-4.661260379529579852e-05,-4.365930347573266545e-05,-4.081087023681708700e-05,-3.807325525740518497e-05,-3.545090277704871531e-05,-3.294689133652810422e-05,-3.056307078617876989e-05,-2.830019252985817567e-05,-2.615803823195201716e-05,-2.413553643489167012e-05,-2.223087592732358233e-05,-2.044161259214859417e-05,-1.876476458919580827e-05,-1.719690574934542855e-05,-1.573424884923575523e-05,-1.437272078742166885e-05,-1.310803278826457290e-05,-1.193574301435085830e-05,-1.085131262773650525e-05,-9.850154995674822311e-06,-8.927677754418784597e-06,-8.079324381543156612e-06,-7.300603893902066021e-06,-6.587120538747199704e-06,-5.934593767698340388e-06,-5.338881539020392196e-06,-4.795995110971645637e-06,-4.302104667934893086e-06,-3.853558661766484043e-06,-3.446877970622057086e-06,-3.078771137428895849e-06
nan,nan,nan,nan,nan,nan,nan,nan,nan,nan,nan,nan,nan,nan,nan,nan,nan,nan,nan,nan,nan,nan,nan,nan,nan,nan,nan,nan,nan,nan,nan,nan,nan,nan,nan,-1.271440084110910521e-05,-2.631054653309008963e-05,-3.845369012473651816e-05,-4.921033873687570537e-05,-5.864916953995165817e-05,-6.684048874776425556e-05,-7.385570931942549221e-05,-7.976684954026323218e-05,-8.464605772018739672e-05,-8.856516452780242323e-05,-9.159526607934726894e-05,-9.380633910571233090e-05,-9.526689076281742176e-05,-9.604364234721604187e-05,-9.620124985597759194e-05,-9.580205863080824532e-05,-9.490589431431892991e-05,-9.356988815947096133e-05,-9.184833639064936381e-05,-8.979259106733583303e-05,-8.745098298529039899e-05,-8.486877415654118747e-05,-8.208813556887762058e-05,-7.914815281129845435e-05,-7.608485345228944291e-05,-7.293125557644243898e-05,-6.971743551512495042e-05,-6.647061213887331464e-05,-6.321524469643443082e-05,-5.997314370027757169e-05,-5.676359162805086296e-05,-5.360347125025324491e-05,-5.050740042164188497e-05,-4.748787158245746667e-05,-4.455539264618034277e-05,-4.171863007894481177e-05,-3.898455242916647624e-05,-3.635856963379872133e-05,-3.384467255219802539e-05,-3.144556738825798756e-05,-2.916280593054329268e-05,-2.699690925972590602e-05,-2.494748981241720555e-05,-2.301336195314561525e-05,-2.119264932086558587e-05,-1.948288590846259727e-05,-1.788110608105154971e-05,-1.638393276150779847e-05,-1.498765602158449859e-05,-1.368830397676823083e-05,-1.248170890829634802e-05,-1.136356618277952640e-05,-1.032948695260030840e-05,-9.375044355831769506e-06,-8.495812972892035047e-06,-7.687407732101536346e-06,-6.945511675997316850e-06,-6.265903658183558756e-06,-5.644476910649584708e-06,-5.077260687040234787e-06,-4.560433911005450948e-06,-4.090330247699575274e-06,-3.663455941079940325e-06,-3.276484136481220530e-06,-2.926268852343246049e-06
nan,nan,nan,nan,nan,nan,nan,nan,nan,nan,nan,nan,nan,nan,nan,nan,nan,nan,nan,nan,nan,nan,nan,nan,nan,nan,nan,nan,nan,nan,nan,nan,nan,nan,-2.702832105343412226e-06,-1.682757194018073555e-05,-2.950975604859381218e-05,-4.081164291433829597e-05,-5.079790700674755537e-05,-5.953511788221447945e-05,-6.709123258855664873e-05,-7.353510661404472049e-05,-7.893602531467311888e-05,-8.336326063921131214e-05,-8.688565447785941880e-05,-8.957123147318062962e-05,-9.148684243978915005e-05,-9.269784071944781826e-05,-9.326779069674046366e-05,-9.325821115572175345e-05,-9.272835082149991288e-05,-9.173499810806974510e-05,-9.033232317481373474e-05,-8.857175195779379154e-05,-8.650186973075391886e-05,-8.416835465576157061e-05,-8.161393897634900514e-05,-7.887839379026108681e-05,-7.599853979076896760e-05,-7.300827822610846921e-05,-6.993864149052407813e-05,-6.681786149366655922e-05,-6.367145332332596066e-05,-6.052231136292575897e-05,-5.739081739113195034e-05,-5.429495762573296910e-05,-5.125044666167136631e-05,-4.827085720857224229e-05,-4.536775399170371587e-05,-4.255082870135083842e-05,-3.982803675393735578e-05,-3.720573423008473812e-05,-3.468881064016192080e-05,-3.228082166872364353e-05,-2.998411692816998955e-05,-2.779996358881076920e-05,-2.572866370653336489e-05,-2.376966981740893790e-05,-2.192168961788681854e-05,-2.018278745396212803e-05,-1.855047979458198434e-05,-1.702182022717043660e-05,-1.559348259018537446e-05,-1.426183501913506582e-05,-1.302300668751832390e-05,-1.187294997431875341e-05,-1.080749580706095843e-05,-9.822403108866221652e-06,-8.913402090183750913e-06,-8.076231182081685842e-06,-7.306673370734904872e-06,-6.600582094444630901e-06,-5.953907018872110752e-06,-5.362711245075958049e-06,-4.823191359283729288e-06,-4.331689980090569036e-06,-3.884700291040734391e-06,-3.478882445228935651e-06,-3.111058036046613476e-06,-2.778222867373008722e-06
nan,nan,nan,nan,nan,nan,nan,nan,nan,nan,nan,nan,nan,nan,nan,nan,nan,nan,nan,nan,nan,nan,nan,nan,nan,nan,nan,nan,nan,nan,nan,nan,nan,nan,-7.590676718220651712e-06,-2.075366712661817862e-05,-3.254717312410894642e-05,-4.303184109166054117e-05,-5.227044433270146403e-05,-6.032739413157162469e-05,-6.726826432783801295e-05,-7.315933422535811890e-05,-7.806715154577375626e-05,-8.205811984943901371e-05,-8.519811156852192440e-05,-8.755210922657590878e-05,-8.918387582539589380e-05,-9.015565650125947612e-05,-9.052791064359485597e-05,-9.035907691321338098e-05,-8.970536860555621645e-05,-8.862060118694008940e-05,-8.715605016725480776e-05,-8.536033894736765959e-05,-8.327935429782874614e-05,-8.095618986040116591e-05,-7.843111543403679525e-05,-7.574156820958806977e-05,-7.292216815758150502e-05,-7.000475216521729292e-05,-6.701842634663283092e-05,-6.398963478041722226e-05,-6.094224233186995728e-05,-5.789762889099362792e-05,-5.487479458146287206e-05,-5.189047308780870058e-05,-4.895925118446153954e-05,-4.609369343821377905e-05,-4.330447056094560736e-05,-4.060048849655707926e-05,-3.798901896671460398e-05,-3.547582994313587843e-05,-3.306531200407236790e-05,-3.076060444424865109e-05,-2.856371651849851594e-05,-2.647564462803685603e-05,-2.449648343311537472e-05,-2.262553515945704691e-05,-2.086140854779746251e-05,-1.920211465657479247e-05,-1.764515689774995099e-05,-1.618761115735398561e-05,-1.482620403578898657e-05,-1.355738249226086202e-05,-1.237737656396053882e-05,-1.128225771046458283e-05,-1.026799070025442279e-05,-9.330479915394056619e-06,-8.465609835822148063e-06,-7.669279536080596753e-06,-6.937436546397099282e-06,-6.266100945338189300e-06,-5.651389287745076020e-06,-5.089530502862604842e-06,-4.576884417106700609e-06,-4.109953245156509823e-06,-3.685385601113389838e-06,-3.299991541299602624e-06,-2.950737169721319724e-06,-2.634756271024331063e-06
nan,nan,nan,nan,nan,nan,nan,nan,nan,nan,nan,nan,nan,nan,nan,nan,nan,nan,nan,nan,nan,nan,nan,nan,nan,nan,nan,nan,nan,nan,nan,nan,nan,nan,-1.225374328648957381e-05,-2.448291408182954974e-05,-3.541438777020258191e-05,-4.510711784642664141e-05,-5.362191460900353024e-05,-6.102098698118038666e-05,-6.736749799328316040e-05,-7.272513834545417128e-05,-7.715771954998508616e-05,-8.072879070197079413e-05,-8.350127985342599500e-05,-8.553716231671050561e-05,-8.689715672352198259e-05,-8.764045073094069735e-05,-8.782445554008699374e-05,-8.750459143636693017e-05,-8.673410189594198789e-05,-8.556389790598453043e-05,-8.404243072290846367e-05,-8.221559268324893962e-05,-8.012664382320838091e-05,-7.781616463625963727e-05,-7.532203283635571312e-05,-7.267942050912240949e-05,-6.992081368300806499e-05,-6.707604924740485290e-05,-6.417236865460691764e-05,-6.123448676297469826e-05,-5.828467361639837180e-05,-5.534284665368756069e-05,-5.242667293114037201e-05,-4.955167868300355512e-05,-4.673136443137403849e-05,-4.397732468152633692e-05,-4.129937078743035341e-05,-3.870565426116413576e-05,-3.620279121488175595e-05,-3.379598650144194762e-05,-3.148915380186121017e-05,-2.928503526339704214e-05,-2.718531639919375569e-05,-2.519073700420734524e-05,-2.330119622459309888e-05,-2.151585576310398161e-05,-1.983323326547056998e-05,-1.825129261301851048e-05,-1.676752869450689256e-05,-1.537904280474687162e-05,-1.408261615754552280e-05,-1.287477527623141581e-05,-1.175185082718022798e-05,-1.071003227585506476e-05,-9.745416439894099951e-06,-8.854050765164560375e-06,-8.031971105873583229e-06,-7.275233873988677798e-06,-6.579947526025606779e-06,-5.942294918382726160e-06,-5.358555463546451177e-06,-4.825119769321686814e-06,-4.338506701735516513e-06,-3.895373865981488804e-06,-3.492521115200065434e-06,-3.126904301669779351e-06,-2.795630005504449908e-06,-2.495966093588741305e-06
nan,nan,nan,nan,nan,nan,nan,nan,nan,nan,nan,nan,nan,nan,nan,nan,nan,nan,nan,nan,nan,nan,nan,nan,nan,nan,nan,nan,nan,nan,nan,nan,nan,-4.075317528018470214e-06,-1.668236734999905310e-05,-2.800696377246222332e-05,-3.810424820649723198e-05,-4.703140768187192157e-05,-5.484723466833261606e-05,-6.161169844824953027e-05,-6.738553023079258764e-05,-7.222982604993432221e-05,-7.620566874844229019e-05,-7.937377274427363989e-05,-8.179415239643849625e-05,-8.352581606345773268e-05,-8.462648653716755502e-05,-8.515234954646512392e-05,-8.515782947374139972e-05,-8.469539427958203430e-05,-8.381538727740888231e-05,-8.256588723773496141e-05,-8.099259510668620600e-05,-7.913874693398845607e-05,-7.704505086362023274e-05,-7.474964846035298579e-05,-7.228809834279812112e-05,-6.969337871447046722e-05,-6.699591066419680703e-05,-6.422359747832934239e-05,-6.140187941642161890e-05,-5.855380240722765108e-05,-5.570009859271581791e-05,-5.285927636946943401e-05,-5.004771953864819089e-05,-4.727979305910383307e-05,-4.456795373726712902e-05,-4.192286495226362424e-05,-3.935351410394150702e-05,-3.686733023820707160e-05,-3.447030250489445906e-05,-3.216709810846827476e-05,-2.996117627409158933e-05,-2.785490158333782748e-05,-2.584965270254282761e-05,-2.394592720804003094e-05,-2.214344079003694544e-05,-2.044122454920243670e-05,-1.883771299276413614e-05,-1.733082899802981439e-05,-1.591806349799396113e-05,-1.459654631542063350e-05,-1.336311511662774480e-05,-1.221437669910763901e-05,-1.114676207865593599e-05,-1.015657759434577083e-05,-9.240050253670985318e-06,-8.393368095874824907e-06,-7.612715373056288458e-06,-6.894302443448702014e-06,-6.234394983971465568e-06,-5.629334676972085972e-06,-5.075559671114504540e-06,-4.569618014010382680e-06,-4.108183322720912459e-06,-3.688064301154452530e-06,-3.306207766835579586e-06,-2.959711179759402108e-06,-2.645817484663259451e-06,-2.361924657906977650e-06
nan,nan,nan,nan,nan,nan,nan,nan,nan,nan,nan,nan,nan,nan,nan,nan,nan,nan,nan,nan,nan,nan,nan,nan,nan,nan,nan,nan,nan,nan,nan,nan,nan,-9.206044263346493841e-06,-2.086846577764844948e-05,-3.131887808041280426e-05,-4.061085108355431186e-05,-4.879973935380608867e-05,-5.594227000186855397e-05,-6.209614238522990495e-05,-6.731964157038596648e-05,-7.167126924251147684e-05,-7.520939318113300110e-05,-7.799191866750119400e-05,-8.007598249412009974e-05,-8.151767145231143439e-05,-8.237176584797663065e-05,-8.269150955672272885e-05,-8.252840574292358679e-05,-8.193204003929079927e-05,-8.094992892364425048e-05,-7.962739461679611028e-05,-7.800746484639550717e-05,-7.613079705637527874e-05,-7.403562501014458307e-05,-7.175772801023680891e-05,-6.933042080521618173e-05,-6.678456097569336386e-05,-6.414857552126710066e-05,-6.144850219126173194e-05,-5.870804502739052891e-05,-5.594864267078507921e-05,-5.318954748861985096e-05,-5.044791331860874360e-05,-4.773889147019407409e-05,-4.507573263935310662e-05,-4.246989318690890468e-05,-3.993114493918965244e-05,-3.746768729664595927e-05,-3.508625927659647203e-05,-3.279225211416435064e-05,-3.058982117169614038e-05,-2.848199393791250492e-05,-2.647077723672940623e-05,-2.455725996278038982e-05,-2.274171200090697472e-05,-2.102367774735021747e-05,-1.940206769389086916e-05,-1.787524121098858207e-05,-1.644108636682640082e-05,-1.509709470767535145e-05,-1.384042768830496758e-05,-1.266798123726423797e-05,-1.157644309512560564e-05,-1.056234429687658363e-05,-9.622106864972302423e-06,-8.752086073742324651e-06,-7.948608017421064501e-06,-7.208002298781878255e-06,-6.526629758834932301e-06,-5.900909515677467551e-06,-5.327338052625326498e-06,-4.802508060662313046e-06,-4.323120717727100529e-06,-3.886000034290429446e-06,-3.488101454191870843e-06,-3.126514420868053607e-06,-2.798473752010310981e-06,-2.501354587422749913e-06,-2.232680984412738272e-06
nan,nan,nan,nan,nan,nan,nan,nan,nan,nan,nan,nan,nan,nan,nan,nan,nan,nan,nan,nan,nan,nan,nan,nan,nan,nan,nan,nan,nan,nan,nan,nan,-2.111028718742892767e-06,-1.405481392297328828e-05,-2.480551224927629854e-05,-3.441310833720884373e-05,-4.292952324633957572e-05,-5.040822096807692781e-05,-5.690382323238446331e-05,-6.247173631489941138e-05,-6.716779156198940588e-05,-7.104790298972148838e-05,-7.416774290497622107e-05,-7.658243860482908468e-05,-7.834629068939357496e-05,-7.951251466189726742e-05,-8.013300624429586544e-05,-8.025813174930259211e-05,-7.993654261980442379e-05,-7.921501574719778233e-05,-7.813831739843861662e-05,-7.674909193165446145e-05,-7.508777370508470863e-05,-7.319252174714205880e-05,-7.109917522844897038e-05,-6.884122991338153283e-05,-6.644983375921046276e-05,-6.395379864639999220e-05,-6.137962982294426905e-05,-5.875156889136958670e-05,-5.609164982442001781e-05,-5.341976665352767418e-05,-5.075375100773720665e-05,-4.810945744350224968e-05,-4.550085623137794882e-05,-4.294013141138767727e-05,-4.043778267748463742e-05,-3.800273030814144159e-05,-3.564242202164212174e-05,-3.336293954528489882e-05,-3.116910549343349346e-05,-2.906458939051229505e-05,-2.705200986376794911e-05,-2.513303590584730387e-05,-2.330848380085943881e-05,-2.157841032745757125e-05,-1.994220078433620234e-05,-1.839865506151392883e-05,-1.694606539138318561e-05,-1.558229121065203915e-05,-1.430482921883170221e-05,-1.311087556847744665e-05,-1.199738621427920649e-05,-1.096113045722571630e-05,-9.998738965599772465e-06,-9.106748196430989326e-06,-8.281639707466731013e-06,-7.519875048277178725e-06,-6.817926063770504127e-06,-6.172300553775082543e-06,-5.579567238755212742e-06,-5.036373320166732042e-06,-4.539461781451000649e-06,-4.085682567870082920e-06,-3.672005674364545822e-06,-3.295528876955782841e-06,-2.953479860795993252e-06,-2.643226507449923646e-06,-2.362271941873354486e-06,-2.108262235346260413e-06
nan,nan,nan,nan,nan,nan,nan,nan,nan,nan,nan,nan,nan,nan,nan,nan,nan,nan,nan,nan,nan,nan,nan,nan,nan,nan,nan,nan,nan,nan,nan,nan,-7.618560185352315822e-06,-1.861570703578439541e-05,-2.848850369761325718e-05,-3.728546542942323921e-05,-4.505679565852207684e-05,-5.185401780627990354e-05,-5.772961585963224865e-05,-6.273668705768260117e-05,-6.692860819876730275e-05,-7.035871861354093973e-05,-7.308002059508860750e-05,-7.514490005322290811e-05,-7.660486780405158724e-05,-7.751032298123510834e-05,-7.791033888586650330e-05,-7.785247245833907940e-05,-7.738259647403818316e-05,-7.654475590285831005e-05,-7.538104635360867061e-05,-7.393151565032950428e-05,-7.223408700490107281e-05,-7.032450334538919935e-05,-6.823629093144767670e-05,-6.600074239416042049e-05,-6.364691746277950201e-05,-6.120165854518535577e-05,-5.868962261602254075e-05,-5.613332551265467205e-05,-5.355319814400609274e-05,-5.096765334414380256e-05,-4.839316166560053917e-05,-4.584433418832649046e-05,-4.333401203690998412e-05,-4.087336056531139965e-05,-3.847196687441191908e-05,-3.613793993531235925e-05,-3.387801228501218995e-05,-3.169764123817362170e-05,-2.960111018262004008e-05,-2.759162887630077331e-05,-2.567142999949987274e-05,-2.384186465618770765e-05,-2.210349367805817543e-05,-2.045617530407360727e-05,-1.889914790055027298e-05,-1.743111072153059340e-05,-1.605029681129494689e-05,-1.475454309848584899e-05,-1.354135591763879046e-05,-1.240796912460225552e-05,-1.135140040265319607e-05,-1.036850116892715202e-05,-9.456001278358670543e-06,-8.610550314398895933e-06,-7.828754077351204080e-06,-7.107206917319654888e-06,-6.442519760276288850e-06,-5.831343791433678015e-06,-5.270393448008631610e-06,-4.756462523109798138e-06,-4.286440002027738848e-06,-3.857320196848958567e-06,-3.466214643259719593e-06,-3.110359009551690100e-06,-2.787114809545981981e-06,-2.493978667829805122e-06,-2.228577460763696882e-06,-1.988675184338292986e-06
nan,nan,nan,nan,nan,nan,nan,nan,nan,nan,nan,nan,nan,nan,nan,nan,nan,nan,nan,nan,nan,nan,nan,nan,nan,nan,nan,nan,nan,nan,nan,-1.608561506367276936e-06,-1.279771968888420472e-05,-2.288445316206013611e-05,-3.191391846123831555e-05,-3.993308218095988473e-05,-4.699037014545130627e-05,-5.313532348760544846e-05,-5.841826383483635196e-05,-6.288997065655383203e-05,-6.660137208214094459e-05,-6.960325194565917747e-05,-7.194597370388216141e-05,-7.367922372586386821e-05,-7.485177425192661546e-05,-7.551126733544587016e-05,-7.570401998318956080e-05,-7.547485153242892270e-05,-7.486693236184868098e-05,-7.392165521774605259e-05,-7.267852716607260612e-05,-7.117508309527621996e-05,-6.944681929360661636e-05,-6.752714665525213003e-05,-6.544736173484617730e-05,-6.323663575228718862e-05,-6.092201990176695164e-05,-5.852846430683765326e-05,-5.607885195601395657e-05,-5.359404397673841786e-05,-5.109293577275759958e-05,-4.859252284063150546e-05,-4.610797467260463342e-05,-4.365271495063943014e-05,-4.123850775015032243e-05,-3.887554785288069260e-05,-3.657255393355108214e-05,-3.433686394675832248e-05,-3.217453176397574229e-05,-3.009042315053000487e-05,-2.808831162455914412e-05,-2.617097319319967391e-05,-2.434027743465545676e-05,-2.259727742693232207e-05,-2.094229562054779315e-05,-1.937500619012137961e-05,-1.789451264179211636e-05,-1.649942346615723997e-05,-1.518792037766093770e-05,-1.395782383129780594e-05,-1.280665419288821102e-05,-1.173168594612332069e-05,-1.073000012911082718e-05,-9.798530759789813921e-06,-8.934106367518657388e-06,-8.133488293868011330e-06,-7.393404486066584185e-06,-6.710579390442058612e-06,-6.081759808557530477e-06,-5.503736698286339760e-06,-4.973366293035785571e-06,-4.487584820590044443e-06,-4.043422950902172820e-06,-3.638014939773725448e-06,-3.268609400482245223e-06,-2.932575437125492415e-06,-2.627403965969818332e-06,-2.350716022328938566e-06,-2.100257991738980137e-06,-1.873907698364341630e-06
nan,nan,nan,nan,nan,nan,nan,nan,nan,nan,nan,nan,nan,nan,nan,nan,nan,nan,nan,nan,nan,nan,nan,nan,nan,nan,nan,nan,nan,nan,nan,-7.396216932429154774e-06,-1.764515065578018711e-05,-2.685837695895627717e-05,-3.507966691255550877e-05,-4.235436873002597894e-05,-4.872907962485507687e-05,-5.425132508540243760e-05,-5.896924753150624876e-05,-6.293130711515811787e-05,-6.618599579294613872e-05,-6.878156715759672956e-05,-7.076578254329061535e-05,-7.218567565337480232e-05,-7.308733590575062957e-05,-7.351571165010175278e-05,-7.351443338140400702e-05,-7.312565785470377850e-05,-7.238993219754140927e-05,-7.134607915550058568e-05,-7.003110156918327452e-05,-6.848010689578156861e-05,-6.672625035779906498e-05,-6.480069627126402272e-05,-6.273259585893006308e-05,-6.054908161936760862e-05,-5.827527669434607184e-05,-5.593431674327337079e-05,-5.354738554866737436e-05,-5.113376095476718859e-05,-4.871087068502627418e-05,-4.629435693423115527e-05,-4.389814824962572938e-05,-4.153453702832626718e-05,-3.921426237463614465e-05,-3.694659654976780372e-05,-3.473943387248657031e-05,-3.259938144829644248e-05,-3.053185085548944103e-05,-2.854114901600869324e-05,-2.663056876895829986e-05,-2.480247821546228303e-05,-2.305840650486628605e-05,-2.139912838231056681e-05,-1.982474482329670608e-05,-1.833476025483003492e-05,-1.692815524458155825e-05,-1.560345725061832253e-05,-1.435880438417088157e-05,-1.319200653967212930e-05,-1.210060239953003483e-05,-1.108190989963593387e-05,-1.013307496927062508e-05,-9.251114631962020698e-06,-8.432955509183816159e-06,-7.675469271425097516e-06,-6.975503864917969416e-06,-6.329911083620022848e-06,-5.735570362344055085e-06,-5.189408789047890647e-06,-4.688420448801854256e-06,-4.229679828793182422e-06,-3.810354952989493765e-06,-3.427715588964229724e-06,-3.079142959210261069e-06,-2.762135145057474680e-06,-2.474308040312386296e-06,-2.213402761687437558e-06,-1.977280967373553172e-06,-1.763930219776212304e-06
nan,nan,nan,nan,nan,nan,nan,nan,nan,nan,nan,nan,nan,nan,nan,nan,nan,nan,nan,nan,nan,nan,nan,nan,nan,nan,nan,nan,nan,nan,-2.452039410250388878e-06,-1.281130803207757040e-05,-2.215919671590796299e-05,-3.053633693733367235e-05,-3.798503529027856247e-05,-4.454896159255759532e-05,-5.027284247622095653e-05,-5.520216280640250558e-05,-5.938287667605393052e-05,-6.286113046742612188e-05,-6.568299894165591495e-05,-6.789423659462775725e-05,-6.954004467395282537e-05,-7.066485587476494001e-05,-7.131213681725755344e-05,-7.152420931420847775e-05,-7.134209047110922394e-05,-7.080535240209526800e-05,-6.995200066136013741e-05,-6.881837239149306664e-05,-6.743905237305816344e-05,-6.584680768657629119e-05,-6.407253962790104493e-05,-6.214525243012699468e-05,-6.009203718120508197e-05,-5.793807098122332003e-05,-5.570662986731718971e-05,-5.341911317404885221e-05,-5.109508045112034569e-05,-4.875229777183810818e-05,-4.640679299928181613e-05,-4.407291898214032533e-05,-4.176342329671954817e-05,-3.948952297860097791e-05,-3.726098401171561500e-05,-3.508620393342227578e-05,-3.297229650268450134e-05,-3.092517785766759876e-05,-2.894965336490743467e-05,-2.704950351822103262e-05,-2.522756938234145400e-05,-2.348583671944221260e-05,-2.182551665690993779e-05,-2.024712504733533483e-05,-1.875055805986739572e-05,-1.733516446959082520e-05,-1.599981362376081312e-05,-1.474296149256119299e-05,-1.356271014210771582e-05,-1.245686466823018148e-05,-1.142298622086686721e-05,-1.045843889460525031e-05,-9.560434943784090138e-06,-8.726074714401512832e-06,-7.952382263590930008e-06,-7.236338100043299690e-06,-6.574907971134627148e-06,-5.965068230454878738e-06,-5.403827673855541127e-06,-4.888245855692698521e-06,-4.415450754366809515e-06,-3.982650934168124285e-06,-3.587147441078951483e-06,-3.226341126375076597e-06,-2.897741361265896156e-06,-2.598970756937672488e-06,-2.327765774498357461e-06,-2.081983298968464343e-06,-1.859596043437162275e-06,-1.658697237990257675e-06
nan,nan,nan,nan,nan,nan,nan,nan,nan,nan,nan,nan,nan,nan,nan,nan,nan,nan,nan,nan,nan,nan,nan,nan,nan,nan,nan,nan,nan,nan,-8.419945452972844207e-06,-1.785336266176597444e-05,-2.633982864977610225e-05,-3.391865774494364405e-05,-4.063062352701015057e-05,-4.651766715539451633e-05,-5.162261174285734031e-05,-5.598888487606718157e-05,-5.966025083060012715e-05,-6.268055472005372149e-05,-6.509347938861649900e-05,-6.694231705508694790e-05,-6.826975599500252710e-05,-6.911768406557756202e-05,-6.952700909387134036e-05,-6.953749700325465434e-05,-6.918762764805126253e-05,-6.851446902869826017e-05,-6.755356899415009063e-05,-6.633886531034078335e-05,-6.490261236331108319e-05,-6.327532511542074349e-05,-6.148573901355927618e-05,-5.956078540587388830e-05,-5.752558093757987711e-05,-5.540343094665510195e-05,-5.321584547001207322e-05,-5.098256567939914998e-05,-4.872160177469370498e-05,-4.644927938678460375e-05,-4.418029407853756377e-05,-4.192777298828794137e-05,-3.970334232951987024e-05,-3.751719930027298106e-05,-3.537818819320238093e-05,-3.329387918415032180e-05,-3.127064882973604968e-05,-2.931376174653648988e-05,-2.742745274331339348e-05,-2.561500788707860200e-05,-2.387884497630957494e-05,-2.222059262504055694e-05,-2.064116599213209238e-05,-1.914084114869292076e-05,-1.771932582219065333e-05,-1.637582695321162168e-05,-1.510911413430267338e-05,-1.391758116531209493e-05,-1.279930142315402551e-05,-1.175208078873387938e-05,-1.077350687482594565e-05,-9.860992507331766858e-06,-9.011817585746136500e-06,-8.223166000326818990e-06,-7.492158509701616210e-06,-6.815882908119180584e-06,-6.191420498598833820e-06,-5.615869371557731228e-06,-5.086364388328755624e-06,-4.600093892975229355e-06,-4.154315794478740152e-06,-3.746368555294118428e-06,-3.373681921213425567e-06,-3.033783414700041227e-06,-2.724306115086593617e-06,-2.442992739448568502e-06,-2.187695932857280665e-06,-1.956384063944837215e-06,-1.747136713657351196e-06,-1.558148740256045932e-06
nan,nan,nan,nan,nan,nan,nan,nan,nan,nan,nan,nan,nan,nan,nan,nan,nan,nan,nan,nan,nan,nan,nan,nan,nan,nan,nan,nan,nan,-4.504227846473238587e-06,-1.397430207591681680e-05,-2.252362053719504127e-05,-3.018856516846517860e-05,-3.700705675710808042e-05,-4.301827781838297077e-05,-4.826240030775128193e-05,-5.278031983482897664e-05,-5.661339825619804769e-05,-5.980321601101113089e-05,-6.239133620732819209e-05,-6.441908113027350054e-05,-6.592732296802899660e-05,-6.695628894530909975e-05,-6.754538247316494684e-05,-6.773302026246019064e-05,-6.755648615505954312e-05,-6.705180157852006406e-05,-6.625361319619124266e-05,-6.519509686998772749e-05,-6.390787870287200365e-05,-6.242197151219906173e-05,-6.076572726836248117e-05,-5.896580425498145541e-05,-5.704714851288401558e-05,-5.503298811753206944e-05,-5.294484029103267827e-05,-5.080253003902167178e-05,-4.862421827563926313e-05,-4.642644037747278174e-05,-4.422415242535623382e-05,-4.203078474422846397e-05,-3.985830185430055798e-05,-3.771726763945936010e-05,-3.561691439053894608e-05,-3.356521553649530307e-05,-3.156896065398092423e-05,-2.963383186422380167e-05,-2.776448113358549792e-05,-2.596460781416269994e-05,-2.423703502050888445e-05,-2.258378529517745785e-05,-2.100615482856280403e-05,-1.950478443142748648e-05,-1.807972910553750159e-05,-1.673052413686333711e-05,-1.545624811866260485e-05,-1.425558205799945310e-05,-1.312686663789574035e-05,-1.206815366940706402e-05,-1.107725519947243731e-05,-1.015178912428607932e-05,-9.289219425504813412e-06,-8.486894844051948893e-06,-7.742082934860860854e-06,-7.052000343180649751e-06,-6.413840534096984614e-06,-5.824798075427103252e-06,-5.282089941171636447e-06,-4.782973745342607608e-06,-4.324762939534065287e-06,-3.904841404812496160e-06,-3.520673335779521418e-06,-3.169812875857643656e-06,-2.849909832436437650e-06,-2.558716583284326379e-06,-2.294091561959827211e-06,-2.053999252219366693e-06,-1.836515261085051741e-06,-1.639821891914069523e-06,-1.462211633325642144e-06
nan,nan,nan,nan,nan,nan,nan,nan,nan,nan,nan,nan,nan,nan,nan,nan,nan,nan,nan,nan,nan,nan,nan,nan,nan,nan,nan,nan,-1.093341463412718850e-06,-1.055173880224911584e-05,-1.911776650664876159e-05,-2.682494260477679738e-05,-3.370838832202751126e-05,-3.980456573461501159e-05,-4.515101865428747398e-05,-4.978611888994462247e-05,-5.374881936850808194e-05,-5.707841578632881312e-05,-5.981431798703370448e-05,-6.199583286059666995e-05,-6.366195930963507838e-05,-6.485119688434546259e-05,-6.560136818936003369e-05,-6.594945649187114716e-05,-6.593145841425073514e-05,-6.558225235572438068e-05,-6.493548249300518571e-05,-6.402345884123089993e-05,-6.287707250624918840e-05,-6.152572679378539731e-05,-5.999728260742116337e-05,-5.831801859409039196e-05,-5.651260484998142414e-05,-5.460408975696312735e-05,-5.261389857593408502e-05,-5.056184378179207620e-05,-4.846614590707867560e-05,-4.634346299425369444e-05,-4.420892951762961544e-05,-4.207620222890607416e-05,-3.995751255822758155e-05,-3.786372474922761850e-05,-3.580439862145360622e-05,-3.378785571610174430e-05,-3.182124865910710473e-05,-2.991063243828669747e-05,-2.806103677698737098e-05,-2.627653916197978924e-05,-2.456033792261770243e-05,-2.291482406555782786e-05,-2.134165229808097520e-05,-1.984181056354093791e-05,-1.841568644011105414e-05,-1.706313211055319548e-05,-1.578352600056873184e-05,-1.457583146630434472e-05,-1.343865176252908802e-05,-1.237028321189401547e-05,-1.136876292329948011e-05,-1.043191426626393874e-05,-9.557389049412301491e-06,-8.742704673884292728e-06,-7.985279785775426748e-06,-7.282465618409396171e-06,-6.631573805690729867e-06,-6.029901806908670320e-06,-5.474755120834751303e-06,-4.963466725562362425e-06,-4.493413663465710731e-06,-4.062030812990919908e-06,-3.666824081043727006e-06,-3.305379250052594447e-06,-2.975370588278803392e-06,-2.674565837792926428e-06,-2.400832306034303179e-06,-2.152139798337295992e-06,-1.926560340050689870e-06,-1.722272580884106380e-06,-1.537557452603023647e-06,-1.370801127670464725e-06
nan,nan,nan,nan,nan,nan,nan,nan,nan,nan,nan,nan,nan,nan,nan,nan,nan,nan,nan,nan,nan,nan,nan,nan,nan,nan,nan,nan,-7.611582891785869526e-06,-1.614876572773606925e-05,-2.385468222694426150e-05,-3.076171543841558153e-05,-3.690365438749775067e-05,-4.231544836361959187e-05,-4.703296508782658919e-05,-5.109275469377535329e-05,-5.453182083444677622e-05,-5.738740039703616250e-05,-5.969675286873522846e-05,-6.149696095274978242e-05,-6.282474286800293173e-05,-6.371627775586537039e-05,-6.420704422094162308e-05,-6.433167327128674895e-05,-6.412381548565378598e-05,-6.361602295376828954e-05,-6.283964579138797530e-05,-6.182474363025002506e-05,-6.060001123071223812e-05,-5.919271879081157840e-05,-5.762866546264216918e-05,-5.593214646676476824e-05,-5.412593267342412958e-05,-5.223126223045319438e-05,-5.026784293867277262e-05,-4.825386534596874368e-05,-4.620602540095970111e-05,-4.413955489592984947e-05,-4.206826048669808652e-05,-4.000456892721638500e-05,-3.795957817242154027e-05,-3.594311358950270376e-05,-3.396378825375441035e-05,-3.202906617762662578e-05,-3.014532832689647307e-05,-2.831794022062725263e-05,-2.655132036623126179e-05,-2.484900912633935854e-05,-2.321373747104463637e-05,-2.164749442124390042e-05,-2.015159359731187231e-05,-1.872673825109790149e-05,-1.737308327444665894e-05,-1.609029576355619731e-05,-1.487761239766072937e-05,-1.373389398762630656e-05,-1.265767649808958987e-05,-1.164722032163886144e-05,-1.070055444532930472e-05,-9.815518474461290939e-06,-8.989801552924791005e-06,-8.220976593602279226e-06,-7.506533071635180948e-06,-6.843905801407227182e-06,-6.230500422682397636e-06,-5.663716650921472452e-06,-5.140968541445148542e-06,-4.659702174759365977e-06,-4.217410691171646550e-06,-3.811646723292628111e-06,-3.440034277245281925e-06,-3.100276608704995312e-06,-2.790163875907607151e-06,-2.507577450248657188e-06,-2.250495250075284516e-06,-2.016994161657207587e-06,-1.805249512164149187e-06,-1.613538856859663281e-06,-1.440237722213600990e-06,-1.283822077960392036e-06
nan,nan,nan,nan,nan,nan,nan,nan,nan,nan,nan,nan,nan,nan,nan,nan,nan,nan,nan,nan,nan,nan,nan,nan,nan,nan,nan,-5.175850467066871413e-06,-1.363946372574550932e-05,-2.130126695092979087e-05,-2.819097246685610194e-05,-3.433975145157140295e-05,-3.978000099124928029e-05,-4.454511439451374000e-05,-4.866925591930131240e-05,-5.218714165091601335e-05,-5.513382768821305441e-05,-5.754450694782704985e-05,-5.945431549007145589e-05,-6.089814978722920885e-05,-6.191049526701322757e-05,-6.252526739213787950e-05,-6.277566523632270080e-05,-6.269403867283097605e-05,-6.231176895550316088e-05,-6.165916315000880270e-05,-6.076536217618241464e-05,-5.965826278907623614e-05,-5.836445266599571657e-05,-5.690915909055275015e-05,-5.531620982176048125e-05,-5.360800647812493383e-05,-5.180550936054753803e-05,-4.992823330535500249e-05,-4.799425334031486023e-05,-4.602022010396826458e-05,-4.402138394015552437e-05,-4.201162602033718706e-05,-4.000349721406668880e-05,-3.800826251851002876e-05,-3.603595072189253183e-05,-3.409540859931455085e-05,-3.219435869530148551e-05,-3.033945962895672317e-05,-2.853636879436868311e-05,-2.678980634688585212e-05,-2.510361979093285738e-05,-2.348084880266759276e-05,-2.192378979364399468e-05,-2.043405911612118254e-05,-1.901265530622108784e-05,-1.766001979392091076e-05,-1.637609470491162774e-05,-1.516037921396427377e-05,-1.401198285768051540e-05,-1.292967613885753669e-05,-1.191193779267239690e-05,-1.095700036060152628e-05,-1.006289098430963474e-05,-9.227470158550151835e-06,-8.448467566775801671e-06,-7.723513545434625464e-06,-7.050169176748761728e-06,-6.425952644444551400e-06,-5.848362525452815443e-06,-5.314898992868905326e-06,-4.823082246157156595e-06,-4.370468548326470810e-06,-3.954663806193402833e-06,-3.573334747882837980e-06,-3.224219578529717524e-06,-2.905134949569907458e-06,-2.613982720041696764e-06,-2.348753638229598471e-06,-2.107531972815538654e-06,-1.888497462275362902e-06,-1.689924561341776268e-06,-1.510185660367533133e-06,-1.347746915029634150e-06,-1.201170273406825358e-06
nan,nan,nan,nan,nan,nan,nan,nan,nan,nan,nan,nan,nan,nan,nan,nan,nan,nan,nan,nan,nan,nan,nan,nan,nan,nan,-3.262607789026800219e-06,-1.160898006142377538e-05,-1.918468170791702934e-05,-2.601682679999759644e-05,-3.213402989243118271e-05,-3.756618575154667091e-05,-4.234425125864214716e-05,-4.650003113653546690e-05,-5.006596851419916082e-05,-5.307494188935709095e-05,-5.556006950465970792e-05,-5.755452229023410411e-05,-5.909134615048825125e-05,-6.020329485317301826e-05,-6.092267376402053845e-05,-6.128119554030078719e-05,-6.130984768587652203e-05,-6.103877294845276840e-05,-6.049716229881874644e-05,-5.971316087118547515e-05,-5.871378659136292517e-05,-5.752486175615082034e-05,-5.617095675309314554e-05,-5.467534633748432715e-05,-5.305997712987678216e-05,-5.134544661002766412e-05,-4.955099258520007945e-05,-4.769449273703180766e-05,-4.579247308950566513e-05,-4.386012534990938383e-05,-4.191133210275051809e-05,-3.995869832558430167e-05,-3.801358988542283312e-05,-3.608617698941035744e-05,-3.418548228565030522e-05,-3.231943296758123480e-05,-3.049491601000738474e-05,-2.871783555467663252e-05,-2.699317233562270165e-05,-2.532504412303016608e-05,-2.371676656132641666e-05,-2.217091406908166572e-05,-2.068938035568971824e-05,-1.927343754415735566e-05,-1.792379427887139109e-05,-1.664065229498965607e-05,-1.542376019665029987e-05,-1.427246579219031532e-05,-1.318576553272168979e-05,-1.216235136444199363e-05,-1.120065442622723674e-05,-1.029888711464267040e-05,-9.455080681337270753e-06,-8.667120891173242026e-06,-7.932780942780475847e-06,-7.249750320357377408e-06,-6.615662340799270672e-06,-6.028118228732255311e-06,-5.484708343280473428e-06,-4.983031457422844410e-06,-4.520711467070972852e-06,-4.095411883491112043e-06,-3.704848052453274342e-06,-3.346797158621112259e-06,-3.019107738607365333e-06,-2.719705805923447358e-06,-2.446600783964666751e-06,-2.197888605623141617e-06,-1.971755694877094060e-06,-1.766480483158222768e-06,-1.580432451312399537e-06,-1.412074828181600643e-06,-1.259960508363787208e-06,-1.122733673811987732e-06
nan,nan,nan,nan,nan,nan,nan,nan,nan,nan,nan,nan,nan,nan,nan,nan,nan,nan,nan,nan,nan,nan,nan,nan,nan,-1.885934253614506809e-06,-1.007265722309773625e-05,-1.752134818176621884e-05,-2.425659927545624413e-05,-3.030453485989387604e-05,-3.569260329579690812e-05,-4.044937040628515765e-05,-4.460431572134884010e-05,-4.818763299761733986e-05,-5.123003590324756766e-05,-5.376257026438349646e-05,-5.581643376070832309e-05,-5.742280408032704084e-05,-5.861267619867805226e-05,-5.941670989175941865e-05,-5.986508764805485358e-05,-5.998738395883263739e-05,-5.981244584003644822e-05,-5.936828544408679519e-05,-5.868198446819206207e-05,-5.777961066866848182e-05,-5.668614618017362344e-05,-5.542542784662554488e-05,-5.402009877698386723e-05,-5.249157147660995365e-05,-5.086000129073062215e-05,-4.914427038818271209e-05,-4.736198131642854389e-05,-4.552945974620326963e-05,-4.366176531561811021e-05,-4.177271051932293514e-05,-3.987488668793952778e-05,-3.797969563672508623e-05,-3.609738758567556673e-05,-3.423710347766400965e-05,-3.240692141106208790e-05,-3.061390659197362537e-05,-2.886416400360287030e-05,-2.716289288763921398e-05,-2.551444294427918625e-05,-2.392237131220940939e-05,-2.238949976014378943e-05,-2.091797178952016159e-05,-1.950930924851327085e-05,-1.816446752943077952e-05,-1.688388971166762532e-05,-1.566755917131860038e-05,-1.451504951766891536e-05,-1.342557310102672430e-05,-1.239802676640786545e-05,-1.143103514299054247e-05,-1.052299095729715525e-05,-9.672093776761626172e-06,-8.876384583247686754e-06,-8.133778508523930873e-06,-7.442095005349354353e-06,-6.799084236753899808e-06,-6.202452228197661324e-06,-5.649882798694901982e-06,-5.139056848607157256e-06,-4.667669835530745932e-06,-4.233446871713405319e-06,-3.834155771947742023e-06,-3.467618001913277726e-06,-3.131717588775563563e-06,-2.824409571516967610e-06,-2.543725341945974245e-06,-2.287777810445106614e-06,-2.054763968872072887e-06,-1.842968273545099980e-06,-1.650763765618889803e-06,-1.476610929856055245e-06,-1.319059917191232058e-06,-1.176746552215932824e-06,-1.048393586709630033e-06
nan,nan,nan,nan,nan,nan,nan,nan,nan,nan,nan,nan,nan,nan,nan,nan,nan,nan,nan,nan,nan,nan,nan,nan,-1.055899275708745014e-06,-9.042026272775708967e-06,-1.632407836794602494e-05,-2.292420549695696794e-05,-2.886611249571515730e-05,-3.417486263782182636e-05,-3.887668213800871532e-05,-4.299876693389694107e-05,-4.656909275167176137e-05,-4.961622979751415473e-05,-5.216916285125106756e-05,-5.425711800971862078e-05,-5.590939685170424531e-05,-5.715521890584114421e-05,-5.802357298476665867e-05,-5.854307836219756824e-05,-5.874185588821583589e-05,-5.864740990183190121e-05,-5.828652075247131364e-05,-5.768514867852764049e-05,-5.686834872282540157e-05,-5.586019693327558543e-05,-5.468372752558360507e-05,-5.336088116528921719e-05,-5.191246360820173518e-05,-5.035811499119659945e-05,-4.871628858116659841e-05,-4.700423916832811291e-05,-4.523802018683677000e-05,-4.343248919626974933e-05,-4.160132069869494609e-05,-3.975702623257171687e-05,-3.791098085112283773e-05,-3.607345466801360480e-05,-3.425365002092959824e-05,-3.245974252311614223e-05,-3.069892573936075514e-05,-2.897745894016409452e-05,-2.730071719685299214e-05,-2.567324298467113741e-05,-2.409879921571868268e-05,-2.258042284027844736e-05,-2.112047850005305814e-05,-1.972071196275334084e-05,-1.838230297992249349e-05,-1.710591671713481584e-05,-1.589175410263634090e-05,-1.473960065691213350e-05,-1.364887276780095085e-05,-1.261866255914656827e-05,-1.164778014593921721e-05,-1.073479354669757165e-05,-9.878065792817819547e-06,-9.075790533893523049e-06,-8.326023756084269381e-06,-7.626713762721655892e-06,-6.975728757106403432e-06,-6.370880915297325267e-06,-5.809949289561823848e-06,-5.290699728351844656e-06,-4.810902347299599057e-06,-4.368347317944332230e-06,-3.960858459396494251e-06,-3.586304938584866712e-06,-3.242611035011836007e-06,-2.927764034167725998e-06,-2.639821692012754655e-06,-2.376916850321422732e-06,-2.137261893874748288e-06,-1.919150820272606635e-06,-1.720962073095684311e-06,-1.541159301762336663e-06,-1.378290057651690034e-06,-1.230987583126509566e-06,-1.097966910540670387e-06,-9.780257830387350608e-07
nan,nan,nan,nan,nan,nan,nan,nan,nan,nan,nan,nan,nan,nan,nan,nan,nan,nan,nan,nan,nan,nan,nan,-7.785489401628483438e-07,-8.524784927224856072e-06,-1.560204309475383023e-05,-2.203011394915808333e-05,-2.783035743102759530e-05,-3.302551769104114792e-05,-3.763953840340348146e-05,-4.169737966916455370e-05,-4.522483769805205143e-05,-4.824836816588867479e-05,-5.079491445563978017e-05,-5.289174145624810281e-05,-5.456627603138131100e-05,-5.584595482596385764e-05,-5.675808017583069726e-05,-5.732968459345169014e-05,-5.758740468592581823e-05,-5.755736454060838420e-05,-5.726506932903178829e-05,-5.673530890639504293e-05,-5.599207205596967273e-05,-5.505847103744158927e-05,-5.395667663401745498e-05,-5.270786335842688689e-05,-5.133216493217431160e-05,-4.984863930457854910e-05,-4.827524345168668796e-05,-4.662881683206752199e-05,-4.492507364902959785e-05,-4.317860305299222614e-05,-4.140287693361838033e-05,-3.961026433892668545e-05,-3.781205245997043259e-05,-3.601847334837314540e-05,-3.423873514752408660e-05,-3.248105834088969867e-05,-3.075271542195090826e-05,-2.906007374168269517e-05,-2.740864103293095636e-05,-2.580311293563023861e-05,-2.424742175741688015e-05,-2.274478640562304613e-05,-2.129776270128059379e-05,-1.990829360681908714e-05,-1.857775912461759606e-05,-1.730702554673570548e-05,-1.609649327664489248e-05,-1.494614355346483458e-05,-1.385558367963945878e-05,-1.282408981295581872e-05,-1.185064838121981664e-05,-1.093399502184285738e-05,-1.007265129912120510e-05,-9.264958786348215686e-06,-8.509111711473341710e-06,-7.803185984820132953e-06,-7.145166587977536826e-06,-6.532972724807217861e-06,-5.964479719555138660e-06,-5.437539813205883568e-06,-4.950000200832040383e-06,-4.499718803986302112e-06,-4.084578484577287805e-06,-3.702499232975713651e-06,-3.351448614012329582e-06,-3.029450432153180976e-06,-2.734591681501913437e-06,-2.465029098180552274e-06,-2.218993106060680207e-06,-1.994791621617292983e-06,-1.790811672505152513e-06,-1.605521727460104761e-06,-1.437472129498753554e-06,-1.285293649100977701e-06,-1.147698879891183584e-06,-1.023478431025511180e-06,-9.115015485485247523e-07
nan,nan,nan,nan,nan,nan,nan,nan,nan,nan,nan,nan,nan,nan,nan,nan,nan,nan,nan,nan,nan,nan,-1.055899276156005515e-06,-8.524784927568453293e-06,-1.536075209046022436e-05,-2.158131783917371753e-05,-2.720557559039099444e-05,-3.225402079769641673e-05,-3.674837667805258112e-05,-4.071142108098919281e-05,-4.416681545598689863e-05,-4.713893699305670641e-05,-4.965271473504858285e-05,-5.173347074777223924e-05,-5.340676693012701354e-05,-5.469825845372020099e-05,-5.563355440673402986e-05,-5.623808630332218791e-05,-5.653698485137746108e-05,-5.655496572670955967e-05,-5.631622433754281950e-05,-5.584434023294829679e-05,-5.516219090472946837e-05,-5.429187554389631429e-05,-5.325464839534113014e-05,-5.207086185924804644e-05,-5.075991898748020281e-05,-4.934023545241305827e-05,-4.782921028354495004e-05,-4.624320556643352900e-05,-4.459753404806384867e-05,-4.290645476641982632e-05,-4.118317588749015524e-05,-3.943986441604300348e-05,-3.768766187748364110e-05,-3.593670590821885130e-05,-3.419615697872518733e-05,-3.247422912240847259e-05,-3.077822513071076804e-05,-2.911457474481857747e-05,-2.748887561866680530e-05,-2.590593659530748851e-05,-2.436982267788401695e-05,-2.288390099285173883e-05,-2.145088769443123330e-05,-2.007289508812206389e-05,-1.875147854953675288e-05,-1.748768302139572237e-05,-1.628208880433361830e-05,-1.513485592890677242e-05,-1.404576742425031586e-05,-1.301427111997703727e-05,-1.203951913086906960e-05,-1.112040599937687431e-05,-1.025560449889144174e-05,-9.443599333716848755e-06,-8.682718366219123002e-06,-7.971162476501467915e-06,-7.307032059447117375e-06,-6.688351980160042715e-06,-6.113094444763860806e-06,-5.579198861204857335e-06,-5.084590665286037846e-06,-4.627197599490128635e-06,-4.204963900812195641e-06,-3.815863047955023361e-06,-3.457908644229179140e-06,-3.129163699100060182e-06,-2.827748274475532382e-06,-2.551845562140452216e-06,-2.299707594595541663e-06,-2.069658574924998658e-06,-1.860098083016331769e-06,-1.669502282925312642e-06,-1.496425793835524786e-06,-1.339501828820477522e-06,-1.197440623909253702e-06,-1.069030478369410627e-06,-9.531340423289107917e-07,-8.486886699647005415e-07
nan,nan,nan,nan,nan,nan,nan,nan,nan,nan,nan,nan,nan,nan,nan,nan,nan,nan,nan,nan,nan,-1.885934253779908627e-06,-9.042026273091625151e-06,-1.560204309497453991e-05,-2.158131783906922754e-05,-2.699675973314795798e-05,-3.186669031801898455e-05,-3.621067936544644737e-05,-4.004938141293809377e-05,-4.340437393331502346e-05,-4.629799800575316036e-05,-4.875320245921887662e-05,-5.079339219763108118e-05,-5.244228168194254534e-05,-5.372375406902430458e-05,-5.466172688605565680e-05,-5.528002473218820696e-05,-5.560225957584909038e-05,-5.565171896992174462e-05,-5.545126283610376741e-05,-5.502322875870971347e-05,-5.438934635501827138e-05,-5.357066044997294040e-05,-5.258746353795364331e-05,-5.145923716474899728e-05,-5.020460233852605764e-05,-4.884127861053580124e-05,-4.738605187166605059e-05,-4.585475019002144357e-05,-4.426222784436981302e-05,-4.262235656250138013e-05,-4.094802405495349246e-05,-3.925113907549197508e-05,-3.754264269190989156e-05,-3.583252492215793772e-05,-3.412984667336094950e-05,-3.244276626212806150e-05,-3.077856947606230371e-05,-2.914370359773779998e-05,-2.754381403914868079e-05,-2.598378337939515452e-05,-2.446777238760855809e-05,-2.299926246591202904e-05,-2.158109886891252687e-05,-2.021553466062769693e-05,-1.890427474921018973e-05,-1.764851961690626987e-05,-1.644900855181546972e-05,-1.530606212947878625e-05,-1.421962329341243801e-05,-1.318929733545577853e-05,-1.221439044552916124e-05,-1.129394606184006239e-05,-1.042677991922071599e-05,-9.611512891225367167e-06,-8.846601846094953510e-06,-8.130368186590606125e-06,-7.461025092192596000e-06,-6.836701640662593357e-06,-6.255465483186970575e-06,-5.715343581434233721e-06,-5.214340163778922492e-06,-4.750453712801180827e-06,-4.321691605115924499e-06,-3.926082824405802409e-06,-3.561689345857044796e-06,-3.226615808263696931e-06,-2.919017717235615051e-06,-2.637108149900527673e-06,-2.379163027613877652e-06,-2.143526052587034440e-06,-1.928611473279624269e-06,-1.732906743144876053e-06,-1.554973354936529652e-06,-1.393448294789544959e-06,-1.247043917101577934e-06,-1.114546267381111353e-06,-9.948158028487453589e-07,-8.867837770926269108e-07,-7.894523543906990103e-07
nan,nan,nan,nan,nan,nan,nan,nan,nan,nan,nan,nan,nan,nan,nan,nan,nan,nan,nan,nan,-3.262607789049825962e-06,-1.007265722291660672e-05,-1.632407836792264683e-05,-2.203011394905680530e-05,-2.720557558999144561e-05,-3.186669031773251123e-05,-3.603094636546325460e-05,-3.971693923814289217e-05,-4.294421887056599298e-05,-4.573313880993090674e-05,-4.810470820839104599e-05,-5.008044750139230777e-05,-5.168224840063075055e-05,-5.293223907625992921e-05,-5.385265495488253645e-05,-5.446571591228280593e-05,-5.479351027905344980e-05,-5.485788614488517918e-05,-5.468035022192536542e-05,-5.428197483233423737e-05,-5.368331292382569385e-05,-5.290432160350385824e-05,-5.196429390158140220e-05,-5.088179917831558226e-05,-4.967463180124433007e-05,-4.835976816777221889e-05,-4.695333171027304183e-05,-4.547056590349742619e-05,-4.392581463011792348e-05,-4.233251002487662144e-05,-4.070316686911534744e-05,-3.904938360287090197e-05,-3.738184923267506745e-05,-3.571035583618772008e-05,-3.404381587398759757e-05,-3.239028424731570766e-05,-3.075698443174108225e-05,-2.915033772822401214e-05,-2.757599601716442198e-05,-2.603887677329356571e-05,-2.454320015150140977e-05,-2.309252776286642417e-05,-2.168980262565404490e-05,-2.033738970260233996e-05,-1.903711699626559528e-05,-1.779031660087916411e-05,-1.659786536614221247e-05,-1.546022500134322471e-05,-1.437748139745310604e-05,-1.334938257345327595e-05,-1.237537553364066713e-05,-1.145464173599422851e-05,-1.058613047742247428e-05,-9.768591021830588957e-06,-9.000602651763187951e-06,-8.280602848876580978e-06,-7.606913309214946323e-06,-6.977764731047366497e-06,-6.391318711144336018e-06,-5.845688287482007662e-06,-5.338956683749439223e-06,-4.869193488924928632e-06,-4.434469932917180240e-06,-4.032872002250932495e-06,-3.662511783672205506e-06,-3.321537585414425008e-06,-3.008142488902886314e-06,-2.720571555987277984e-06,-2.457127665916410485e-06,-2.216176048114385441e-06,-1.996148508681058990e-06,-1.795545680294309757e-06,-1.612939182079616319e-06,-1.446972117112201633e-06,-1.296360149426641344e-06,-1.159891143902433411e-06,-1.036423399839172277e-06,-9.248860854046128736e-07,-8.242757210193240069e-07,-7.336560821884533907e-07
nan,nan,nan,nan,nan,nan,nan,nan,nan,nan,nan,nan,nan,nan,nan,nan,nan,nan,nan,-5.175850467188464687e-06,-1.160898006163877945e-05,-1.752134818177783336e-05,-2.292420549711226635e-05,-2.783035743110118213e-05,-3.225402079747764506e-05,-3.621067936532916380e-05,-3.971693923829241720e-05,-4.279038494229636338e-05,-4.544943698276395031e-05,-4.771321172406983084e-05,-4.960138430259465185e-05,-5.113405536243673040e-05,-5.233162217020599784e-05,-5.321465489256373772e-05,-5.380377839798818935e-05,-5.411956027219902486e-05,-5.418240540042725521e-05,-5.401245752922546786e-05,-5.362950801444925109e-05,-5.305291224411360219e-05,-5.230151360995565168e-05,-5.139357545017724253e-05,-5.034672066367499839e-05,-4.917787934801565462e-05,-4.790324408615545418e-05,-4.653823292864399771e-05,-4.509745970841089034e-05,-4.359471168615685504e-05,-4.204293391340193655e-05,-4.045422040413919676e-05,-3.883981124736365687e-05,-3.721009570804599201e-05,-3.557462063997073352e-05,-3.394210392932373938e-05,-3.232045223228677689e-05,-3.071678294761504127e-05,-2.913744980312945145e-05,-2.758807117413882194e-05,-2.607356148691516908e-05,-2.459816456753140658e-05,-2.316548876270433337e-05,-2.177854348662296852e-05,-2.043977672506739726e-05,-1.915111295912410685e-05,-1.791399149012620979e-05,-1.672940461817163163e-05,-1.559793536454109750e-05,-1.451979458651764379e-05,-1.349485728921718659e-05,-1.252269759352884886e-05,-1.160262263321592387e-05,-1.073370510937242179e-05,-9.914813876569488485e-06,-9.144643320108878561e-06,-8.421740783230074060e-06,-7.744532235570990276e-06,-7.111345921526656316e-06,-6.520434851259112219e-06,-5.969996616699592485e-06,-5.458191944229539257e-06,-4.983161582426513881e-06,-4.543040828001336447e-06,-4.135973211059573731e-06,-3.760122196727820102e-06,-3.413681260240289083e-06,-3.094882840239369197e-06,-2.802005856415301615e-06,-2.533381999339656602e-06,-2.287400770095906519e-06,-2.062513334829531163e-06,-1.857236101953054543e-06,-1.670152503115148925e-06,-1.499914700231254597e-06,-1.345243780518353930e-06,-1.204930493998525708e-06,-1.077834685602159122e-06,-9.628834554381349286e-07,-8.590713384750071420e-07,-7.654568882072740582e-07,-6.811623934990978501e-07
nan,nan,nan,nan,nan,nan,nan,nan,nan,nan,nan,nan,nan,nan,nan,nan,nan,-1.093341463767124211e-06,-7.611582892049893084e-06,-1.363946372605407325e-05,-1.918468170830713205e-05,-2.425659927564342486e-05,-2.886611249603198150e-05,-3.302551769127229982e-05,-3.674837667799697510e-05,-4.004938141297251719e-05,-4.294421887084793975e-05,-4.544943698289632462e-05,-4.758231233392594070e-05,-4.936072039712156287e-05,-5.080300895062234232e-05,-5.192787538597332347e-05,-5.275424839994630649e-05,-5.330117477132735766e-05,-5.358771152673925470e-05,-5.363282410484658340e-05,-5.345529081510722068e-05,-5.307361393944537523e-05,-5.250593763706910849e-05,-5.176997307366125819e-05,-5.088293062473436362e-05,-4.986145951598629960e-05,-4.872159459411090290e-05,-4.747871052683799703e-05,-4.614748305863417363e-05,-4.474185734540033903e-05,-4.327502300828798475e-05,-4.175939588699203656e-05,-4.020660591113150409e-05,-3.862749115555779502e-05,-3.703209727006845164e-05,-3.542968231477639781e-05,-3.382872636830829048e-05,-3.223694564552586847e-05,-3.066131043860254854e-05,-2.910806682539046977e-05,-2.758276157043167482e-05,-2.609026940834779923e-05,-2.463482303321783997e-05,-2.322004474967781105e-05,-2.184897962813907069e-05,-2.052412985038279473e-05,-1.924748982009840222e-05,-1.802058154802109395e-05,-1.684449030218443890e-05,-1.571990002554426910e-05,-1.464712824336147383e-05,-1.362616032723276365e-05,-1.265668294491088679e-05,-1.173811620378074406e-05,-1.086964474776919897e-05,-1.005024756175332229e-05,-9.278725920469350056e-06,-8.553730179699757044e-06,-7.873784740112884951e-06,-7.237311361943088350e-06,-6.642650598759738254e-06,-6.088082143453853293e-06,-5.571842703645278342e-06,-5.092142701199093102e-06,-4.647181433502917385e-06,-4.235160063756413330e-06,-3.854293832076652414e-06,-3.502822448327948136e-06,-3.179018995087965167e-06,-2.881197803772307928e-06,-2.607721020459489170e-06,-2.357004053098037957e-06,-2.127519880689655572e-06,-1.917802288224735121e-06,-1.726448852188076753e-06,-1.552122296713555294e-06,-1.393551791262915447e-06,-1.249532875611334164e-06,-1.118927893190439961e-06,-1.000665240961801800e-06,-8.937374713605549189e-07,-7.972012465067029822e-07,-7.101740235285082136e-07,-6.318336091045508412e-07
nan,nan,nan,nan,nan,nan,nan,nan,nan,nan,nan,nan,nan,nan,nan,nan,-4.504227845895372381e-06,-1.055173880176806889e-05,-1.614876572720119166e-05,-2.130126695047029922e-05,-2.601682679964824617e-05,-3.030453485938159052e-05,-3.417486263746403286e-05,-3.763953840299384278e-05,-4.071142108033497166e-05,-4.340437393277528052e-05,-4.573313880965457071e-05,-4.771321172367760038e-05,-4.936072039662947738e-05,-5.069230448603944501e-05,-5.172499907520399729e-05,-5.247612206504605621e-05,-5.296316590128357689e-05,-5.320369426465503486e-05,-5.321524397787496955e-05,-5.301523266726568229e-05,-5.262087242547191325e-05,-5.204908976732852861e-05,-5.131645199939840779e-05,-5.043910036512441725e-05,-4.943268979667111442e-05,-4.831233558414015539e-05,-4.709256665268586980e-05,-4.578728569974339110e-05,-4.440973582331564368e-05,-4.297247364565424043e-05,-4.148734857817774040e-05,-3.996548819399244171e-05,-3.841728915831169673e-05,-3.685241376148268934e-05,-3.527979130099900839e-05,-3.370762433037231392e-05,-3.214339918422210899e-05,-3.059390053401091051e-05,-2.906522933649381988e-05,-2.756282412241293600e-05,-2.609148509472685031e-05,-2.465540029322252613e-05,-2.325817412230042001e-05,-2.190285728643642126e-05,-2.059197799065922747e-05,-1.932757412225675450e-05,-1.811122602842281544e-05,-1.694408944339944638e-05,-1.582692856359514270e-05,-1.476014881906814348e-05,-1.374382909314228883e-05,-1.277775327383261908e-05,-1.186144098846072629e-05,-1.099417707427404160e-05,-1.017504003198208646e-05,-9.402929240035596964e-06,-8.676590423875544665e-06,-7.994640020848164992e-06,-7.355587836579715976e-06,-6.757858158675019369e-06,-6.199809122753353828e-06,-5.679751059366449162e-06,-5.195962563042235320e-06,-4.746705469855728640e-06,-4.330238416971189422e-06,-3.944828410194698408e-06,-3.588761671862592766e-06,-3.260352825287614721e-06,-2.957952717469334812e-06,-2.679955304411906441e-06,-2.424803343298027707e-06,-2.190993068042101474e-06,-1.977077831443311461e-06,-1.781670776026558825e-06,-1.603447282238132264e-06,-1.441145941470754393e-06,-1.293569485352831515e-06,-1.159584471191291781e-06,-1.038121444313278661e-06,-9.281740296204084183e-07,-8.287969891894719460e-07,-7.391059782804756117e-07,-6.582743334881790474e-07,-5.855324869141789905e-07
nan,nan,nan,nan,nan,nan,nan,nan,nan,nan,nan,nan,nan,nan,-2.452039410942367362e-06,-8.419945453536575126e-06,-1.397430207645786079e-05,-1.911776650723877763e-05,-2.385468222743909137e-05,-2.819097246738067961e-05,-3.213402989301960633e-05,-3.569260329618886753e-05,-3.887668213850832923e-05,-4.169737966957611685e-05,-4.416681545612762807e-05,-4.629799800596670753e-05,-4.810470820881992927e-05,-4.960138430287870605e-05,-5.080300895077854875e-05,-5.172499907579473840e-05,-5.238309898495576030e-05,-5.279327735262901670e-05,-5.297162844637569339e-05,-5.293427815653765060e-05,-5.269729503925000321e-05,-5.227660684738202982e-05,-5.168792275267465304e-05,-5.094666150214416156e-05,-5.006788559563397624e-05,-4.906624179463147089e-05,-4.795590777947871398e-05,-4.675054522030636675e-05,-4.546325895274166366e-05,-4.410656247031786786e-05,-4.269234937172166104e-05,-4.123187075213630083e-05,-3.973571819257347144e-05,-3.821381230282697340e-05,-3.667539629995971692e-05,-3.512903464947168223e-05,-3.358261606909929077e-05,-3.204336090236184015e-05,-3.051783231178910972e-05,-2.901195106380231495e-05,-2.753101331324404611e-05,-2.607971133918361058e-05,-2.466215674280353268e-05,-2.328190542692716884e-05,-2.194198462961938033e-05,-2.064492113883744170e-05,-1.939277055959270251e-05,-1.818714737758589113e-05,-1.702925547120548563e-05,-1.591991866608438098e-05,-1.485961133778094483e-05,-1.384848865355129296e-05,-1.288641623184156206e-05,-1.197299911845676416e-05,-1.110760995088570514e-05,-1.028941590496130129e-05,-9.517404658303548113e-06,-8.790409170154430793e-06,-8.107130823997643409e-06,-7.466161520832405478e-06,-6.866004178637931542e-06,-6.305091792308169932e-06,-5.781804873213358765e-06,-5.294487937068201033e-06,-4.841463895311842105e-06,-4.421047436260334116e-06,-4.031557102053718935e-06,-3.671325541265749928e-06,-3.338709099226687170e-06,-3.032095889644641164e-06,-2.749912624392658826e-06,-2.490630589984228807e-06,-2.252770540191864949e-06,-2.034906667140744194e-06,-1.835669636393943617e-06,-1.653748746147305329e-06,-1.487893889340940439e-06,-1.336916182822708600e-06,-1.199688566721267140e-06,-1.075145278959104524e-06,-9.622817776075546561e-07,-8.601536964167728173e-07,-7.678748710643451695e-07,-6.846169222603295977e-07,-6.096061476717009553e-07,-5.421228159662508565e-07
nan,nan,nan,nan,nan,nan,nan,nan,nan,nan,nan,nan,-1.608561505853317673e-06,-7.396216931973322300e-06,-1.281130803170193501e-05,-1.785336266130697067e-05,-2.252362053675382520e-05,-2.682494260442150094e-05,-3.076171543800704060e-05,-3.433975145122869342e-05,-3.756618575130162089e-05,-4.044937040588817703e-05,-4.299876693363736274e-05,-4.522483769774256592e-05,-4.713893699252225572e-05,-4.875320245878598179e-05,-5.008044750119525402e-05,-5.113405536213191374e-05,-5.192787538557639706e-05,-5.247612206508884153e-05,-5.279327735213962817e-05,-5.289399673965292152e-05,-5.279301945669277502e-05,-5.250508327641544649e-05,-5.204484410883835390e-05,-5.142680079675593819e-05,-5.066522528092964330e-05,-4.977409833525308204e-05,-4.876705093060343968e-05,-4.765731149243863517e-05,-4.645765885955383488e-05,-4.518038117012448035e-05,-4.383724036961157851e-05,-4.243944251784227320e-05,-4.099761354287929016e-05,-3.952178041933414706e-05,-3.802135743504578188e-05,-3.650513749390058666e-05,-3.498128796807033122e-05,-3.345735111244011552e-05,-3.194024839241023307e-05,-3.043628872374028746e-05,-2.895118011330716386e-05,-2.749004448999979125e-05,-2.605743517739674746e-05,-2.465735696432788622e-05,-2.329328832328595019e-05,-2.196820515476323075e-05,-2.068460630782930479e-05,-1.944454008044898299e-05,-1.824963158430311408e-05,-1.710111074372997316e-05,-1.599984061504266945e-05,-1.494634565797944651e-05,-1.394083997110963046e-05,-1.298325512139107172e-05,-1.207326737101356989e-05,-1.121032421434658218e-05,-1.039367011457928490e-05,-9.622371072243928199e-06,-8.895338247996738951e-06,-8.211350459197930241e-06,-7.569075144156937125e-06,-6.967088333052992599e-06,-6.403893135545726369e-06,-5.877936888465151595e-06,-5.387626804464401189e-06,-4.931344734865075991e-06,-4.507460006486195660e-06,-4.114341326189591305e-06,-3.750367488771444076e-06,-3.413936417296726556e-06,-3.103473596240520462e-06,-2.817439121008885636e-06,-2.554333617624769512e-06,-2.312703387957077358e-06,-2.091144572848472570e-06,-1.888306482204944488e-06,-1.702894079560036636e-06,-1.533669679035340804e-06,-1.379454469485753059e-06,-1.239128836681795578e-06,-1.111632668796968640e-06,-9.959646467374228055e-07,-8.911819554301910018e-07,-7.963991240417459226e-07,-7.107860328810618406e-07,-6.335673470040360983e-07,-5.640195126128220581e-07,-5.014699495910559147e-07
nan,nan,nan,nan,nan,nan,nan,nan,nan,nan,-2.111028719264014541e-06,-7.618560185834189478e-06,-1.279771968932355732e-05,-1.764515065624029541e-05,-2.215919671641041616e-05,-2.633982865016423985e-05,-3.018856516883689392e-05,-3.370838832244867637e-05,-3.690365438783543898e-05,-3.978000099161842402e-05,-4.234425125907378159e-05,-4.460431572160553852e-05,-4.656909275203003598e-05,-4.824836816617116366e-05,-4.965271473508954536e-05,-5.079339219774225934e-05,-5.168224840094005988e-05,-5.233162217038785921e-05,-5.275424840001693549e-05,-5.296316590174715463e-05,-5.297162844631354828e-05,-5.279301945707196795e-05,-5.244077065214969963e-05,-5.192828508407510237e-05,-5.126886471558452781e-05,-5.047564290037738472e-05,-4.956152190321919782e-05,-4.853911562371428131e-05,-4.742069755918524947e-05,-4.621815423277179431e-05,-4.494294388817994833e-05,-4.360606064354202277e-05,-4.221800380507053816e-05,-4.078875248829718774e-05,-3.932774520591461343e-05,-3.784386439132500019e-05,-3.634542553349713671e-05,-3.484017086556721757e-05,-3.333526715140687729e-05,-3.183730757138389622e-05,-3.035231710738721034e-05,-2.888576141936575177e-05,-2.744255873952759563e-05,-2.602709459028962796e-05,-2.464323881903275403e-05,-2.329436491051021970e-05,-2.198337116374638085e-05,-2.071270316602007782e-05,-1.948437779417055927e-05,-1.830000801763249463e-05,-1.716082840044890690e-05,-1.606772109555060815e-05,-1.502124204926281212e-05,-1.402164708245642121e-05,-1.306891786564356318e-05,-1.216278745429508537e-05,-1.130276520982271793e-05,-1.048816103157576599e-05,-9.718108805703380221e-06,-8.991588737950473173e-06,-8.307448781077316424e-06,-7.664424994647765562e-06,-7.061160474181152210e-06,-6.496223343517148583e-06,-5.968123370011072782e-06,-5.475327335712526301e-06,-5.016273024915728295e-06,-4.589382389989564891e-06,-4.193072951154805816e-06,-3.825768338520130737e-06,-3.485907738875502424e-06,-3.171953821306389990e-06,-2.882400108314020204e-06,-2.615777089165634556e-06,-2.370657307833463743e-06,-2.145659750258330177e-06,-1.939453344073757061e-06,-1.750759707462532384e-06,-1.578355136385090286e-06,-1.421071885727887825e-06,-1.277799300559181369e-06,-1.147483865862472922e-06,-1.029129251780805917e-06,-9.217954446787696397e-07,-8.245982742454688754e-07,-7.367081575721312848e-07,-6.573480977463934941e-07,-5.857929895326044139e-07,-5.213667206937275832e-07,-4.634412800848531241e-07
nan,nan,nan,nan,nan,nan,nan,nan,-4.075317528063274869e-06,-9.206044263354367860e-06,-1.405481392298597344e-05,-1.861570703577772757e-05,-2.288445316203051029e-05,-2.685837695896442902e-05,-3.053633693740001197e-05,-3.391865774491742669e-05,-3.700705675708303535e-05,-3.980456573465383958e-05,-4.231544836359451970e-05,-4.454511439453427886e-05,-4.650003113663090379e-05,-4.818763299756085292e-05,-4.961622979756849359e-05,-5.079491445563608033e-05,-5.173347074755239692e-05,-5.244228168180259516e-05,-5.293223907632052934e-05,-5.321465489251534843e-05,-5.330117477118542205e-05,-5.320369426489582261e-05,-5.293427815629243117e-05,-5.250508327659756535e-05,-5.192828508390894161e-05,-5.121600840323594424e-05,-5.038026243888951055e-05,-4.943288038443296154e-05,-4.838546373772460404e-05,-4.724933145437998242e-05,-4.603547395617648601e-05,-4.475451218705978540e-05,-4.341666151545934594e-05,-4.203170064666834655e-05,-4.060894525426321055e-05,-3.915722645338806245e-05,-3.768487378791453524e-05,-3.619970269468765847e-05,-3.470900613348892877e-05,-3.321955032199070421e-05,-3.173757415030555067e-05,-3.026879226730303090e-05,-2.881840128531167888e-05,-2.739108909080030491e-05,-2.599104682278426915e-05,-2.462198334144889732e-05,-2.328714171925602971e-05,-2.198931772029951467e-05,-2.073087988940193260e-05,-1.951379073426415305e-05,-1.833962921267842872e-05,-1.720961386482794828e-05,-1.612462649960014682e-05,-1.508523624999995087e-05,-1.409172374481410439e-05,-1.314410509487756353e-05,-1.224215571598692790e-05,-1.138543368786945750e-05,-1.057330249491140152e-05,-9.804953085285623006e-06,-9.079425168884293584e-06,-8.395627453078086363e-06,-7.752357015693947962e-06,-7.148317669549146981e-06,-6.582136994650386828e-06,-6.052382490192336270e-06,-5.557576451068976616e-06,-5.096209692430566771e-06,-4.666754000141573875e-06,-4.267673821582601578e-06,-3.897436340261030410e-06,-3.554520763749039338e-06,-3.237426611794923256e-06,-2.944680619696635521e-06,-2.674843137400792577e-06,-2.426513387877486262e-06,-2.198333797258627403e-06,-1.988993693172498922e-06,-1.797232203242427134e-06,-1.621840478865454176e-06,-1.461663234994583286e-06,-1.315599658966854630e-06,-1.182604190981703212e-06,-1.061686333618728145e-06,-9.519104681567180447e-07,-8.523948494956611669e-07,-7.623109739802976838e-07,-6.808822450097349337e-07,-6.073819734096755716e-07,-5.411325750143170795e-07,-4.815027770970705900e-07,-4.279066576081665538e-07
nan,nan,nan,nan,nan,-2.702832105244729500e-06,-7.590676718112455111e-06,-1.225374328640039818e-05,-1.668236734994375201e-05,-2.086846577756071042e-05,-2.480551224919666389e-05,-2.848850369751824041e-05,-3.191391846112444722e-05,-3.507966691248114605e-05,-3.798503529026319391e-05,-4.063062352690917747e-05,-4.301827781828629382e-05,-4.515101865425493437e-05,-4.703296508773579404e-05,-4.866925591925692787e-05,-5.006596851422896960e-05,-5.123003590313550859e-05,-5.216916285124694759e-05,-5.289174145619148713e-05,-5.340676692986774015e-05,-5.372375406884354098e-05,-5.385265495489423228e-05,-5.380377839789872912e-05,-5.358771152656364105e-05,-5.321524397806297698e-05,-5.269729503898127693e-05,-5.204484410897503114e-05,-5.126886471539443329e-05,-5.038026243885780441e-05,-4.938981683659562748e-05,-4.830812765061993848e-05,-4.714556538571913503e-05,-4.591222636443127204e-05,-4.461789226045959208e-05,-4.327199427465123815e-05,-4.188358175234196311e-05,-4.046129538153686822e-05,-3.901334469101581590e-05,-3.754748995027173096e-05,-3.607102815756362278e-05,-3.459078307569276938e-05,-3.311309901823280812e-05,-3.164383832419473950e-05,-3.018838212541158087e-05,-2.875163439194386667e-05,-2.733802874634014865e-05,-2.595153803121194887e-05,-2.459568622578439163e-05,-2.327356254978281411e-05,-2.198783732397983391e-05,-2.074077955817230882e-05,-1.953427592059131984e-05,-1.836985061916489762e-05,-1.724868639009384584e-05,-1.617164599439994532e-05,-1.513929414225998085e-05,-1.415191968024080914e-05,-1.320955781540851519e-05,-1.231201210403429710e-05,-1.145887623100643105e-05,-1.064955530972474347e-05,-9.883286566540508311e-06,-9.159159356515831908e-06,-8.476134443886502719e-06,-7.833062275481935560e-06,-7.228700435579533928e-06,-6.661730151627270985e-06,-6.130771562354224725e-06,-5.634398161895551207e-06,-5.171150065583239098e-06,-4.739546211896867415e-06,-4.338095394032079720e-06,-3.965306591665717761e-06,-3.619697826694419417e-06,-3.299804299849437434e-06,-3.004185617063660236e-06,-2.731431758065113983e-06,-2.480168588376246496e-06,-2.249062339250368604e-06,-2.036823249624423878e-06,-1.842208640401058580e-06,-1.664025270073499643e-06,-1.501131086046147855e-06,-1.352436363642365906e-06,-1.216904283242824570e-06,-1.093551399218763187e-06,-9.814472392255381729e-07,-8.797139206591113950e-07,-7.875250308271552369e-07,-7.041048584908003292e-07,-6.287269972313878066e-07,-5.607123567617065733e-07,-4.994282705616466797e-07,-4.442858073395723323e-07,-3.947387555910956787e-07
nan,nan,-3.973042019453967280e-06,-8.425352067818903535e-06,-1.271440084186581057e-05,-1.682757194090753048e-05,-2.075366712730464800e-05,-2.448291408250377442e-05,-2.800696377313897554e-05,-3.131887808102837360e-05,-3.441310833780310849e-05,-3.728546542997419010e-05,-3.993308218146474347e-05,-4.235436873054133412e-05,-4.454896159310291513e-05,-4.651766715583199191e-05,-4.826240030816772398e-05,-4.978611889039787319e-05,-5.109275469414922008e-05,-5.218714165131112373e-05,-5.307494188980065161e-05,-5.376257026467072195e-05,-5.425711801008750024e-05,-5.456627603168059146e-05,-5.469825845380808235e-05,-5.466172688619975404e-05,-5.446571591259142408e-05,-5.411956027239477079e-05,-5.363282410494480534e-05,-5.301523266769154336e-05,-5.227660684736234477e-05,-5.142680079710439399e-05,-5.047564290040424583e-05,-4.943288038459607299e-05,-4.830812765080075630e-05,-4.711081857406442902e-05,-4.585016284001889740e-05,-4.453510640332998066e-05,-4.317429605772459743e-05,-4.177604825755425807e-05,-4.034832199220164016e-05,-3.889869583243356235e-05,-3.743434887938487568e-05,-3.596204570074435555e-05,-3.448812495568740470e-05,-3.301849166651585148e-05,-3.155861285464863321e-05,-3.011351647923287385e-05,-2.868779331152511214e-05,-2.728560172536685370e-05,-2.591067493649462032e-05,-2.456633067330695155e-05,-2.325548290698164510e-05,-2.198065549457960517e-05,-2.074399733941592592e-05,-1.954729904447979964e-05,-1.839201074334880303e-05,-1.727926068270188050e-05,-1.620987473685892217e-05,-1.518439631096241091e-05,-1.420310656272527227e-05,-1.326604479622545475e-05,-1.237302882631350819e-05,-1.152367506832728429e-05,-1.071741838265501064e-05,-9.953531431709366226e-06,-9.231143429972380593e-06,-8.549258242945288313e-06,-7.906771779915975138e-06,-7.302488435500317420e-06,-6.735136757901905792e-06,-6.203384227032732145e-06,-5.705850886015764773e-06,-5.241122204173031220e-06,-4.807760854257671267e-06,-4.404317509935731913e-06,-4.029340570875520469e-06,-3.681385245518778638e-06,-3.359021288698017490e-06,-3.060840084136641361e-06,-2.785460900613287315e-06,-2.531536008292613878e-06,-2.297755383566739458e-06,-2.082850482524876401e-06,-1.885597260095154844e-06,-1.704818681088812750e-06,-1.539386587570473914e-06,-1.388223026896596224e-06,-1.250301033489535870e-06,-1.124644912133714389e-06,-1.010330431808592736e-06,-9.064842425723739747e-07,-8.122833190391998254e-07,-7.269537455048221212e-07,-6.497698323677202432e-07,-5.800526720838020657e-07,-5.171681696804892697e-07,-4.605260770036491423e-07,-4.095774088676593243e-07,-3.638133857767620057e-07
-1.210778816157167702e-05,-1.584508370076772682e-05,-1.946667591426141637e-05,-2.295921350704302705e-05,-2.631054653474840395e-05,-2.950975605018883621e-05,-3.254717312563117982e-05,-3.541438777167968540e-05,-3.810424820794412688e-05,-4.061085108491014733e-05,-4.292952324764362699e-05,-4.505679565975381860e-05,-4.699037014660883440e-05,-4.872907962599344850e-05,-5.027284247735947724e-05,-5.162261174386503846e-05,-5.278031983578976272e-05,-5.374881936947790078e-05,-5.453182083531542544e-05,-5.513382768907739394e-05,-5.556006950554638201e-05,-5.581643376142360514e-05,-5.590939685247465904e-05,-5.584595482664699310e-05,-5.563355440719630656e-05,-5.528002473268416847e-05,-5.479351027968595980e-05,-5.418240540093458729e-05,-5.345529081550500769e-05,-5.262087242616174366e-05,-5.168792275292855286e-05,-5.066522528151501761e-05,-4.956152190348688056e-05,-4.838546373810633807e-05,-4.714556538610414199e-05,-4.585016284022200913e-05,-4.450737510356916307e-05,-4.312506958296615016e-05,-4.171083123834638958e-05,-4.027193560788005778e-05,-3.881532551466387567e-05,-3.734759155716408665e-05,-3.587495612686590217e-05,-3.440326102350976171e-05,-3.293795838545045436e-05,-3.148410489309739406e-05,-3.004635897857125434e-05,-2.862898098145632902e-05,-2.723583591174400802e-05,-2.587039879694579187e-05,-2.453576218573796320e-05,-2.323464579001745454e-05,-2.196940792381924787e-05,-2.074205860736590075e-05,-1.955427397343814351e-05,-1.840741195680312096e-05,-1.730252897959471382e-05,-1.624039724719491694e-05,-1.522152282138220452e-05,-1.424616397892590914e-05,-1.331434979490799618e-05,-1.242589882105399811e-05,-1.158043768014185727e-05,-1.077741935590803493e-05,-1.001614121084008972e-05,-9.295762514797275029e-06,-8.615321380085234773e-06,-7.973751066886121768e-06,-7.369895614154978994e-06,-6.802524575294984711e-06,-6.270347026404276160e-06,-5.772024742661725149e-06,-5.306184315241213887e-06,-4.871428554110504436e-06,-4.466346893057993461e-06,-4.089524894984892926e-06,-3.739552777171115756e-06,-3.415033349216387351e-06,-3.114588727810191335e-06,-2.836866456849356543e-06,-2.580544879644696220e-06,-2.344337480655751048e-06,-2.126996858249729836e-06,-1.927317859217144776e-06,-1.744140036340428812e-06,-1.576349653062336188e-06,-1.422881113592649426e-06,-1.282717913497534117e-06,-1.154893104745158730e-06,-1.038489320310134018e-06,-9.326387266618061676e-07,-8.365222839462997018e-07,-7.493690412687112580e-07,-6.704548448548039125e-07,-5.991013587515244377e-07,-5.346745868627378600e-07,-4.765829300648352213e-07,-4.242761621076395033e-07,-3.772429498513873439e-07,-3.350097657294699901e-07
-2.782588797122585830e-05,-3.064140131018575276e-05,-3.335867767733674034e-05,-3.596624952664036532e-05,-3.845369012403367055e-05,-4.081164291366184868e-05,-4.303184109099990968e-05,-4.510711784580707408e-05,-4.703140768130616454e-05,-4.879973935323378577e-05,-5.040822096753428463e-05,-5.185401780574541220e-05,-5.313532348707524649e-05,-5.425132508492736054e-05,-5.520216280599900618e-05,-5.598888487560818458e-05,-5.661339825576162921e-05,-5.707841578596613394e-05,-5.738740039664011700e-05,-5.754450694748778944e-05,-5.755452228997481038e-05,-5.742280407996180701e-05,-5.715521890558250778e-05,-5.675808017554202843e-05,-5.623808630287485287e-05,-5.560225957548221669e-05,-5.485788614469369552e-05,-5.401245752895998063e-05,-5.307361393911917268e-05,-5.204908976731795087e-05,-5.094666150176204805e-05,-4.977409833521994611e-05,-4.853911562341744709e-05,-4.724933145422384375e-05,-4.591222636431020054e-05,-4.453510640306921649e-05,-4.312506958254341295e-05,-4.168897576577845738e-05,-4.023341996850165152e-05,-3.876470917690490761e-05,-3.728884249359677049e-05,-3.581149470001630954e-05,-3.433800299242182366e-05,-3.287335695038866204e-05,-3.142219147183616013e-05,-2.998878263390207730e-05,-2.857704622866152482e-05,-2.719053891625830110e-05,-2.583246168348779233e-05,-2.450566558285145079e-05,-2.321265936181841083e-05,-2.195561896433895980e-05,-2.073639859195752148e-05,-1.955654320674918466e-05,-1.841730214418660643e-05,-1.731964382151410811e-05,-1.626427128105739048e-05,-1.525163822039865940e-05,-1.428196566375801515e-05,-1.335525883020691470e-05,-1.247132414662195475e-05,-1.162978629099674946e-05,-1.083010510772414951e-05,-1.007159219689586643e-05,-9.353427212320048140e-06,-8.674673674335917320e-06,-8.034294206514163230e-06,-7.431165167294861123e-06,-6.864090640655621278e-06,-6.331815587305919490e-06,-5.833038314428232499e-06,-5.366422170773460238e-06,-4.930606265495560042e-06,-4.524215525913292221e-06,-4.145869840893915640e-06,-3.794192380421013406e-06,-3.467817021997614103e-06,-3.165395242131277091e-06,-2.885601898139925456e-06,-2.627140472249480078e-06,-2.388747640906909403e-06,-2.169196914842038786e-06,-1.967301950079670093e-06,-1.781919106673757003e-06,-1.611949401918770420e-06,-1.456340061670905879e-06,-1.314085560667575436e-06,-1.184228238266710529e-06,-1.065858484336401249e-06,-9.581145377133926299e-07,-8.601822285165462603e-07,-7.712941053052624502e-07,-6.907286049364866246e-07,-6.178087002834560227e-07,-5.519008429323753771e-07,-4.924134635138472060e-07,-4.387950619882764479e-07,-3.905331388091259379e-07,-3.471518183918511648e-07,-3.082107417071507166e-07
-4.186340474781266721e-05,-4.383197298877840851e-05,-4.571898954324984292e-05,-4.751472511484679446e-05,-4.921033873741875514e-05,-5.079790700726686788e-05,-5.227044433318772193e-05,-5.362191460948206997e-05,-5.484723466881669877e-05,-5.594227000230117774e-05,-5.690382323280162365e-05,-5.772961586001453156e-05,-5.841826383518119602e-05,-5.896924753186342562e-05,-5.938287667644038761e-05,-5.966025083089582297e-05,-5.980321601129185794e-05,-5.981431798734935639e-05,-5.969675286898487956e-05,-5.945431549034224894e-05,-5.909134615080340172e-05,-5.861267619886246827e-05,-5.802357298502267268e-05,-5.732968459365142728e-05,-5.653698485140043261e-05,-5.565171896999532129e-05,-5.468035022213993580e-05,-5.362950801457044457e-05,-5.250593763711084350e-05,-5.131645199971586897e-05,-5.006788559558179223e-05,-4.876705093086019908e-05,-4.742069755917574915e-05,-4.603547395628173494e-05,-4.461789226058134121e-05,-4.317429605770049426e-05,-4.171083123815553612e-05,-4.023341996869201032e-05,-3.874773774820605872e-05,-3.725919363712155210e-05,-3.577291347987690063e-05,-3.429372619754613301e-05,-3.282615292200298935e-05,-3.137439902149333188e-05,-2.994234876839944412e-05,-2.853356261098173444e-05,-2.715127681413602369e-05,-2.579840541528924654e-05,-2.447754420933920326e-05,-2.319097673687058286e-05,-2.194068192054684480e-05,-2.072834333263037746e-05,-1.955535980823699886e-05,-1.842285729979078619e-05,-1.733170166977537357e-05,-1.628251241203483856e-05,-1.527567706575069253e-05,-1.431136600851363510e-05,-1.338954777152026124e-05,-1.251000447611408031e-05,-1.167234734750223119e-05,-1.087603220523110571e-05,-1.012037479074470199e-05,-9.404565754746255292e-06,-8.727685340883053095e-06,-8.088717592889868699e-06,-7.486564006357284967e-06,-6.920056602484583258e-06,-6.387970395782605870e-06,-5.889035077397213500e-06,-5.421946062680263314e-06,-4.985374819964656155e-06,-4.577978302293636998e-06,-4.198407769520130771e-06,-3.845316774859014568e-06,-3.517368399447008740e-06,-3.213241675228608773e-06,-2.931637522676586595e-06,-2.671283684229973520e-06,-2.430939173487095190e-06,-2.209398117637814773e-06,-2.005492764152753619e-06,-1.818096195782551157e-06,-1.646124372472102816e-06,-1.488537633533599261e-06,-1.344341844943062077e-06,-1.212589093955398292e-06,-1.092378009474142014e-06,-9.828537035334493086e-07,-8.832073736496122570e-07,-7.926758636511500695e-07,-7.105406795419158870e-07,-6.361270547758133846e-07,-5.688025525599932849e-07,-5.079759466609396347e-07,-4.530957110290743597e-07,-4.036481490291530744e-07,-3.591562921201454203e-07,-3.191776254573244080e-07,-2.833029698874925075e-07
-5.429681935831277546e-05,-5.549143377003046165e-05,-5.662032716233589502e-05,-5.767536811526421557e-05,-5.864916953982429152e-05,-5.953511788209112435e-05,-6.032739413144267240e-05,-6.102098698106967606e-05,-6.161169844816924510e-05,-6.209614238512452050e-05,-6.247173631480303936e-05,-6.273668705757584792e-05,-6.288997065643360757e-05,-6.293130711507130038e-05,-6.286113046738816125e-05,-6.268055471994955676e-05,-6.239133620722944838e-05,-6.199583286055003570e-05,-6.149696095265854681e-05,-6.089814978717547308e-05,-6.020329485317814112e-05,-5.941670989165700898e-05,-5.854307836217815424e-05,-5.758740468586819288e-05,-5.655496572649917024e-05,-5.545126283595489967e-05,-5.428197483233122194e-05,-5.305291224403475359e-05,-5.176997307351949198e-05,-5.043910036525303073e-05,-4.906624179442351414e-05,-4.765731149253099564e-05,-4.621815423262369907e-05,-4.475451218702839097e-05,-4.327199427464400110e-05,-4.177604825741916647e-05,-4.027193560759633563e-05,-3.876470917698448127e-05,-3.725919363703087214e-05,-3.575996876724572566e-05,-3.427135542030387632e-05,-3.279740423184636486e-05,-3.134188686109251571e-05,-2.990828980510182414e-05,-2.849981055432186260e-05,-2.711935605455179787e-05,-2.576954325641338568e-05,-2.445270170267734358e-05,-2.317087789208602234e-05,-2.192584139408502793e-05,-2.071909239236790527e-05,-1.955187064168646479e-05,-1.842516557817831194e-05,-1.733972749118845304e-05,-1.629607948080337922e-05,-1.529453019582463846e-05,-1.433518713924833272e-05,-1.341797025943410005e-05,-1.254262595968488948e-05,-1.170874116544984686e-05,-1.091575741222962115e-05,-1.016298486645195379e-05,-9.449616156646003091e-06,-8.774739856489235831e-06,-8.137353657619706386e-06,-7.536377078474788680e-06,-6.970663641128511578e-06,-6.439012499022941269e-06,-5.940179494423409584e-06,-5.472887485589304501e-06,-5.035836083270258408e-06,-4.627710722631265178e-06,-4.247190913318916520e-06,-3.892957929536630946e-06,-3.563701738889206321e-06,-3.258127246987103538e-06,-2.974959806644164735e-06,-2.712950288966059065e-06,-2.470879247848606869e-06,-2.247560650270450492e-06,-2.041845062947924170e-06,-1.852622089461617534e-06,-1.678822550522671613e-06,-1.519420063956168748e-06,-1.373432145390410915e-06,-1.239920997279902056e-06,-1.117993898632151090e-06,-1.006803266491107193e-06,-9.055463850489014038e-07,-8.134648395248643466e-07,-7.298439218356697473e-07,-6.540115550254737687e-07,-5.853372729642773714e-07,-5.232307908384156719e-07,-4.671408386570486008e-07,-4.165536500127497119e-07,-3.709911352781313712e-07,-3.300097587824634642e-07,-2.931983652155147253e-07,-2.601770592497039000e-07
-6.520537303620382494e-05,-6.569687184126582361e-05,-6.613756819816289819e-05,-6.652079362173669397e-05,-6.684048875001366336e-05,-6.709123259071063318e-05,-6.726826432988981135e-05,-6.736749799525811597e-05,-6.738553023270480856e-05,-6.731964157218475275e-05,-6.716779156371014315e-05,-6.692860820039408035e-05,-6.660137208367324752e-05,-6.618599579443137373e-05,-6.568299894311133440e-05,-6.509347938993528186e-05,-6.441908113152632325e-05,-6.366195931086885979e-05,-6.282474286912830648e-05,-6.191049526811058924e-05,-6.092267376511261464e-05,-5.986508764898667792e-05,-5.874185588916969663e-05,-5.755736454147242556e-05,-5.631622433821122336e-05,-5.502322875938700779e-05,-5.368331292459316669e-05,-5.230151361060662700e-05,-5.088293062528336294e-05,-4.943268979743314592e-05,-4.795590777988596064e-05,-4.645765886020595539e-05,-4.494294388857123689e-05,-4.341666151592663708e-05,-4.188358175280028247e-05,-4.034832199251090883e-05,-3.881532551480550635e-05,-3.728884249405050910e-05,-3.577291348014702282e-05,-3.427135542063422595e-05,-3.278775006179932862e-05,-3.132543478975186610e-05,-2.988749571247885085e-05,-2.847676302043226118e-05,-2.709580841005903529e-05,-2.574694453941904395e-05,-2.443222631290094086e-05,-2.315345395010707125e-05,-2.191217760110726189e-05,-2.070970348344501431e-05,-1.954710124969800532e-05,-1.842521257200473796e-05,-1.734466070787567707e-05,-1.630586096702945853e-05,-1.530903182879616198e-05,-1.435420670905148713e-05,-1.344124618501102020e-05,-1.256985042526934354e-05,-1.173957194839742839e-05,-1.094982838594339789e-05,-1.019991521951773428e-05,-9.489018415723546242e-06,-8.816226851674799456e-06,-8.180544389839984623e-06,-7.580901641071958035e-06,-7.016167279424592466e-06,-6.485158850368570917e-06,-5.986653060132546447e-06,-5.519395530949907351e-06,-5.082109878816962912e-06,-4.673506244729372036e-06,-4.292289213728697482e-06,-3.937164983242205580e-06,-3.606848019098902685e-06,-3.300067020184433985e-06,-3.015570262581539252e-06,-2.752130279506835420e-06,-2.508548147479178875e-06,-2.283656956271440150e-06,-2.076324891343887443e-06,-1.885457831068559711e-06,-1.710001273754940135e-06,-1.548942040165275756e-06,-1.401309442529602884e-06,-1.266176029681195776e-06,-1.142658060125828431e-06,-1.029915624562209657e-06,-9.271524820903767124e-07,-8.336156063968205545e-07,-7.485944764965631053e-07,-6.714203513112438073e-07,-6.014651207491163403e-07,-5.381402170873795677e-07,-4.808951658992938830e-07,-4.292163854115435475e-07,-3.826256831524276446e-07,-3.406784774225914457e-07,-3.029626627532087778e-07,-2.690965355607032249e-07,-2.387276786439329375e-07
-7.467039986003943608e-05,-7.452719906654459311e-05,-7.434715976516783611e-05,-7.412494714909615659e-05,-7.385570931942101987e-05,-7.353510661403832370e-05,-7.315933422534112403e-05,-7.272513834544862830e-05,-7.222982604995152036e-05,-7.167126924250055351e-05,-7.104790298971410225e-05,-7.035871861351967581e-05,-6.960325194562112198e-05,-6.878156715758469491e-05,-6.789423659465586519e-05,-6.694231705505141318e-05,-6.592732296799481712e-05,-6.485119688435462409e-05,-6.371627775583096052e-05,-6.252526739213381374e-05,-6.128119554034643210e-05,-5.998738395877945050e-05,-5.864740990184963469e-05,-5.726506932901316712e-05,-5.584434023279142629e-05,-5.438934635491412699e-05,-5.290432160352672136e-05,-5.139357545013061506e-05,-4.986145951588235849e-05,-4.831233558427261779e-05,-4.675054522014104625e-05,-4.518038117022186203e-05,-4.360606064342637228e-05,-4.203170064665372337e-05,-4.046129538154229601e-05,-3.889869583232710725e-05,-3.734759155692617881e-05,-3.581149470009340309e-05,-3.429372619747543625e-05,-3.279740423185288363e-05,-3.132543478947115261e-05,-2.988050437199353695e-05,-2.846507468002494010e-05,-2.708137930193206723e-05,-2.573142220892046892e-05,-2.441697803001840718e-05,-2.313959391963213305e-05,-2.190059297781197113e-05,-2.070107900778030927e-05,-1.954194258770631075e-05,-1.842386819437927291e-05,-1.734734236749333906e-05,-1.631266270138701763e-05,-1.531994759498906525e-05,-1.436914653310465634e-05,-1.346005090198049969e-05,-1.259230516714273809e-05,-1.176541818768562494e-05,-1.097877478172608482e-05,-1.023164725237025705e-05,-9.523206849860355405e-06,-8.852535104046446859e-06,-8.218634933864216654e-06,-7.620441408152419544e-06,-7.056832197275265104e-06,-6.526637594838925264e-06,-6.028650059690155435e-06,-5.561633270111600001e-06,-5.124330680119704092e-06,-4.715473449514844978e-06,-4.333787870379190558e-06,-3.978002231742299030e-06,-3.646853000674053095e-06,-3.339090536616501399e-06,-3.053484179862275267e-06,-2.788826779282296740e-06,-2.543938622157474891e-06,-2.317671011869650251e-06,-2.108909112809883628e-06,-1.916574451189025317e-06,-1.739626984583570005e-06,-1.577066574124957463e-06,-1.427934262110714728e-06,-1.291313077239212406e-06,-1.166328466641650628e-06,-1.052148492030696676e-06,-9.479837196980915077e-07,-8.530868623159789938e-07,-7.667521691649688119e-07,-6.883145968839917972e-07,-6.171489748824522399e-07,-5.526687994615175705e-07,-4.943250924874821160e-07,-4.416049437233747871e-07,-3.940302878291235183e-07,-3.511564166215040705e-07,-3.125702524550975279e-07,-2.778892106291961391e-07,-2.467592225375625820e-07,-2.188536313799910176e-07
-8.277468140698268206e-05,-8.206254343079739271e-05,-8.132654749447102425e-05,-8.056256910091139415e-05,-7.976684954015820009e-05,-7.893602531457052625e-05,-7.806715154566513275e-05,-7.715771954989162794e-05,-7.620566874837456821e-05,-7.520939318104233470e-05,-7.416774290489300855e-05,-7.308002059499603019e-05,-7.194597370377729196e-05,-7.076578254321412489e-05,-6.954004467391804959e-05,-6.826975599491089846e-05,-6.695628894522217384e-05,-6.560136818931754652e-05,-6.420704422086097199e-05,-6.277566523627383039e-05,-6.130984768587755202e-05,-5.981244583994716418e-05,-5.828652075245141175e-05,-5.673530890634359753e-05,-5.516219090455040560e-05,-5.357066044984604809e-05,-5.196429390157609638e-05,-5.034672066360644293e-05,-4.872159459399068521e-05,-4.709256665278911973e-05,-4.546325895256783217e-05,-4.383724036968556176e-05,-4.221800380494662741e-05,-4.060894525423531945e-05,-3.901334469100814517e-05,-3.743434887927457166e-05,-3.587495612663388968e-05,-3.433800299248434824e-05,-3.282615292192952788e-05,-3.134188686109157381e-05,-2.988749571221175087e-05,-2.846507468002001376e-05,-2.707651934012281653e-05,-2.572352346052456099e-05,-2.440757839344537730e-05,-2.312997401591555867e-05,-2.189180104709471890e-05,-2.069395470773312026e-05,-1.953713952745005870e-05,-1.842187527890452962e-05,-1.734850380337561881e-05,-1.631719671900439089e-05,-1.532796381956712305e-05,-1.438066210478918566e-05,-1.347500523726330272e-05,-1.261057343260468686e-05,-1.178682362898223985e-05,-1.100309973473951296e-05,-1.025864306094851792e-05,-9.552602678829709854e-06,-8.884045683110809483e-06,-8.251967304824695757e-06,-7.655300792797144096e-06,-7.092926952304090580e-06,-6.563683380642280309e-06,-6.066373293070280500e-06,-5.599773896911436581e-06,-5.162644309340122723e-06,-4.753733013139811379e-06,-4.371784735685288207e-06,-4.015546865941314482e-06,-3.683775357819083045e-06,-3.375240013115089418e-06,-3.088729341045321546e-06,-2.823054853173359420e-06,-2.577054853470569034e-06,-2.349597692070640021e-06,-2.139584705819073362e-06,-1.945952502906742366e-06,-1.767674943656661746e-06,-1.603764739717836171e-06,-1.453274522643285771e-06,-1.315297745476822061e-06,-1.188969167778134051e-06,-1.073465013671501891e-06,-9.680029269679190662e-07,-8.718416604638153267e-07,-7.842805515907437724e-07,-7.046587813034574777e-07,-6.323544459010095911e-07,-5.667836331715600056e-07,-5.073991743443067951e-07,-4.536894641001562422e-07,-4.051770040669310251e-07,-3.614171679772307620e-07,-3.219967363005798751e-07,-2.865322245410828795e-07,-2.546687502185767547e-07,-2.260781515682279098e-07,-2.004578999632518878e-07
-8.960183060269133362e-05,-8.838366992268138593e-05,-8.715363226342736117e-05,-8.590868611013031714e-05,-8.464605772082486694e-05,-8.336326063981945470e-05,-8.205811985001059154e-05,-8.072879070252680011e-05,-7.937377274482515998e-05,-7.799191866800252908e-05,-7.658243860531015873e-05,-7.514490005366863718e-05,-7.367922372627223296e-05,-7.218567565378534903e-05,-7.066485587519111277e-05,-6.911768406592690552e-05,-6.754538247349663139e-05,-6.594945649222345866e-05,-6.433167327158231601e-05,-6.269403867313685659e-05,-6.103877294878679754e-05,-5.936828544431761506e-05,-5.768514867880620591e-05,-5.599207205620204437e-05,-5.429187554399274730e-05,-5.258746353808409994e-05,-5.088179917854560253e-05,-4.917787934817231506e-05,-4.747871052693310189e-05,-4.578728570003516346e-05,-4.410656247033842026e-05,-4.243944251808337944e-05,-4.078875248834234476e-05,-3.915722645351269149e-05,-3.754748995040561638e-05,-3.596204570077380519e-05,-3.440326102341677105e-05,-3.287335695056153807e-05,-3.137439902153247158e-05,-2.990828980520077792e-05,-2.847676302027701020e-05,-2.708137930201421248e-05,-2.572352346060479195e-05,-2.440440326077451342e-05,-2.312504955547925375e-05,-2.188631775720628294e-05,-2.068889048964347223e-05,-1.953328139050780586e-05,-1.841983989109530242e-05,-1.734875695408035647e-05,-1.632007155903265533e-05,-1.533367792959037108e-05,-1.438933332973338369e-05,-1.348666637967592646e-05,-1.262518570678188370e-05,-1.180428894153353865e-05,-1.102327192139783622e-05,-1.028133792372669388e-05,-9.577607027313846645e-06,-8.911125370421658535e-06,-8.280874291204180478e-06,-7.685779302430661885e-06,-7.124718831064460865e-06,-6.596532623982696008e-06,-6.100029859570708818e-06,-5.633996871415518739e-06,-5.197204448610356715e-06,-4.788414711271961392e-06,-4.406387559276004990e-06,-4.049886591744943591e-06,-3.717684604540978397e-06,-3.408568620028943915e-06,-3.121344355656615433e-06,-2.854840310208015276e-06,-2.607911342553428784e-06,-2.379441797629311953e-06,-2.168348153171097407e-06,-1.973581389522980777e-06,-1.794128774195575552e-06,-1.629015379765153638e-06,-1.477305265791898052e-06,-1.338102191135831002e-06,-1.210550184604194560e-06,-1.093833749880651621e-06,-9.871777855329029848e-07,-8.898473320134681421e-07,-8.011470893641395425e-07,-7.204207524891001335e-07,-6.470501610898804284e-07,-5.804542916504119181e-07,-5.200882622994891340e-07,-4.654420558703350427e-07,-4.160393138262009209e-07,-3.714358895422173540e-07,-3.312186109395402320e-07,-2.950038433495595905e-07,-2.624358751475029839e-07,-2.331857959657610048e-07,-2.069497088252485137e-07,-1.834476639875668415e-07
-9.523570726549942741e-05,-9.357143211520145207e-05,-9.190625661910915194e-05,-9.023813106451968275e-05,-8.856516453469283974e-05,-8.688565448442639070e-05,-8.519811157476817574e-05,-8.350127985938127358e-05,-8.179415240212299534e-05,-8.007598249949962632e-05,-7.834629069450615741e-05,-7.660486780889217047e-05,-7.485177425650232810e-05,-7.308733591010788903e-05,-7.131213682141804375e-05,-6.952700909775613161e-05,-6.773302026613388772e-05,-6.593145841775772259e-05,-6.412381548892894390e-05,-6.231176895861777556e-05,-6.049716230179732085e-05,-5.868198447091840363e-05,-5.686834872544861518e-05,-5.505847103988070534e-05,-5.325464839751854691e-05,-5.145923716683111268e-05,-4.967463180329873733e-05,-4.790324408802604852e-05,-4.614748306033824129e-05,-4.440973582510041663e-05,-4.269234937315519992e-05,-4.099761354442656185e-05,-3.932774520719131570e-05,-3.768487378918294336e-05,-3.607102815876291302e-05,-3.448812495671643453e-05,-3.293795838629604396e-05,-3.142219147286386859e-05,-2.994234876924220125e-05,-2.849981055516242760e-05,-2.709580841060968463e-05,-2.573142220964119231e-05,-2.440757839411651200e-05,-2.312504955603163442e-05,-2.188445517656003732e-05,-2.068626351039200560e-05,-1.953079447240830939e-05,-1.841822350284785036e-05,-1.734858625518343432e-05,-1.632178409094022165e-05,-1.533759019403149366e-05,-1.439565630130836389e-05,-1.349551989493867615e-05,-1.263661181590817818e-05,-1.181826413286714649e-05,-1.103971827944866432e-05,-1.030013333824417280e-05,-9.598594313021300238e-06,-8.934120482170643376e-06,-8.305673626563434236e-06,-7.712166122081961627e-06,-7.152468856251857857e-06,-6.625418909667828732e-06,-6.129826915067806328e-06,-5.664484133525327797e-06,-5.228169165465880864e-06,-4.819654266937937058e-06,-4.437711272347298020e-06,-4.081117124781888122e-06,-3.748658922534908147e-06,-3.439138581898414718e-06,-3.151377075781363300e-06,-2.884218166536677844e-06,-2.636531795214976020e-06,-2.407217016400859090e-06,-2.195204528701782127e-06,-1.999458778707396442e-06,-1.818979821707655620e-06,-1.652804661975611646e-06,-1.500008360632963028e-06,-1.359704849299203794e-06,-1.231047329786490633e-06,-1.113228555272712973e-06,-1.005480791954763930e-06,-9.070755339334998066e-07,-8.173230721603423201e-07,-7.355718670740041151e-07,-6.612077669240747483e-07,-5.936530690321144478e-07,-5.323654491730015068e-07,-4.768369113395998524e-07,-4.265924937641118637e-07,-3.811890479588201450e-07,-3.402138093438666307e-07,-3.032831655593511700e-07,-2.700412525832250554e-07,-2.401583995751495759e-07,-2.133300240841916863e-07,-1.892749353380358755e-07,-1.677342935262109491e-07
-9.975986965428260611e-05,-9.770625841334984387e-05,-9.566172454033214085e-05,-9.362509515261357052e-05,-9.159526608297781478e-05,-8.957123147663714746e-05,-8.755210922985684008e-05,-8.553716231984001453e-05,-8.352581606645088962e-05,-8.151767145513162042e-05,-7.951251466457673756e-05,-7.751032298376497214e-05,-7.551126733782893299e-05,-7.351571165237814366e-05,-7.152420931639481209e-05,-6.953749700527259853e-05,-6.755648615696650567e-05,-6.558225235755862036e-05,-6.361602295546476779e-05,-6.165916315163124349e-05,-5.971316087275368550e-05,-5.777961067006994188e-05,-5.586019693464697920e-05,-5.395667663527995420e-05,-5.207086186032577728e-05,-5.020460233957234662e-05,-4.835976816884733409e-05,-4.653823292959892910e-05,-4.474185734624888986e-05,-4.297247364662489953e-05,-4.123187075282319712e-05,-3.952178042016915891e-05,-3.784386439194698665e-05,-3.619970269533927753e-05,-3.459078307631529116e-05,-3.301849166701349350e-05,-3.148410489345534341e-05,-2.998878263445854407e-05,-2.853356261139454442e-05,-2.711935605498823668e-05,-2.574694453961095451e-05,-2.441697803039118977e-05,-2.312997401626344188e-05,-2.188631775746418076e-05,-2.068626351015813642e-05,-1.952993672184062313e-05,-1.841733706822050643e-05,-1.734834231302162142e-05,-1.632271285234318815e-05,-1.534009693067932929e-05,-1.440003636250908095e-05,-1.350197275891750284e-05,-1.264525412168429567e-05,-1.182914177218595536e-05,-1.105281746670803560e-05,-1.031539071408161452e-05,-9.615906187884440691e-06,-8.953351093399193128e-06,-8.326662576203881701e-06,-7.734734988618961814e-06,-7.176427008122670857e-06,-6.650568573879052209e-06,-6.155967591131540699e-06,-5.691416326749304382e-06,-5.255697534909461056e-06,-4.847590240924051254e-06,-4.465875158835507134e-06,-4.109339746171675534e-06,-3.776782899579766844e-06,-3.467019209917491393e-06,-3.178882870045428577e-06,-2.911231199589625946e-06,-2.662947715554255932e-06,-2.432944895768914429e-06,-2.220166537126316745e-06,-2.023589754340831537e-06,-1.842226600749706586e-06,-1.675125477020908846e-06,-1.521372078742439298e-06,-1.380090143010334286e-06,-1.250441938928958617e-06,-1.131628394788378642e-06,-1.022889127785050920e-06,-9.235021960895200034e-07,-8.327836386585507903e-07,-7.500868935079290450e-07,-6.748020493708604608e-07,-6.063549682831238815e-07,-5.442062764637697207e-07,-4.878502465745385934e-07,-4.368137068825098125e-07,-3.906547407633495427e-07,-3.489614607698735644e-07,-3.113506031727019272e-07,-2.774663091128120438e-07,-2.469787582176690973e-07,-2.195826740265189309e-07,-1.949962411284170325e-07,-1.729594971969011830e-07,-1.532333210486402643e-07
-1.032570642908102964e-04,-1.008676750141981779e-04,-9.849635636874209271e-05,-9.614271355656285156e-05,-9.380633910649657499e-05,-9.148684244053200472e-05,-8.918387582609180251e-05,-8.689715672418994600e-05,-8.462648653781776461e-05,-8.237176584857032620e-05,-8.013300624485981320e-05,-7.791033888638843822e-05,-7.570401998366830382e-05,-7.351443338187373762e-05,-7.134209047158199030e-05,-6.918762764844969327e-05,-6.705180157889476433e-05,-6.493548249338881710e-05,-6.283964579171579738e-05,-6.076536217651126671e-05,-5.871378659170826389e-05,-5.668614618042678465e-05,-5.468372752586969215e-05,-5.270786335866936871e-05,-5.075991898760506225e-05,-4.884127861068419463e-05,-4.695333171049852878e-05,-4.509745970857146746e-05,-4.327502300839435176e-05,-4.148734857844086271e-05,-3.973571819261242141e-05,-3.802135743526126029e-05,-3.634542553355014742e-05,-3.470900613360386775e-05,-3.311309901835303259e-05,-3.155861285468361906e-05,-3.004635897850484695e-05,-2.857704622880636745e-05,-2.715127681417348965e-05,-2.576954325649643556e-05,-2.443222631277985920e-05,-2.313959391970003121e-05,-2.189180104715902564e-05,-2.068889048964303855e-05,-1.953079447197118956e-05,-1.841733706801581584e-05,-1.734823731611379933e-05,-1.632311301772457627e-05,-1.534148509719419928e-05,-1.440278251266847466e-05,-1.350634757171119814e-05,-1.265144165380259497e-05,-1.183725121768052544e-05,-1.106289406822277863e-05,-1.032742575046556406e-05,-9.629846089153581799e-06,-8.969105778904632690e-06,-8.344112902075445095e-06,-7.753739455562111876e-06,-7.196827723651667494e-06,-6.672196494432333694e-06,-6.178647091877794064e-06,-5.714969181432352968e-06,-5.279946281770898777e-06,-4.872361021038185185e-06,-4.491000074800967825e-06,-4.134658765875349061e-06,-3.802145331223352205e-06,-3.492284861761558468e-06,-3.203922842624000277e-06,-2.935928380642139230e-06,-2.687197087505784545e-06,-2.456653556771607416e-06,-2.243253567768801403e-06,-2.045985929772415348e-06,-1.863874008142055268e-06,-1.695976917128486385e-06,-1.541390529278521400e-06,-1.399248077875044219e-06,-1.268720587094111349e-06,-1.149017080775949569e-06,-1.039384473823743201e-06,-9.391073852277678345e-07,-8.475077112729864949e-07,-7.639440176145557653e-07,-6.878108317209571881e-07,-6.185377953464236380e-07,-5.555887105036832118e-07,-4.984604763925067670e-07,-4.466819383770336506e-07,-3.998127694630106725e-07,-3.574421725566447948e-07,-3.191876582741783870e-07,-2.846936690402211595e-07,-2.536303792799028584e-07,-2.256923700603635638e-07,-2.005971960067142473e-07,-1.780843285470120182e-07,-1.579136341590062056e-07,-1.398643939481776119e-07
-1.058087575481554319e-04,-1.031338687835401616e-04,-1.004850818392920276e-04,-9.786268746230503807e-05,-9.526689077015459734e-05,-9.269784072642106782e-05,-9.015565650787527778e-05,-8.764045073722886666e-05,-8.515234955244673507e-05,-8.269150956237235730e-05,-8.025813175465681612e-05,-7.785247246339712648e-05,-7.547485153720023896e-05,-7.312565785923104086e-05,-7.080535240640009273e-05,-6.851446903271756026e-05,-6.625361319998235884e-05,-6.402345884483390704e-05,-6.182474363361307112e-05,-5.965826279226159502e-05,-5.752486175918160587e-05,-5.542542784940808200e-05,-5.336088116794857538e-05,-5.133216493464674656e-05,-4.934023545463662818e-05,-4.738605187378021772e-05,-4.547056590555888076e-05,-4.359471168803945692e-05,-4.175939588871238080e-05,-3.996548819575330123e-05,-3.821381230427912669e-05,-3.650513749542309112e-05,-3.484017086684947637e-05,-3.321955032324687440e-05,-3.164383832537706875e-05,-3.011351648026218828e-05,-2.862898098232148847e-05,-2.719053891725378165e-05,-2.579840541612412626e-05,-2.445270170349653964e-05,-2.315345395068320612e-05,-2.190059297851272826e-05,-2.069395470838285213e-05,-1.953328139105338655e-05,-1.841822350294923343e-05,-1.734834231329904843e-05,-1.632311301815532302e-05,-1.534192843275105335e-05,-1.440410313508871221e-05,-1.350887805375570783e-05,-1.265542537155423718e-05,-1.184285374973952708e-05,-1.107021376511823412e-05,-1.033650354137939715e-05,-9.640674456949276984e-06,-8.981636949943324288e-06,-8.358266337002703147e-06,-7.769408538403361269e-06,-7.213885785452601125e-06,-6.690502166195547890e-06,-6.198049009913063402e-06,-5.735310087814971713e-06,-5.301066594924581037e-06,-4.894101854256337183e-06,-4.513205780748432856e-06,-4.157179050424197284e-06,-3.824836958893805067e-06,-3.515012975856464202e-06,-3.226562003155375987e-06,-2.958363271976123504e-06,-2.709322959808977031e-06,-2.478376499365233666e-06,-2.264490525813743621e-06,-2.066664582651315929e-06,-1.883932509742288805e-06,-1.715363551482747522e-06,-1.560063172510901819e-06,-1.417173716338438483e-06,-1.285874706334345699e-06,-1.165383000577971291e-06,-1.054952756806479126e-06,-9.538751215826470170e-07,-8.614778582889278825e-07,-7.771247693994974793e-07,-7.002149655958820196e-07,-6.301820548372599160e-07,-5.664932152807213845e-07,-5.086481818116194107e-07,-4.561781437016507396e-07,-4.086445726087900019e-07,-3.656380878137939246e-07,-3.267771693479033970e-07,-2.917069471430394058e-07,-2.600978594790848216e-07,-2.316444775249505908e-07,-2.060642238730628518e-07,-1.830960014335259588e-07,-1.624991662674492483e-07,-1.440520894087796657e-07,-1.275512101595606744e-07
-1.074947085316713200e-04,-1.045812895192298051e-04,-1.017010706277184708e-04,-9.885494175624911465e-05,-9.604364234540252400e-05,-9.326779069501688036e-05,-9.052791064195149008e-05,-8.782445553853634069e-05,-8.515782947228810803e-05,-8.252840574152838123e-05,-7.993654261848719947e-05,-7.738259647278372059e-05,-7.486693236065143718e-05,-7.238993219642789298e-05,-6.995200066033704358e-05,-6.755356899314492679e-05,-6.519509686904155781e-05,-6.287707250538713925e-05,-6.060001122987343156e-05,-5.836445266522685460e-05,-5.617095675240449420e-05,-5.402009877627667603e-05,-5.191246360758228982e-05,-4.984863930397715571e-05,-4.782921028289366979e-05,-4.585475018944130732e-05,-4.392581462965244838e-05,-4.204293391292446746e-05,-4.020660591064927807e-05,-3.841728915800545028e-05,-3.667539629949657286e-05,-3.498128796779571636e-05,-3.333526715102449274e-05,-3.173757415000793040e-05,-3.018838212514788935e-05,-2.868779331121599932e-05,-2.723583591137270266e-05,-2.583246168332184163e-05,-2.447754420910426342e-05,-2.317087789191062553e-05,-2.191217760077653957e-05,-2.070107900763005918e-05,-1.953713952731296811e-05,-1.841983989091859440e-05,-1.734858625464997297e-05,-1.632271285202131902e-05,-1.534148509705979548e-05,-1.440410313459990305e-05,-1.350970574444957046e-05,-1.265737459532548130e-05,-1.184613873664325363e-05,-1.107497933544481083e-05,-1.034283456382407456e-05,-9.648604624246001323e-06,-8.991156808515615649e-06,-8.369330612851732436e-06,-7.781942836490066096e-06,-7.227792570028680969e-06,-6.705666144692587527e-06,-6.214341915614886260e-06,-5.752594882199489445e-06,-5.319201127633336908e-06,-4.912942048886110034e-06,-4.532608325849649477e-06,-4.177003666097844533e-06,-3.844948278084232585e-06,-3.535282060308996763e-06,-3.246867514283624209e-06,-2.978592390191865118e-06,-2.729372008053748654e-06,-2.498151329202311718e-06,-2.283906753567059013e-06,-2.085647596354469160e-06,-1.902417352809713140e-06,-1.733294683633729589e-06,-1.577394155543738404e-06,-1.433866726711688672e-06,-1.301900099172428611e-06,-1.180718758381237296e-06,-1.069583890360638996e-06,-9.677931374029535411e-07,-8.746801155365553910e-07,-7.896138862424314198e-07,-7.119982530768151270e-07,-6.412709301966225087e-07,-5.769026482734027615e-07,-5.183961654727866281e-07,-4.652852098831733458e-07,-4.171333509547580212e-07,-3.735328173961973698e-07,-3.341033562474707390e-07,-2.984909639131248310e-07,-2.663666932225745202e-07,-2.374253502307672403e-07,-2.113843475987204446e-07,-1.879824692851589118e-07,-1.669785615238180901e-07,-1.481505380926214175e-07,-1.312940229871707215e-07,-1.162214391364518163e-07
-1.083925875395834069e-04,-1.052842955590221793e-04,-1.022154040597475033e-04,-9.918732175626083320e-05,-9.620124985752828565e-05,-9.325821115719254146e-05,-9.035907691460094292e-05,-8.750459143768922314e-05,-8.469539428084943953e-05,-8.193204004047171228e-05,-7.921501574831692292e-05,-7.654475590390681487e-05,-7.392165521872423335e-05,-7.134607915643861029e-05,-6.881837239240253608e-05,-6.633886531115861060e-05,-6.390787870364188206e-05,-6.152572679453558390e-05,-5.919271879148957068e-05,-5.690915909120695775e-05,-5.467534633812876337e-05,-5.249157147715646608e-05,-5.035811499174849224e-05,-4.827524345218307637e-05,-4.624320556681466672e-05,-4.426222784475252283e-05,-4.233251002530479321e-05,-4.045422040449808123e-05,-3.862749115585752948e-05,-3.685241376189462518e-05,-3.512903464968911897e-05,-3.345735111278718218e-05,-3.183730757158770590e-05,-3.026879226754522134e-05,-2.875163439217972807e-05,-2.728560172552542504e-05,-2.587039879701321570e-05,-2.450566558307781188e-05,-2.319097673700445134e-05,-2.192584139424658761e-05,-2.070970348343769595e-05,-1.954194258784238151e-05,-1.842187527903047325e-05,-1.734875695414925075e-05,-1.632178409066162235e-05,-1.534009693057815967e-05,-1.440278251272401969e-05,-1.350887805346982065e-05,-1.265737459547459298e-05,-1.184722092314486003e-05,-1.107732764794124147e-05,-1.034657147314299645e-05,-9.653799555420853384e-06,-8.997833956013369139e-06,-8.377476089567520358e-06,-7.791511194693451914e-06,-7.238712763297182002e-06,-6.717846847363336136e-06,-6.227676309868500186e-06,-5.766964908313760679e-06,-5.334481216163580661e-06,-4.929002368354147716e-06,-4.549317607796395442e-06,-4.194231588274988645e-06,-3.862567469128097350e-06,-3.553169761053138638e-06,-3.264906913517061789e-06,-2.996673652505080418e-06,-2.747393078535749433e-06,-2.516018474210397925e-06,-2.301534890618323510e-06,-2.102960491016567078e-06,-1.919347611725136867e-06,-1.749783638312597407e-06,-1.593391637672491550e-06,-1.449330777270932364e-06,-1.316796523257190992e-06,-1.195020727420019187e-06,-1.083271441874511038e-06,-9.808526327617546398e-07,-8.871037581435805775e-07,-8.013991414507068900e-07,-7.231473129335059092e-07,-6.517902034432796419e-07,-5.868022324801724796e-07,-5.276893490708073519e-07,-4.739879965292411220e-07,-4.252640244191630650e-07,-3.811115453084127385e-07,-3.411517521078064461e-07,-3.050317797910083025e-07,-2.724234603750351711e-07,-2.430221535106515368e-07,-2.165454849186219418e-07,-1.927322323498655852e-07,-1.713411381488116151e-07,-1.521496620739694689e-07,-1.349530212749203993e-07,-1.195629110243105517e-07,-1.058066301114777120e-07
-1.085776365250662445e-04,-1.053148392886818355e-04,-1.020967846675444203e-04,-9.892532578838583073e-05,-9.580205863160891507e-05,-9.272835082225915255e-05,-8.970536860626972990e-05,-8.673410189662531986e-05,-8.381538727807057089e-05,-8.094992892425328750e-05,-7.813831739901707914e-05,-7.538104635414709896e-05,-7.267852716657003808e-05,-7.003110156966699132e-05,-6.743905237353804488e-05,-6.490261236372680696e-05,-6.242197151259056714e-05,-5.999728260781405113e-05,-5.762866546298609166e-05,-5.531620982209994495e-05,-5.305997713022405211e-05,-5.086000129100244518e-05,-4.871628858145845886e-05,-4.662881683232203168e-05,-4.459753404822435803e-05,-4.262235656267628227e-05,-4.070316686934462910e-05,-3.883981124753968386e-05,-3.703209727020020931e-05,-3.527979130124514262e-05,-3.358261606917423625e-05,-3.194024839261453064e-05,-3.035231710746674673e-05,-2.881840128543469855e-05,-2.733802874646468960e-05,-2.591067493655476304e-05,-2.453576218571989768e-05,-2.321265936195327203e-05,-2.194068192060217299e-05,-2.071909239245383507e-05,-1.954710124963286849e-05,-1.842386819445128427e-05,-1.734850380344222609e-05,-1.632007155905057516e-05,-1.533759019373331434e-05,-1.440003636237771969e-05,-1.350634757172756282e-05,-1.265542537125942228e-05,-1.184613873675032707e-05,-1.107732764791470562e-05,-1.034780677691511689e-05,-9.656369299504056716e-06,-9.001790757076566035e-06,-8.382832967236095471e-06,-7.798247902147368120e-06,-7.246781560046189380e-06,-6.727177775678677631e-06,-6.238181899539357896e-06,-5.778544408401391943e-06,-5.347024349471576202e-06,-4.942392625347799491e-06,-4.563435109519112180e-06,-4.208955574235004900e-06,-3.877778392163022425e-06,-3.568751046030861764e-06,-3.280746411386056544e-06,-3.012664805476325264e-06,-2.763435811660575663e-06,-2.532019890032456617e-06,-2.317409729301980024e-06,-2.118631404081885134e-06,-1.934745318582600425e-06,-1.764846902226557718e-06,-1.608067145587539791e-06,-1.463572924373017099e-06,-1.330567139766881112e-06,-1.208288668471466917e-06,-1.096012221404693008e-06,-9.930479667861865425e-07,-8.987410714992041418e-07,-8.124711296569143256e-07,-7.336514170397301995e-07,-6.617281257215130519e-07,-5.961794754967387499e-07,-5.365147394534913448e-07,-4.822732359791277607e-07,-4.330232612658791087e-07,-3.883609828566895266e-07,-3.479092918429898659e-07,-3.113166279612923495e-07,-2.782558516019557057e-07,-2.484230278625701975e-07,-2.215362854166358471e-07,-1.973345992076137454e-07,-1.755767120439580176e-07,-1.560399962507925839e-07,-1.385192677854046169e-07,-1.228258626738323052e-07,-1.087864329546972249e-07,-9.624210960853207454e-08
-1.081223751683189297e-04,-1.047421958772116617e-04,-1.014112866534399665e-04,-9.813187641719226385e-05,-9.490589430730312541e-05,-9.173499810142118698e-05,-8.862060118063836756e-05,-8.556389790002828961e-05,-8.256588723211654443e-05,-7.962739461147088867e-05,-7.674909192662852030e-05,-7.393151564557924865e-05,-7.117508309078656586e-05,-6.848010689156438808e-05,-6.584680768262753201e-05,-6.327532511167096251e-05,-6.076572726483662860e-05,-5.831801859080025849e-05,-5.593214646365145460e-05,-5.360800647521884511e-05,-5.134544660732946438e-05,-4.914427038560418795e-05,-4.700423916594815362e-05,-4.492507364678518416e-05,-4.290645476424886733e-05,-4.094802405294822666e-05,-3.904938360105979645e-05,-3.721009570632072819e-05,-3.542968231313771432e-05,-3.370762432896005928e-05,-3.204336090090389316e-05,-3.043628872250879643e-05,-2.888576141811842460e-05,-2.739108908968717487e-05,-2.595153803018828583e-05,-2.456633067230648367e-05,-2.323464578902167922e-05,-2.195561896355672149e-05,-2.072834333184264021e-05,-1.955187064098991233e-05,-1.842521257122780546e-05,-1.734734236689810868e-05,-1.631719671845513746e-05,-1.533367792904399417e-05,-1.439565630051578161e-05,-1.350197275831972289e-05,-1.265144165337933938e-05,-1.184285374906583265e-05,-1.107497933517262865e-05,-1.034657147277959899e-05,-9.656369299193185460e-06,-9.003101406670012858e-06,-8.385489233132416474e-06,-7.802250466725246892e-06,-7.252102393677169900e-06,-6.733765215894796644e-06,-6.245965291905167766e-06,-5.787438241050550052e-06,-5.356931969521393395e-06,-4.953209532984905054e-06,-4.575051844574415235e-06,-4.221260221086516100e-06,-3.890658753491748004e-06,-3.582096468530522861e-06,-3.294449314328695915e-06,-3.026621940283783489e-06,-2.777549266373766282e-06,-2.546197851774898572e-06,-2.331567073986973520e-06,-2.132690078670837534e-06,-1.948634559474012733e-06,-1.778503351129330050e-06,-1.621434806211327201e-06,-1.476603035152182252e-06,-1.343217963537981703e-06,-1.220525232270802839e-06,-1.107805935312583364e-06,-1.004376283936368150e-06,-9.095870683834575716e-07,-8.228230550341856904e-07,-7.435022913482011689e-07,-6.710752637895037069e-07,-6.050240466653315819e-07,-5.448613495195525859e-07,-4.901294962666265234e-07,-4.403993826706895098e-07,-3.952693889260017977e-07,-3.543642653681323949e-07,-3.173339889425254936e-07,-2.838526032401429030e-07,-2.536171073621422710e-07,-2.263462733316985174e-07,-2.017795371918368811e-07,-1.796758279792272963e-07,-1.598125273870004675e-07,-1.419843812726291628e-07,-1.260023742462904192e-07,-1.116928438509809737e-07,-9.889634883355258271e-08,-8.746687011117043056e-08
-1.070963501065883797e-04,-1.036327328620102267e-04,-1.002221449575015858e-04,-9.686712809910080454e-05,-9.356988816379885245e-05,-9.033232317891097540e-05,-8.715605017112565346e-05,-8.404243072657480173e-05,-8.099259511016329658e-05,-7.800746484966341449e-05,-7.508777370817063261e-05,-7.223408700780372597e-05,-6.944681929633200247e-05,-6.672625036037797537e-05,-6.407253963034871265e-05,-6.148573901582910764e-05,-5.896580425711467739e-05,-5.651260485200615814e-05,-5.412593267530186610e-05,-5.180550936232271580e-05,-4.955099258688869723e-05,-4.736198131796319141e-05,-4.523802018830493560e-05,-4.317860305434909160e-05,-4.118317588869084816e-05,-3.925113907663498167e-05,-3.738184923379855840e-05,-3.557462064098543833e-05,-3.382872636922597276e-05,-3.214339918518287475e-05,-3.051783231255051103e-05,-2.895118011413093728e-05,-2.744255874019807303e-05,-2.599104682344905448e-05,-2.459568622641019312e-05,-2.325548290751505563e-05,-2.196940792424999123e-05,-2.073639859248547034e-05,-1.955535980866690874e-05,-1.842516557860502004e-05,-1.734466070814702238e-05,-1.631266270175020842e-05,-1.532796381990180271e-05,-1.438933333000498311e-05,-1.349551989492310091e-05,-1.264525412179105571e-05,-1.183725121789524660e-05,-1.107021376505404258e-05,-1.034283456408243824e-05,-9.653799555554374575e-06,-9.001790757219284311e-06,-8.385489233523699956e-06,-7.803578044434781693e-06,-7.254745179133865786e-06,-6.737686413275797780e-06,-6.251108117053753421e-06,-5.793729974724849078e-06,-5.364287564466204212e-06,-4.961534853493034970e-06,-4.584246534322787857e-06,-4.231220212261256600e-06,-3.901278439639577274e-06,-3.593270586623879784e-06,-3.306074520117987344e-06,-3.038598122376433487e-06,-2.789780624091453695e-06,-2.558593748921834990e-06,-2.344042679653843626e-06,-2.145166857506021471e-06,-1.961040579383809129e-06,-1.790773447782780202e-06,-1.633510658635336569e-06,-1.488433101740346309e-06,-1.354757345369614149e-06,-1.231735464646079357e-06,-1.118654736764402239e-06,-1.014837198913583321e-06,-9.196391487136021511e-07,-8.324504717025256134e-07,-7.526939196837087697e-07,-6.798243151430694146e-07,-6.133276328153051972e-07,-5.527200815312090017e-07,-4.975471038803386845e-07,-4.473823231144679093e-07,-4.018264787590004172e-07,-3.605063300875213385e-07,-3.230735432242431665e-07,-2.892035595132473475e-07,-2.585944566320677965e-07,-2.309658598944050877e-07,-2.060577965387914431e-07,-1.836296222803083113e-07,-1.634588980428611198e-07,-1.453403895597938953e-07,-1.290850291039283686e-07,-1.145188494860952176e-07,-1.014821368441448284e-07,-8.982836833339403442e-08,-7.942345131587915707e-08
-1.055659271119570259e-04,-1.020497203269710699e-04,-9.858958262989463454e-05,-9.518831092222283417e-05,-9.184833638555411504e-05,-8.857175195297322539e-05,-8.536033894280509291e-05,-8.221559267894498226e-05,-7.913874692993782254e-05,-7.613079705254004908e-05,-7.319252174352934809e-05,-7.032450334197964102e-05,-6.752714665203378430e-05,-6.480069626824881582e-05,-6.214525242731269044e-05,-5.956078540320112666e-05,-5.704714851037590359e-05,-5.460408975463114400e-05,-5.223126222824704624e-05,-4.992823330330242482e-05,-4.769449273513456906e-05,-4.552945974438592317e-05,-4.343248919460132481e-05,-4.140287693204579929e-05,-3.943986441451326197e-05,-3.754264269050399983e-05,-3.571035583493072996e-05,-3.394210392812297192e-05,-3.223694564438311938e-05,-3.059390053304713610e-05,-2.901195106278454049e-05,-2.749004448916239415e-05,-2.602709458942520035e-05,-2.462198334068694037e-05,-2.327356254908567889e-05,-2.198065549389171278e-05,-2.074205860667117449e-05,-1.955654320622634849e-05,-1.842285729925471259e-05,-1.733972749072087391e-05,-1.630586096648553463e-05,-1.531994759459200670e-05,-1.438066210442343344e-05,-1.348666637930586793e-05,-1.263661181532440646e-05,-1.182914177176083969e-05,-1.106289406793993231e-05,-1.033650354088034906e-05,-9.648604624078918992e-06,-8.997833955766604725e-06,-8.382832967029056902e-06,-7.802250466774422237e-06,-7.254745178851946963e-06,-6.738988240113720833e-06,-6.253665606455149670e-06,-5.797480394653948190e-06,-5.369155126959817335e-06,-4.967433835288831558e-06,-4.591084076531050922e-06,-4.238898794795052916e-06,-3.909698041725729369e-06,-3.602330552722521309e-06,-3.315675172088232045e-06,-3.048642102830021100e-06,-2.800174011373630208e-06,-2.569246965921387944e-06,-2.354871206943894179e-06,-2.156091760151297195e-06,-1.971988903596830859e-06,-1.801678457816526776e-06,-1.644311949410343961e-06,-1.499076635127873411e-06,-1.365195364803358433e-06,-1.241926347457497835e-06,-1.128562785084060059e-06,-1.024432394881291907e-06,-9.288968167301928028e-07,-8.413509774605125934e-07,-7.612223086962158103e-07,-6.879699291477194683e-07,-6.210837691829194786e-07,-5.600835940027345771e-07,-5.045180352087691498e-07,-4.539635571661911023e-07,-4.080233841925923861e-07,-3.663264254020580857e-07,-3.285261784995891349e-07,-2.942996262532428415e-07,-2.633461232947454467e-07,-2.353862834955894567e-07,-2.101609183909326170e-07,-1.874299311660235855e-07,-1.669712812281353081e-07,-1.485799096871316144e-07,-1.320667802573303134e-07,-1.172578912179859988e-07,-1.039932675499572235e-07,-9.212615282667189915e-08,-8.152201340702310220e-08,-7.205781575522954413e-08
-1.035941236575794132e-04,-1.000531792059814064e-04,-9.657067413066739098e-05,-9.314960814395779822e-05,-8.979259106716311963e-05,-8.650186973059176287e-05,-8.327935429767186208e-05,-8.012664382306740752e-05,-7.704505086350006248e-05,-7.403562501001927640e-05,-7.109917522833455994e-05,-6.823629093133524494e-05,-6.544736173473327120e-05,-6.273259585883633380e-05,-6.009203718113664849e-05,-5.752558093748934623e-05,-5.503298811744876206e-05,-5.261389857587606665e-05,-5.026784293860023272e-05,-4.799425334026066368e-05,-4.579247308947803153e-05,-4.366176531555316650e-05,-4.160132069866286048e-05,-3.961026433888414406e-05,-3.768766187738691671e-05,-3.583252492208773563e-05,-3.404381587397201894e-05,-3.232045223224470307e-05,-3.066131043854041020e-05,-2.906522933652798581e-05,-2.753101331316313075e-05,-2.605743517742159602e-05,-2.464323881897520662e-05,-2.328714171923949562e-05,-2.198783732397297295e-05,-2.074399733937085021e-05,-1.955427397334266596e-05,-1.841730214420847343e-05,-1.733170166974709283e-05,-1.629607948080233568e-05,-1.530903182869169910e-05,-1.436914653310453606e-05,-1.347500523726296730e-05,-1.262518570675087552e-05,-1.181826413261542863e-05,-1.105281746657893084e-05,-1.032742575044590612e-05,-9.640674456711626644e-06,-8.991156808563298522e-06,-8.377476089526066566e-06,-7.798247902126561603e-06,-7.252102393876019355e-06,-6.737686413158856412e-06,-6.253665606583074515e-06,-5.798726412337105295e-06,-5.371577977738589438e-06,-4.970953973537805080e-06,-4.595614268916811706e-06,-4.244346515480027576e-06,-3.915967584918006271e-06,-3.609324872314536706e-06,-3.323297464878389814e-06,-3.056797171881186702e-06,-2.808769395229285201e-06,-2.578193869549848300e-06,-2.364085253997729136e-06,-2.165493575536222196e-06,-1.981504534067670876e-06,-1.811239681062147197e-06,-1.653856444233516322e-06,-1.508548044647039830e-06,-1.374543294875659547e-06,-1.251106259767996217e-06,-1.137535837540957162e-06,-1.033165230057602463e-06,-9.373613209310158351e-07,-8.495239590261500918e-07,-7.690852114027794184e-07,-6.955084934958818318e-07,-6.282876756981737425e-07,-5.669461465038672103e-07,-5.110357932314786340e-07,-4.601359980924680237e-07,-4.138525839533315748e-07,-3.718167327631196240e-07,-3.336839092947941996e-07,-2.991327734046369626e-07,-2.678640927087002761e-07,-2.395996533404504010e-07,-2.140811779037868049e-07,-1.910692948839656579e-07,-1.703424745215415351e-07,-1.516960333766747819e-07,-1.349411091103099102e-07,-1.199037435973459849e-07,-1.064239448098610479e-07,-9.435473564007189982e-08,-8.356138505725411665e-08,-7.392047589007237748e-08,-6.531921994225827495e-08
-1.012404821772177628e-04,-9.769976794272250225e-05,-9.421924472047503169e-05,-9.080206762879206809e-05,-8.745098300477413544e-05,-8.416835467416347658e-05,-8.095618987776459594e-05,-7.781616465264141710e-05,-7.474964847580354438e-05,-7.175772802477616333e-05,-6.884122992706789119e-05,-6.600074240702704070e-05,-6.323663576437213972e-05,-6.054908163072823135e-05,-5.793807099190299604e-05,-5.540343095664599786e-05,-5.294484030039701375e-05,-5.056184379058023954e-05,-4.825386535417589662e-05,-4.602022011165592206e-05,-4.386012535711493725e-05,-4.177271052601552541e-05,-3.975702623884348763e-05,-3.781205246580735695e-05,-3.593670591360506605e-05,-3.412984667839503571e-05,-3.239028425204610207e-05,-3.071678295198798777e-05,-2.910806682943246356e-05,-2.756282412625090666e-05,-2.607971134264054516e-05,-2.465735696762535838e-05,-2.329436491349076602e-05,-2.198931772309282943e-05,-2.074077956076426352e-05,-1.954729904684040931e-05,-1.840741195893391704e-05,-1.731964382358210517e-05,-1.628251241389795867e-05,-1.529453019756463387e-05,-1.435420671055880428e-05,-1.346005090345599043e-05,-1.261057343396103055e-05,-1.180428894275156526e-05,-1.103971828036242653e-05,-1.031539071501325929e-05,-9.629846090098262399e-06,-8.981636950607391342e-06,-8.369330613701750327e-06,-7.791511195393568690e-06,-7.246781560701439669e-06,-6.733765216691865659e-06,-6.251108117508499999e-06,-5.797480395282103589e-06,-5.371577978204488053e-06,-4.972124124120002606e-06,-4.597870847176600731e-06,-4.247600207744673470e-06,-3.920125510879678824e-06,-3.614292365883729382e-06,-3.328979619567002680e-06,-3.063100164635681827e-06,-2.815601621329809686e-06,-2.585466874998756419e-06,-2.371714497101498748e-06,-2.173399034874059555e-06,-1.989611170453618802e-06,-1.819477759759390456e-06,-1.662161762653356682e-06,-1.516862040168786753e-06,-1.382813061431269120e-06,-1.259284510253180145e-06,-1.145580775752909082e-06,-1.041040378723204570e-06,-9.450353064353599164e-07,-8.569702725798558436e-07,-7.762819005382433512e-07,-7.024378872409225806e-07,-6.349360652813658290e-07,-5.733034518814915215e-07,-5.170952669325439652e-07,-4.658938853229828833e-07,-4.193078105043790139e-07,-3.769706107547102298e-07,-3.385398383599036713e-07,-3.036959605991928098e-07,-2.721412874417658616e-07,-2.435989062173262471e-07,-2.178116209410658498e-07,-1.945409043678672996e-07,-1.735659015162387802e-07,-1.546824090512052159e-07,-1.377019212796513181e-07,-1.224506543954900374e-07,-1.087686723107688055e-07,-9.650899787708972264e-08,-8.553671679085286072e-08,-7.572824789138560163e-08,-6.697047163582497553e-08,-5.916008246590392271e-08
-9.856098150687865275e-05,-9.504270509709578411e-05,-9.158580363221639439e-05,-8.819354497399160765e-05,-8.486877415748707255e-05,-8.161393897724412245e-05,-7.843111543487904416e-05,-7.532203283715699273e-05,-7.228809834356535679e-05,-6.933042080592888203e-05,-6.644983375988521598e-05,-6.364691746341076518e-05,-6.092201990235462987e-05,-5.827527669490946394e-05,-5.570662986786372925e-05,-5.321584547050266115e-05,-5.080253003948365033e-05,-4.846614590752946653e-05,-4.620602540136649377e-05,-4.402138394054845279e-05,-4.191133210313839142e-05,-3.987488668826885419e-05,-3.791098085145522701e-05,-3.601847334867311703e-05,-3.419615697895631891e-05,-3.244276626236119207e-05,-3.075698443200120268e-05,-2.913744980334818924e-05,-2.758276157061582994e-05,-2.609148509497684701e-05,-2.466215674293998630e-05,-2.329328832349821665e-05,-2.198337116387471312e-05,-2.073087988955253506e-05,-1.953427592073833766e-05,-1.839201074345268993e-05,-1.730252897964510212e-05,-1.626427128119727289e-05,-1.527567706583961743e-05,-1.433518713935150133e-05,-1.344124618501901280e-05,-1.259230516723171382e-05,-1.178682362906378202e-05,-1.102327192144715556e-05,-1.030013333810254211e-05,-9.615906187840323827e-06,-8.969105778947689068e-06,-8.358266336858238290e-06,-7.781942836579170574e-06,-7.238712763308895621e-06,-6.727177775703704066e-06,-6.245965292109518699e-06,-5.793729974662991956e-06,-5.369155127098084452e-06,-4.970953973567180183e-06,-4.597870846818012720e-06,-4.248682267668194457e-06,-3.922197891506150872e-06,-3.617261364252346472e-06,-3.332751047314861702e-06,-3.067580624589820471e-06,-2.820699594303133566e-06,-2.591093645793194882e-06,-2.377784906779659109e-06,-2.179832087212224428e-06,-1.996330507583034876e-06,-1.826412013330818727e-06,-1.669244785473013456e-06,-1.524033058764590805e-06,-1.390016726045397721e-06,-1.266470867891745017e-06,-1.152705198748729269e-06,-1.048063416303798352e-06,-9.519225004021232069e-07,-8.636919375572855932e-07,-7.828128859853790400e-07,-7.087572798552549154e-07,-6.410269238708170222e-07,-5.791525047096439637e-07,-5.226925983761287173e-07,-4.712326575267802934e-07,-4.243839477254409606e-07,-3.817825098595575640e-07,-3.430880965389174721e-07,-3.079831002281635225e-07,-2.761714986172671590e-07,-2.473778036575785770e-07,-2.213460230655913525e-07,-1.978386319952939816e-07,-1.766355620035416237e-07,-1.575332411462267512e-07,-1.403436179826054306e-07,-1.248932499639463460e-07,-1.110223769627244532e-07,-9.858408997168881058e-08,-8.744349083862185873e-08,-7.747684952350938244e-08,-6.857091316178799241e-08,-6.062209236227658845e-08,-5.353585010059799594e-08
-9.560798124871733848e-05,-9.213172290769646203e-05,-8.871750629294722097e-05,-8.536867384322798804e-05,-8.208813554024507449e-05,-7.887839376324607549e-05,-7.574156818411342514e-05,-7.267942048512619649e-05,-6.969337869188799964e-05,-6.678456095443652317e-05,-6.395379862641756340e-05,-6.120165852640754335e-05,-5.852846428920193940e-05,-5.593431672673740385e-05,-5.341911315856159338e-05,-5.098256566486829300e-05,-4.862421826203651030e-05,-4.634346298154362625e-05,-4.413955488403239759e-05,-4.201162600923295104e-05,-3.995869831523605272e-05,-3.797969562703987434e-05,-3.607345465900684597e-05,-3.423873513912355942e-05,-3.247422911454264682e-05,-3.077856946876088648e-05,-2.915033772147576164e-05,-2.758807116784799633e-05,-2.609026940248998025e-05,-2.465540028786108201e-05,-2.328190542186889814e-05,-2.196820515015645572e-05,-2.071270316169261021e-05,-1.951379073029040978e-05,-1.836985061549888820e-05,-1.727926067928645053e-05,-1.624039724400044737e-05,-1.525163821753807328e-05,-1.431136600584069728e-05,-1.341797025699186690e-05,-1.256985042294210527e-05,-1.176541818562058233e-05,-1.100309973284163738e-05,-1.028133792196074029e-05,-9.598594311230227048e-06,-8.953351091835707527e-06,-8.344112900719823073e-06,-7.769408536994403276e-06,-7.227792568941801325e-06,-6.717846846306953913e-06,-6.238181898587752802e-06,-5.787438240347688889e-06,-5.364287563599254132e-06,-4.967433834676105712e-06,-4.595614268271343801e-06,-4.247600206807633108e-06,-3.922197890950568410e-06,-3.618249101836204119e-06,-3.334631714768664896e-06,-3.070260130090022304e-06,-2.824085594561875742e-06,-2.595096417179822517e-06,-2.382318081170960353e-06,-2.184813240216038706e-06,-2.001681623605848547e-06,-1.832059840505012700e-06,-1.675121085617802961e-06,-1.530074756156213928e-06,-1.396165991104793914e-06,-1.272675113990960301e-06,-1.158917015006893606e-06,-1.054240464706575441e-06,-9.580273481142771041e-07,-8.696918606382766199e-07,-7.886796448027111255e-07,-7.144668811093510333e-07,-6.465593321148790018e-07,-5.844913852952278904e-07,-5.278250291545613866e-07,-4.761488330426700132e-07,-4.290769163663388490e-07,-3.862478794974773159e-07,-3.473237648847051194e-07,-3.119890018776176715e-07,-2.799493508026349080e-07,-2.509308687610583187e-07,-2.246788849341264622e-07,-2.009569928975573127e-07,-1.795460576716012869e-07,-1.602432437649213308e-07,-1.428610937042961872e-07,-1.272265973197575835e-07,-1.131803230659564096e-07,-1.005755403547975764e-07,-8.927743095955524984e-08,-7.916229623181861682e-08,-7.011676587783965432e-08,-6.203714519405110385e-08,-5.482865635620593210e-08,-4.840486296293486559e-08
-9.243020216340900013e-05,-8.901305468377794213e-05,-8.565814825097268115e-05,-8.236886595818326113e-05,-7.914815280655042133e-05,-7.599853978629343525e-05,-7.292216815336197990e-05,-6.992081367904061687e-05,-6.699591066047358900e-05,-6.414857551775680639e-05,-6.137962981964859260e-05,-5.868962261292414166e-05,-5.607885195310061724e-05,-5.354738554594424475e-05,-5.109508044858274340e-05,-4.872160177229721160e-05,-4.642644037523080072e-05,-4.420892951554730352e-05,-4.206826048473765925e-05,-4.000349721224514784e-05,-3.801358988373922977e-05,-3.609738758407586031e-05,-3.425365001945850530e-05,-3.248105833950972615e-05,-3.077822512938355550e-05,-2.914370359651738813e-05,-2.757599601606544078e-05,-2.607356148587314237e-05,-2.463482303223307269e-05,-2.325817412145283141e-05,-2.194198462875138162e-05,-2.068460630709686524e-05,-1.948437779343328824e-05,-1.833962921202222891e-05,-1.724868638949268962e-05,-1.620987473627584841e-05,-1.522152282080411470e-05,-1.428196566330234531e-05,-1.338954777106593648e-05,-1.254262595928308416e-05,-1.173957194795353908e-05,-1.097877478138575545e-05,-1.025864306063430936e-05,-9.577607027003012658e-06,-8.934120481728461685e-06,-8.326662575869439212e-06,-7.753739455325152715e-06,-7.213885785081314397e-06,-6.705666144536082944e-06,-6.227676309667711873e-06,-5.778544408229213015e-06,-5.356931969514241896e-06,-4.961534853279988396e-06,-4.591084076497271248e-06,-4.244346515368987486e-06,-3.920125510460504241e-06,-3.617261364139459850e-06,-3.334631715123355708e-06,-3.071151827364910454e-06,-2.825774764412463171e-06,-2.597491462731870623e-06,-2.385330708819092149e-06,-2.188359023215202053e-06,-2.005680441638159925e-06,-1.836436216574727508e-06,-1.679804431481382032e-06,-1.534999530406970436e-06,-1.401271772643206244e-06,-1.277906623029973602e-06,-1.164224061378954222e-06,-1.059577843819923419e-06,-9.633547092096346088e-07,-8.749735212229706964e-07,-7.938843830862503242e-07,-7.195677065640142725e-07,-6.515332470403994855e-07,-5.893191040853432988e-07,-5.324907280762715245e-07,-4.806398744366126758e-07,-4.333835682184069750e-07,-3.903630661608087426e-07,-3.512427915128677824e-07,-3.157093023059478458e-07,-2.834702516670534747e-07,-2.542533537340162300e-07,-2.278053749262505133e-07,-2.038911395681383600e-07,-1.822925562146540115e-07,-1.628076624355490556e-07,-1.452496935298589770e-07,-1.294462008170173462e-07,-1.152381664614043460e-07,-1.024791778930034180e-07,-9.103459820205652506e-08,-8.078081981298250640e-08,-7.160451797755091060e-08,-6.340190915737585128e-08,-5.607813565397568349e-08,-4.954655910423209124e-08,-4.372821967095635041e-08
-8.907273491684015608e-05,-8.572944877969240914e-05,-8.244818397125410468e-05,-7.923233430462497419e-05,-7.608485345428754620e-05,-7.300827822800782878e-05,-7.000475216701815273e-05,-6.707604924911878680e-05,-6.422359747996380427e-05,-6.144850219280196309e-05,-5.875156889283108445e-05,-5.613332551403468523e-05,-5.359404397803857955e-05,-5.113376095600484603e-05,-4.875229777302094564e-05,-4.644927938788306996e-05,-4.422415242639393727e-05,-4.207620222989844440e-05,-4.000456892813869546e-05,-3.800826251938793437e-05,-3.608617699025243693e-05,-3.423710347842934119e-05,-3.245974252385454490e-05,-3.075271542263617824e-05,-2.911457474542304729e-05,-2.754381403972984025e-05,-2.603887677387189270e-05,-2.459816456805424953e-05,-2.322004475015197332e-05,-2.190285728694160526e-05,-2.064492113923444943e-05,-1.944454008088684481e-05,-1.830000801798723880e-05,-1.720961386518356321e-05,-1.617164599473722028e-05,-1.518439631125196404e-05,-1.424616397915961569e-05,-1.335525883049650679e-05,-1.251000447635254381e-05,-1.170874116568725834e-05,-1.094982838609656178e-05,-1.023164725257574724e-05,-9.552602679019255499e-06,-8.911125370577380460e-06,-8.305673626565002941e-06,-7.734734988687093756e-06,-7.196827723779398368e-06,-6.690502166173182832e-06,-6.214341915762607959e-06,-5.766964908398026058e-06,-5.347024349559999665e-06,-4.953209533203237960e-06,-4.584246534335102869e-06,-4.238898794952897506e-06,-3.915967584989768596e-06,-3.614292365661379845e-06,-3.332751047356656425e-06,-3.070260130543182390e-06,-2.825774764533036193e-06,-2.598288700019514637e-06,-2.386834148894547636e-06,-2.190481556892627928e-06,-2.008339293279482782e-06,-1.839553249683289049e-06,-1.683306370070729439e-06,-1.538818105713992360e-06,-1.405343798351852797e-06,-1.282174000811057238e-06,-1.168633745298935327e-06,-1.064081744824521098e-06,-9.679095577276079959e-07,-8.795407092569969736e-07,-7.984297623451758988e-07,-7.240613705374896600e-07,-6.559492969663530306e-07,-5.936354098760990247e-07,-5.366886543203409897e-07,-4.847040360974635503e-07,-4.373015658426297433e-07,-3.941252190473390476e-07,-3.548419004240843330e-07,-3.191403905682935912e-07,-2.867303286000205102e-07,-2.573411939148916021e-07,-2.307212988407346626e-07,-2.066368095244886984e-07,-1.848707851300167805e-07,-1.652222406770471651e-07,-1.475052313133195920e-07,-1.315479627797859979e-07,-1.171919503179016150e-07,-1.042911789402564152e-07,-9.271132079079579441e-08,-8.232895263619192154e-08,-7.303085113956435092e-08,-6.471329127817443627e-08,-5.728135235905581207e-08,-5.064833911022860960e-08,-4.473512465289033194e-08,-3.946964323238406885e-08
-8.557707720468121695e-05,-8.232020913601927775e-05,-7.912477044941482076e-05,-7.599413947432547196e-05,-7.293125555173568053e-05,-6.993864146725232902e-05,-6.701842632472533340e-05,-6.417236863400577532e-05,-6.140187939706705158e-05,-5.870804500920406068e-05,-5.609164980735364562e-05,-5.355319812799693287e-05,-5.109293575774881272e-05,-4.871087067097776518e-05,-4.640679298614685589e-05,-4.418029406623685644e-05,-4.203078473273409135e-05,-3.995751254750604857e-05,-3.795957816240421692e-05,-3.603595071255942138e-05,-3.418548227696757377e-05,-3.240692140295206591e-05,-3.069892573183123532e-05,-2.906007373467341622e-05,-2.748887561211768886e-05,-2.598378337332654293e-05,-2.454320014590085841e-05,-2.316548875749376615e-05,-2.184897962329684760e-05,-2.059197798623211152e-05,-1.939277055542759756e-05,-1.824963158051330571e-05,-1.716082839689794150e-05,-1.612462649634415217e-05,-1.513929413926135208e-05,-1.420310655993841190e-05,-1.331434979230748306e-05,-1.247132414429362550e-05,-1.167234734533271554e-05,-1.091575741024977820e-05,-1.019991521763782088e-05,-9.523206848192513650e-06,-8.884045681580254828e-06,-8.280874289783463974e-06,-7.712166120650835088e-06,-7.176427006872629798e-06,-6.672196493347961268e-06,-6.198049008794317532e-06,-5.752594881329960997e-06,-5.334481215323849138e-06,-4.942392624591989451e-06,-4.575051844010413265e-06,-4.231220211577780633e-06,-3.909698041236527185e-06,-3.609324871804370456e-06,-3.328979618842735300e-06,-3.067580624152801022e-06,-2.824085594541361451e-06,-2.597491462450695495e-06,-2.386834148540234601e-06,-2.191188239645628934e-06,-2.009666588210118308e-06,-1.841419838288356302e-06,-1.685635871846159870e-06,-1.541539196048736443e-06,-1.408390266834111022e-06,-1.285484752256067351e-06,-1.172152744488283444e-06,-1.067757930248514420e-06,-9.716967068613203429e-07,-8.833972713194004902e-07,-8.023186769852667277e-07,-7.279498513848959459e-07,-6.598086044438402833e-07,-5.974406130537311463e-07,-5.404183912647019827e-07,-4.883402458969669484e-07,-4.408292495843781811e-07,-3.975321848536103383e-07,-3.581185087627558366e-07,-3.222793276608659500e-07,-2.897263623966174330e-07,-2.601909513964873988e-07,-2.334230587924034088e-07,-2.091902978246830312e-07,-1.872769846770290787e-07,-1.674832137933602513e-07,-1.496239591085896243e-07,-1.335281990265850127e-07,-1.190380692631372130e-07,-1.060080628072086794e-07,-9.430423523780825937e-08,-8.380346458089796304e-08,-7.439271474243757808e-08,-6.596837151180612701e-08,-5.843558443321617318e-08,-5.170761844003601775e-08,-4.570531034481775331e-08,-4.035645862131125445e-08,-3.559534848676578752e-08
-8.198119618117988945e-05,-7.882125947272655849e-05,-7.572183288393307516e-05,-7.268625653177892111e-05,-6.971743551712842051e-05,-6.681786149556810076e-05,-6.398963478221772971e-05,-6.123448676468500008e-05,-5.855380240885490301e-05,-5.594864267231707043e-05,-5.341976665497867550e-05,-5.096765334551216057e-05,-4.859252284191909041e-05,-4.629435693545349835e-05,-4.407291898330473136e-05,-4.192777298936971087e-05,-3.985830185532050762e-05,-3.786372475019948378e-05,-3.594311359040575608e-05,-3.409540860017129418e-05,-3.231943296839954994e-05,-3.061390659271917699e-05,-2.897745894087947822e-05,-2.740864103359464733e-05,-2.590593659589625095e-05,-2.446777238817182822e-05,-2.309252776342162378e-05,-2.177854348712587231e-05,-2.052412985083964365e-05,-1.932757412273525358e-05,-1.818714737796880423e-05,-1.710111074414339300e-05,-1.606772109589008540e-05,-1.508523625033672778e-05,-1.415191968055895811e-05,-1.326604479650077095e-05,-1.242589882127933936e-05,-1.162978629126620927e-05,-1.087603220545567616e-05,-1.016298486667317847e-05,-9.489018415872241182e-06,-8.852535104237144469e-06,-8.251967304999980755e-06,-7.685779302576088972e-06,-7.152468856267664339e-06,-6.650568573948860429e-06,-6.178647091996187247e-06,-5.735310087807398391e-06,-5.319201127765177586e-06,-4.929002368433246194e-06,-4.563435109600613691e-06,-4.221260221274321939e-06,-3.901278439656500145e-06,-3.602330552858354901e-06,-3.323297464942766013e-06,-3.063100164458196661e-06,-2.820699594341622743e-06,-2.595096417554953928e-06,-2.385330708921879174e-06,-2.190481556894977597e-06,-2.009666588502281147e-06,-1.842041423970944467e-06,-1.686799066813669898e-06,-1.543169224497681048e-06,-1.410417579115676754e-06,-1.287845004588204418e-06,-1.174786734070414601e-06,-1.070611486054920471e-06,-9.747205584526827775e-07,-8.865468794245037058e-07,-8.055540398983832583e-07,-7.312353030266912094e-07,-6.631125851448971288e-07,-6.007354343342866596e-07,-5.436799942254333058e-07,-4.915479612439772454e-07,-4.439655352142055537e-07,-4.005823916922331189e-07,-3.610706347139473558e-07,-3.251237738776938630e-07,-2.924557163420428466e-07,-2.627997561856820222e-07,-2.359076029573622537e-07,-2.115484202092575815e-07,-1.895078828447740170e-07,-1.695872665065358740e-07,-1.516025609218809373e-07,-1.353836108496962352e-07,-1.207732825082482328e-07,-1.076266590249041140e-07,-9.581028152421717262e-08,-8.520139882674977476e-08,-7.568726911647359915e-08,-6.716446800211692928e-08,-5.953826421190235644e-08,-5.272200335314981853e-08,-4.663650312621880778e-08,-4.120954404634667493e-08,-3.637530343770548693e-08,-3.207391161448474464e-08
-7.831961268565217885e-05,-7.526522780612736080e-05,-7.227014925190786805e-05,-6.933765941985237146e-05,-6.647061212958270491e-05,-6.367145331459563950e-05,-6.094224232366926211e-05,-5.828467360870680442e-05,-5.570009858551067106e-05,-5.318954748186134797e-05,-5.075375100141110382e-05,-4.839316165967873533e-05,-4.610797466706349974e-05,-4.389814824445503370e-05,-4.176342329190258699e-05,-3.970334232501133748e-05,-3.771726763525682985e-05,-3.580439861754908248e-05,-3.396378825010902449e-05,-3.219435869191719586e-05,-3.049491600687351869e-05,-2.886416400067065569e-05,-2.730071719414527175e-05,-2.580311293311189446e-05,-2.436982267551891123e-05,-2.299926246373173912e-05,-2.168980262366128469e-05,-2.043977672320897987e-05,-1.924748981836832049e-05,-1.811122602687196927e-05,-1.702925546971581556e-05,-1.599984061371982421e-05,-1.502124204800157836e-05,-1.409172374367099616e-05,-1.320955781436062701e-05,-1.237302882533096691e-05,-1.158043767921052591e-05,-1.083010510692323242e-05,-1.012037478998659226e-05,-9.449616155962313672e-06,-8.816226850996812262e-06,-8.218634933291249687e-06,-7.655300792271590646e-06,-7.124718830568661988e-06,-6.625418909106682957e-06,-6.155967590668217065e-06,-5.714969181058265102e-06,-5.301066594477141812e-06,-4.912942048603291663e-06,-4.549317607501092652e-06,-4.208955573974073859e-06,-3.890658753356874101e-06,-3.593270586361149222e-06,-3.315675171958145149e-06,-3.056797171709285601e-06,-2.815601620960123426e-06,-2.591093645638001082e-06,-2.382318081337719541e-06,-2.188359023152114616e-06,-2.008339293139701169e-06,-1.841419838423922655e-06,-1.686799066697509070e-06,-1.543712125431945275e-06,-1.411430121104963312e-06,-1.289259296633140431e-06,-1.176540164579916963e-06,-1.072646599922744204e-06,-9.769849004539423117e-07,-8.889928236047906216e-07,-8.081385898352791467e-07,-7.339198752838537306e-07,-6.658627894660591935e-07,-6.035208335254330640e-07,-5.464738622183288064e-07,-4.943270387995270073e-07,-4.467097900234014428e-07,-4.032747612588106486e-07,-3.636967968230039249e-07,-3.276719087590327965e-07,-2.949162729560786711e-07,-2.651652441014795672e-07,-2.381723738006278766e-07,-2.137084687049120160e-07,-1.915606626630200906e-07,-1.715315104910648362e-07,-1.534381148704622662e-07,-1.371112790682170911e-07,-1.223946884343755799e-07,-1.091441186077134684e-07,-9.722667345404532049e-08,-8.652006703723439180e-08,-7.691191681000903832e-08,-6.829908619897371967e-08,-6.058703585134006320e-08,-5.368923784339635487e-08,-4.752659969016723702e-08,-4.202690109044643745e-08,-3.712431763075303076e-08,-3.275889646833349210e-08,-2.887614231203941925e-08
-7.462350465387387237e-05,-7.168154881611758572e-05,-6.879745145024997101e-05,-6.597442069749828383e-05,-6.321524469157431840e-05,-6.052231135836273149e-05,-5.789762888670999934e-05,-5.534284664967489457e-05,-5.285927636571669859e-05,-5.044791331508884059e-05,-4.810945744021137083e-05,-4.584433418524777641e-05,-4.365271494775958589e-05,-4.153453702564416784e-05,-3.948952297610916961e-05,-3.751719929793725721e-05,-3.561691438836438889e-05,-3.378785571408794719e-05,-3.202906617574432206e-05,-3.033945962721405792e-05,-2.871783555306982796e-05,-2.716289288612914397e-05,-2.567324298328411080e-05,-2.424742175612588674e-05,-2.288390099162838269e-05,-2.158109886779056735e-05,-2.033738970158852283e-05,-1.915111295817371217e-05,-1.802058154713259705e-05,-1.694408944262318812e-05,-1.591991866531565454e-05,-1.494634565731833052e-05,-1.402164708180956755e-05,-1.314410509429968039e-05,-1.231201210350712412e-05,-1.152367506782618976e-05,-1.077741935542224290e-05,-1.007159219650006826e-05,-9.404565754362754349e-06,-8.774739856148589673e-06,-8.180544389481437270e-06,-7.620441407868361963e-06,-7.092926952043367909e-06,-6.596532623730849396e-06,-6.129826914739779267e-06,-5.691416326494805710e-06,-5.279946281583438527e-06,-4.894101853988983091e-06,-4.532608325719537593e-06,-4.194231588122803082e-06,-3.877778392031788223e-06,-3.582096468504180136e-06,-3.306074519967135011e-06,-3.048642102791333717e-06,-2.808769395145570817e-06,-2.585466874729737485e-06,-2.377784906698413403e-06,-2.184813240420141459e-06,-2.005680441629911519e-06,-1.839553249600657173e-06,-1.685635872008021937e-06,-1.543169224428514032e-06,-1.411430121137264914e-06,-1.289730414531677620e-06,-1.177416100179920709e-06,-1.073866385937099796e-06,-9.784927289585574527e-07,-8.907378482576321347e-07,-8.100747210973871629e-07,-7.360055545652031189e-07,-6.680607529567416500e-07,-6.057978772258516076e-07,-5.488005927995303545e-07,-4.966776263165838469e-07,-4.490617217946542513e-07,-4.056086025523698269e-07,-3.659959389360095800e-07,-3.299223440295984662e-07,-2.971063646257710907e-07,-2.672855018643324224e-07,-2.402152538383599670e-07,-2.156681661881355890e-07,-1.934329230806134699e-07,-1.733134554614785259e-07,-1.551280730834554411e-07,-1.387086302966082363e-07,-1.238997189924092389e-07,-1.105578910566845877e-07,-9.855090831851059718e-08,-8.775702255881848252e-08,-7.806429784793812981e-08,-6.936994614840332999e-08,-6.157970975154928163e-08,-5.460725416338336673e-08,-4.837361953646675665e-08,-4.280668323891409553e-08,-3.784063608608893899e-08,-3.341553771410436196e-08,-2.947683150803131898e-08,-2.597495905238900382e-08
-7.092082764856538334e-05,-6.809658210164655436e-05,-6.532854114205690038e-05,-6.261982484889998951e-05,-5.997314367952743288e-05,-5.739081737159981781e-05,-5.487479456308798305e-05,-5.242667291387166737e-05,-5.004771952243367635e-05,-4.773889145496816220e-05,-4.550085621709811851e-05,-4.333401202352287911e-05,-4.123850773760716717e-05,-3.921426236290104526e-05,-3.726098400074792747e-05,-3.537818818293833384e-05,-3.356521552690861128e-05,-3.182124865016766808e-05,-3.014532831854891594e-05,-2.853636878659342210e-05,-2.699317232839036843e-05,-2.551444293752912987e-05,-2.409879920945143169e-05,-2.274478639979155632e-05,-2.145088768898807761e-05,-2.021553465558371059e-05,-1.903711699160765946e-05,-1.791399148579516770e-05,-1.684449029816172697e-05,-1.582692855991056294e-05,-1.485961133432323267e-05,-1.394083996795583881e-05,-1.306891786269447906e-05,-1.224215571327972929e-05,-1.145887622851223073e-05,-1.071741838033992729e-05,-1.001614120868327617e-05,-9.353427210379576973e-06,-8.727685339078708593e-06,-8.137353655970194424e-06,-7.580901639513639334e-06,-7.056832195884542037e-06,-6.563683379365013917e-06,-6.100029858387012461e-06,-5.664484132351528173e-06,-5.255697533875631086e-06,-4.872361020132950063e-06,-4.513205779832902896e-06,-4.177003665364188640e-06,-3.862567468427753568e-06,-3.568751045398289089e-06,-3.294449313836035719e-06,-3.038598121812294298e-06,-2.800174010948854197e-06,-2.578193869119239620e-06,-2.371714496535576978e-06,-2.179832086845128819e-06,-2.001681623523178555e-06,-1.836436216325272917e-06,-1.683306369776153826e-06,-1.541539195995346262e-06,-1.410417578872700059e-06,-1.289259296498891850e-06,-1.177416100032168516e-06,-1.074272764858975600e-06,-9.792461132165593972e-07,-8.917840120990947060e-07,-8.113643536632762915e-07,-7.374940259220573661e-07,-6.697078661368884330e-07,-6.075676156301023676e-07,-5.506608726829381235e-07,-4.986000404883009589e-07,-4.510212883643957295e-07,-4.075835179028071554e-07,-3.679673395807122503e-07,-3.318740599131595124e-07,-2.990246987065601915e-07,-2.691590073073281773e-07,-2.420345182377311604e-07,-2.174256192439424698e-07,-1.951226392778236373e-07,-1.749309748588106011e-07,-1.566702362615030476e-07,-1.401734190705099128e-07,-1.252861097396316041e-07,-1.118657191730984259e-07,-9.978074616460805883e-08,-8.891006874141217578e-08,-7.914226556804617193e-08,-7.037497790215778774e-08,-6.251428637181660504e-08,-5.547413205510456221e-08,-4.917574937933881429e-08,-4.354715339728149279e-08,-3.852263919015219417e-08,-3.404229555771384181e-08,-3.005159070359660472e-08,-2.650092404818646935e-08,-2.334526780087504221e-08
-6.723644974154590302e-05,-6.453374370684716432e-05,-6.188541783639091537e-05,-5.929449283378189370e-05,-5.676359168929263254e-05,-5.429495768326969460e-05,-5.189047314182108461e-05,-4.955167873367406892e-05,-4.727979310660635555e-05,-4.507573268384135054e-05,-4.294013145302911800e-05,-4.087336060425563676e-05,-3.887554788927395107e-05,-3.694659658376056404e-05,-3.508620396515320063e-05,-3.329387921372926797e-05,-3.156896068154495521e-05,-2.991063246396211264e-05,-2.831794024451014279e-05,-2.678980636909834587e-05,-2.532504414367867449e-05,-2.392237133136514081e-05,-2.258042285806231066e-05,-2.129776271776392949e-05,-2.007289510336978181e-05,-1.890427476333498251e-05,-1.779031661396605354e-05,-1.672940463025831406e-05,-1.571990003670052310e-05,-1.476014882940303811e-05,-1.384848866304022190e-05,-1.298325513017707344e-05,-1.216278746235575583e-05,-1.138543369530303220e-05,-1.064955531656512744e-05,-9.953531437982319439e-06,-9.295762520536587320e-06,-8.674673679644247389e-06,-8.088717597740772178e-06,-7.536377082928508246e-06,-7.016167283463856269e-06,-6.526637598571219245e-06,-6.066373296481444808e-06,-5.633996874520502660e-06,-5.228169168219374912e-06,-4.847590243472632785e-06,-4.491000077160872767e-06,-4.157179052493761354e-06,-3.844948280060443460e-06,-3.553169762822931819e-06,-3.280746412999880466e-06,-3.026621941825034899e-06,-2.789780625385590019e-06,-2.569246967174518132e-06,-2.364085255093007534e-06,-2.173399035707895729e-06,-1.996330508468936047e-06,-1.832059841531343464e-06,-1.679804432251775862e-06,-1.538818106346908507e-06,-1.408390267596804899e-06,-1.287845005100356537e-06,-1.176540165117715122e-06,-1.073866386397010311e-06,-9.792461137502524109e-07,-8.921325896435587490e-07,-8.120088275716053182e-07,-7.383865740017630953e-07,-6.708052661804945046e-07,-6.088309791455361793e-07,-5.520553789134393746e-07,-5.000946788658975909e-07,-4.525885968657522106e-07,-4.091993292017095004e-07,-3.696105340563020852e-07,-3.335263293130184520e-07,-3.006703047862825756e-07,-2.707845660971109904e-07,-2.436287843141973439e-07,-2.189792781689920140e-07,-1.966281225191194923e-07,-1.763822719198568972e-07,-1.580627242404962734e-07,-1.415037060498687868e-07,-1.265518844671619473e-07,-1.130656129236151649e-07,-1.009142054154397253e-07,-8.997724063630174718e-08,-8.014389410044213847e-08,-7.131230004910046170e-08,-6.338895208161548636e-08,-5.628811974189978932e-08,-4.993130691760693551e-08,-4.424672306882109622e-08,-3.916880490233398330e-08,-3.463775086479227868e-08,-3.059907028965571185e-08,-2.700319800727346919e-08,-2.380508076820596290e-08,-2.096384458363969271e-08
-6.359229635233439298e-05,-6.101364677444156697e-05,-5.848741530040422543e-05,-5.601651421061257366e-05,-5.360347123149364709e-05,-5.125044664404968610e-05,-4.895925116791853207e-05,-4.673136441585940356e-05,-4.456795372272997688e-05,-4.246989317328713767e-05,-4.043778266473625624e-05,-3.847196686248600012e-05,-3.657255392240085562e-05,-3.473943386207657604e-05,-3.297229649297564707e-05,-3.127064882066997144e-05,-2.963383185577406526e-05,-2.806103676912460130e-05,-2.655132035890498584e-05,-2.510361978412315633e-05,-2.371676655500538246e-05,-2.238949975425741189e-05,-2.112047849459879276e-05,-1.990829360175501596e-05,-1.875147854482054797e-05,-1.764851961254494805e-05,-1.659786536212246516e-05,-1.559793536081144881e-05,-1.464712823990475270e-05,-1.374382908998173785e-05,-1.288641622888277941e-05,-1.207326736831948843e-05,-1.130276520730919679e-05,-1.057330249260839009e-05,-9.883286564422876815e-06,-9.231143428011170672e-06,-8.615321378261823560e-06,-8.034294204876070967e-06,-7.486564004837556241e-06,-6.970663639741564583e-06,-6.485158849061261113e-06,-6.028650058525306408e-06,-5.599773895843380551e-06,-5.197204447622454565e-06,-4.819654265960928599e-06,-4.465875157976143082e-06,-4.134658765124096058e-06,-3.824836958135725826e-06,-3.535282059701550897e-06,-3.264906912938909710e-06,-3.012664804954873147e-06,-2.777549265967844800e-06,-2.558593748458331785e-06,-2.354871206594871712e-06,-2.165493575183227145e-06,-1.989611169991327702e-06,-1.826412013030706907e-06,-1.675121085549321194e-06,-1.534999530203877346e-06,-1.405343798111649712e-06,-1.285484752212043660e-06,-1.174786733872829766e-06,-1.072646599813716452e-06,-9.784927288387408306e-07,-8.917840120997253220e-07,-8.120088271415548324e-07,-7.386839994124697829e-07,-6.713537575995302471e-07,-6.095886895949603925e-07,-5.529846932566287447e-07,-5.011619373233080896e-07,-4.537638298217200834e-07,-4.104559919653728203e-07,-3.709252517594856650e-07,-3.348786508979618800e-07,-3.020424691308708582e-07,-2.721612661798030815e-07,-2.449969563384935887e-07,-2.203278927543142770e-07,-1.979479850049193476e-07,-1.776658442268223877e-07,-1.593039458485282985e-07,-1.426978317523274052e-07,-1.276953356178339088e-07,-1.141558354027004176e-07,-1.019495393558601454e-07,-9.095680064996440669e-08,-8.106746163821010175e-08,-7.218022591356388867e-08,-6.420205964433450574e-08,-5.704762977649024335e-08,-5.063875896294641828e-08,-4.490391986911950368e-08,-3.977774300833342252e-08,-3.520057132007390265e-08,-3.111802800508227389e-08,-2.748059916366385919e-08,-2.424327592807881236e-08,-2.136517331065481129e-08,-1.880922196347927898e-08
-6.000750635138792587e-05,-5.755425254981350508e-05,-5.515134744884604885e-05,-5.280158790536669403e-05,-5.050740038257642051e-05,-4.827085717188788231e-05,-4.609369340378931653e-05,-4.397732464925089863e-05,-4.192286492202805813e-05,-3.993114491087662073e-05,-3.800273028165438252e-05,-3.613793991054867341e-05,-3.433686392362133969e-05,-3.259938142670206255e-05,-3.092517783753067793e-05,-2.931376172775626172e-05,-2.776448111609259382e-05,-2.627653914570417652e-05,-2.484900911119369116e-05,-2.348084878859454014e-05,-2.217091405601842884e-05,-2.091797177738194567e-05,-1.972071195150413683e-05,-1.857775911418738142e-05,-1.748768301171557574e-05,-1.644900854286332080e-05,-1.546022499307988976e-05,-1.451979457887063881e-05,-1.362616032016246106e-05,-1.277775326733759924e-05,-1.197299911242960635e-05,-1.121032420882464564e-05,-1.048816102646347153e-05,-9.804953080592670843e-06,-9.159159352202762163e-06,-8.549258238970264335e-06,-7.973751063217508571e-06,-7.431165163962353141e-06,-6.920056599414731722e-06,-6.439012496216817677e-06,-5.986653057530872891e-06,-5.561633267761198769e-06,-5.162644307189772886e-06,-4.788414709297732574e-06,-4.437711270478172438e-06,-4.109339744496669575e-06,-3.802145329726772043e-06,-3.515012974427391718e-06,-3.246867513058392745e-06,-2.996673651368618430e-06,-2.763435810632123929e-06,-2.546197850902751945e-06,-2.344042678777155208e-06,-2.156091759421231027e-06,-1.981504533373644690e-06,-1.819477759003095066e-06,-1.669244784895645730e-06,-1.530074755817338493e-06,-1.401271772210626094e-06,-1.282174000369458729e-06,-1.172152744245738736e-06,-1.070611485694628655e-06,-9.769849001918662944e-07,-8.907378480025850086e-07,-8.113643535319315510e-07,-7.383865734976514367e-07,-6.713537574935352970e-07,-6.098412068871730386e-07,-5.534492383838342089e-07,-5.018021471392929399e-07,-4.545471833070257290e-07,-4.113535396319594374e-07,-3.719113484806586589e-07,-3.359307008388027674e-07,-3.031406816400791693e-07,-2.732884250371318448e-07,-2.461381896755788683e-07,-2.214704672514387498e-07,-1.990811039103314919e-07,-1.787804552591503386e-07,-1.603925697702820980e-07,-1.437543916944950126e-07,-1.287150025498836039e-07,-1.151348867457449476e-07,-1.028852246499445036e-07,-9.184721857161040238e-08,-8.191144720201929512e-08,-7.297724919293913232e-08,-6.495213411993554537e-08,-5.775122202522094540e-08,-5.129671795662423236e-08,-4.551740369648745481e-08,-4.034816649314602795e-08,-3.572954175856340548e-08,-3.160729902587101904e-08,-2.793204138643759783e-08,-2.465881969795915989e-08,-2.174680083363937631e-08,-1.915891685969559290e-08,-1.686157987920192568e-08
-5.649859339592327995e-05,-5.417102605519645277e-05,-5.189165836769070895e-05,-4.966316660573581482e-05,-4.748787158059379767e-05,-4.536775398995709327e-05,-4.330447055930790643e-05,-4.129937078589968356e-05,-3.935351410251405999e-05,-3.746768729530698314e-05,-3.564242202039266005e-05,-3.387801228384420605e-05,-3.217453176288330018e-05,-3.053185085447479043e-05,-2.894965336396848171e-05,-2.742745274243052765e-05,-2.596460781334179626e-05,-2.456033792186086833e-05,-2.321373747033501249e-05,-2.192378979298918062e-05,-2.068938035508950392e-05,-1.950930924794433237e-05,-1.838230297940337071e-05,-1.730702554625126023e-05,-1.628208880386705900e-05,-1.530606212905371463e-05,-1.437748139707493463e-05,-1.349485728885873410e-05,-1.265668294457279190e-05,-1.186144098817627399e-05,-1.110760995058958412e-05,-1.039367011433616950e-05,-9.718108805454920047e-06,-9.079425168666368948e-06,-8.476134443688513849e-06,-7.906771779723663083e-06,-7.369895613961587819e-06,-6.864090640508940582e-06,-6.387970395635438978e-06,-5.940179494294650411e-06,-5.519395530802690483e-06,-5.124330680012309631e-06,-4.753733013040249433e-06,-4.406387559176307518e-06,-4.081117124630431007e-06,-3.776782899468894466e-06,-3.492284861688035585e-06,-3.226562003028788183e-06,-2.978592390144794227e-06,-2.747393078473217649e-06,-2.532019889979586515e-06,-2.331567073994749282e-06,-2.145166857436124313e-06,-1.971988903591866399e-06,-1.811239681028333641e-06,-1.662161762507619157e-06,-1.524033058728802816e-06,-1.396165991237058956e-06,-1.277906623035861329e-06,-1.168633745257877099e-06,-1.067757930351476357e-06,-9.747205584180469651e-07,-8.889928236296641676e-07,-8.100747211024289148e-07,-7.374940260147824864e-07,-6.708052659175964419e-07,-6.095886896695028918e-07,-5.534492385356522651e-07,-5.020155253236380652e-07,-4.549388170706514080e-07,-4.118920338168312800e-07,-3.725687613188027790e-07,-3.366822764157905460e-07,-3.039645960776300131e-07,-2.741655451780381847e-07,-2.470518460994455374e-07,-2.224062302072103849e-07,-2.000265828225406860e-07,-1.797251035353009529e-07,-1.613275000993754537e-07,-1.446722111617245411e-07,-1.296096498894571792e-07,-1.160014851245759083e-07,-1.037199472321009486e-07,-9.264716138715339957e-08,-8.267451296274865342e-08,-7.370204097273236530e-08,-6.563785997395004788e-08,-5.839760874665186544e-08,-5.190392670408029094e-08,-4.608596343049616209e-08,-4.087890561129092403e-08,-3.622353866274328642e-08,-3.206582254081929402e-08,-2.835650753794110106e-08,-2.505076360121023922e-08,-2.210782423942129921e-08,-1.949067949112963378e-08,-1.716575342738937329e-08,-1.510264076617242664e-08
-5.307961141628063969e-05,-5.087709541645039007e-05,-4.872057551769736974e-05,-4.661260388853271980e-05,-4.455539273378900794e-05,-4.255082878360107152e-05,-4.060048857371522811e-05,-3.870565433349356662e-05,-3.686733030596039680e-05,-3.508625934000714739e-05,-3.336293960459192317e-05,-3.169764129359838912e-05,-3.009042320228684180e-05,-2.854114906431042179e-05,-2.704950356326758985e-05,-2.561500792904508654e-05,-2.423703505958517738e-05,-2.291482410192181965e-05,-2.164749445504786048e-05,-2.043405914753176292e-05,-1.927343757332615831e-05,-1.816446755648069877e-05,-1.710591674221940181e-05,-1.609649329988009720e-05,-1.513485595039987262e-05,-1.421962331330106638e-05,-1.334938259185188697e-05,-1.252269761051613528e-05,-1.173811621945481431e-05,-1.099417708875707511e-05,-1.028941591828028283e-05,-9.622371084538955323e-06,-8.991588749244768141e-06,-8.395627463475910458e-06,-7.833062285040790461e-06,-7.302488444270181459e-06,-6.802524583328396802e-06,-6.331815594701330271e-06,-5.889035084163288119e-06,-5.472887491790971421e-06,-5.082109884465567292e-06,-4.715473454704927554e-06,-4.371784740426483979e-06,-4.049886596066183816e-06,-3.748658926423035862e-06,-3.467019213487130484e-06,-3.203922845901161432e-06,-2.958363274905653868e-06,-2.729372010780145270e-06,-2.516018476671153998e-06,-2.317409731540699115e-06,-2.132690080753069829e-06,-1.961040581202907251e-06,-1.801678459517628973e-06,-1.653856445747586021e-06,-1.516862041435314038e-06,-1.390016727276782032e-06,-1.272675115251369467e-06,-1.164224062414964031e-06,-1.064081745717071054e-06,-9.716967077915446311e-07,-8.865468801478814894e-07,-8.081385905366124744e-07,-7.360055551802536472e-07,-6.697078667688514563e-07,-6.088309794028018965e-07,-5.529846937653238044e-07,-5.018021476711477862e-07,-4.549388174252269172e-07,-4.120715260588903760e-07,-3.728974697441056207e-07,-3.371332604527583494e-07,-3.045139838386932866e-07,-2.747922820345251229e-07,-2.477374569994969751e-07,-2.231345970780594461e-07,-2.007837267795667649e-07,-1.804989899429828744e-07,-1.621078501604139549e-07,-1.454503244577430430e-07,-1.303782459082902309e-07,-1.167545480894068857e-07,-1.044525858592744981e-07,-9.335548104911399012e-08,-8.335549532816734118e-08,-7.435343419450890403e-08,-6.625807841786859210e-08,-5.898564310825657935e-08,-5.245926280234759598e-08,-4.660850330724546638e-08,-4.136890482157923717e-08,-3.668154243252415626e-08,-3.249261908683864444e-08,-2.875307276648996328e-08,-2.541822058262445304e-08,-2.244741628271134398e-08,-1.980372204198187173e-08,-1.745362476935309545e-08,-1.536674002288222224e-08,-1.351556910934691594e-08
-4.976232343065396541e-05,-4.768341406834111508e-05,-4.564826539149054982e-05,-4.365930340089851073e-05,-4.171863000874157591e-05,-3.982803668812515905e-05,-3.798901890506566905e-05,-3.620279115718113297e-05,-3.447030245093307997e-05,-3.279225206373161594e-05,-3.116910544633975585e-05,-2.960111013867546256e-05,-2.808831158358319685e-05,-2.663056873078482208e-05,-2.522756934680798818e-05,-2.387884494324625710e-05,-2.258378526444281654e-05,-2.134165226953728964e-05,-2.015159357081235507e-05,-1.901265528164601252e-05,-1.792379425610092625e-05,-1.688388969056890196e-05,-1.589175408311717814e-05,-1.494614353541112522e-05,-1.404576740755196932e-05,-1.318929732004180668e-05,-1.237537551942986832e-05,-1.160262262010523790e-05,-1.086964473568335510e-05,-1.017504002087738627e-05,-9.517404648058986160e-06,-8.895338238603001265e-06,-8.307448772427185573e-06,-7.752357007762033288e-06,-7.228700428305458075e-06,-6.735136751225813177e-06,-6.270347020275263491e-06,-5.833038308843712091e-06,-5.421946057562458907e-06,-5.035836078597917098e-06,-4.673506240438369194e-06,-4.333787866485916271e-06,-4.015546862389918786e-06,-3.717684601297894224e-06,-3.439138578896270761e-06,-3.178882867336311432e-06,-2.935928378201900413e-06,-2.709322957543502711e-06,-2.498151327201127347e-06,-2.301534888787598167e-06,-2.118631402425861183e-06,-1.948634558019598294e-06,-1.790773446404274314e-06,-1.644311948211093538e-06,-1.508548043539895770e-06,-1.382813060338844375e-06,-1.266470866983560314e-06,-1.158917014321110533e-06,-1.059577843111336949e-06,-9.679095570520710566e-07,-8.833972708248353165e-07,-8.055540393516319611e-07,-7.339198748382606138e-07,-6.680607525431697667e-07,-6.075676153308744265e-07,-5.520553783681862670e-07,-5.011619370836919980e-07,-4.545471831607487506e-07,-4.118920335776091646e-07,-3.728974692469814546e-07,-3.372835934292468869e-07,-3.047887081741927921e-07,-2.751684079860640750e-07,-2.481946992146605423e-07,-2.236551413264700909e-07,-2.013520123211380159e-07,-1.811014982741582886e-07,-1.627329158711106676e-07,-1.460879536164912180e-07,-1.310199457255862933e-07,-1.173931747590822807e-07,-1.050821966645531558e-07,-9.397120080464244134e-08,-8.395339483861850602e-08,-7.493041629294612995e-08,-6.681177415565803082e-08,-5.951431715689940473e-08,-5.296172871866260339e-08,-4.708404703955044162e-08,-4.181721087196716591e-08,-3.710263475385948906e-08,-3.288680141947561167e-08,-2.912088454106302346e-08,-2.576038554528489187e-08,-2.276480447205038560e-08,-2.009732401499728275e-08,-1.772450744383185071e-08,-1.561603689185489729e-08,-1.374444186313002638e-08,-1.208487556550783775e-08
-4.655637379392685440e-05,-4.459892593081604494e-05,-4.268299170606269701e-05,-4.081087016895509765e-05,-3.898455236549033397e-05,-3.720573417037767704e-05,-3.547582988719240159e-05,-3.379598644906807090e-05,-3.216709805947544863e-05,-3.058982112589416868e-05,-2.906458934773012456e-05,-2.759162883636710685e-05,-2.617097315595159318e-05,-2.480247818074991063e-05,-2.348583668711901859e-05,-2.222059259495313350e-05,-2.100615480058356767e-05,-1.984181053754566278e-05,-1.872673822695396594e-05,-1.766001977152041296e-05,-1.664065227422446719e-05,-1.566755915206864840e-05,-1.473960063909429231e-05,-1.385558366315076306e-05,-1.301427110471790644e-05,-1.221439043143574595e-05,-1.145464172299316215e-05,-1.073370509737044943e-05,-1.005024755068252374e-05,-9.402929229856625854e-06,-8.790409160757708162e-06,-8.211350450575250035e-06,-7.664424986701986653e-06,-7.148317662257441831e-06,-6.661730144935000889e-06,-6.203384220885777624e-06,-5.772024737013863617e-06,-5.366422165622419105e-06,-4.985374815240081711e-06,-4.627710718313757827e-06,-4.292289209760239704e-06,-3.978002228137672396e-06,-3.683775354527567222e-06,-3.408568617020166843e-06,-3.151377072994380535e-06,-2.911231197071314408e-06,-2.687197085234260291e-06,-2.478376497255286453e-06,-2.283906751699208639e-06,-2.102960489306357582e-06,-1.934745317033464832e-06,-1.778503349765300802e-06,-1.633510657343113269e-06,-1.499076634000201931e-06,-1.374543293834086213e-06,-1.259284509228101084e-06,-1.152705197892028923e-06,-1.054240464052318722e-06,-9.633547085378527783e-07,-8.795407086172067305e-07,-8.023186765102536155e-07,-7.312353025072266552e-07,-6.658627890395169065e-07,-6.057978768300591576e-07,-5.506608723917161260e-07,-5.000946783565202461e-07,-4.537638295873207617e-07,-4.113535394824659573e-07,-3.725687610877675546e-07,-3.371332599927686371e-07,-3.047887081591409107e-07,-2.752937971023308790e-07,-2.484233697977612415e-07,-2.239675787582632743e-07,-2.017310668889356104e-07,-1.815321730376450619e-07,-1.632021621920459668e-07,-1.465844880397383994e-07,-1.315340751844109568e-07,-1.179166332647984359e-07,-1.056079993834816713e-07,-9.449350318259615905e-08,-8.446736547623899235e-08,-7.543212143697161741e-08,-6.729806980933022400e-08,-5.998275094732472687e-08,-5.341045064269584832e-08,-4.751172957084518092e-08,-4.222297689457411328e-08,-3.748598842693887562e-08,-3.324757246419130368e-08,-2.945917245321411168e-08,-2.607651793337433494e-08,-2.305928929596625320e-08,-2.037081389530419109e-08,-1.797777501038975410e-08,-1.584993420926339238e-08,-1.395989029332329294e-08,-1.228283066609208875e-08,-1.079632568621570258e-08
-4.346945306034939586e-05,-4.163072340622566884e-05,-3.983126661967816365e-05,-3.807325513133379721e-05,-3.635856951560430630e-05,-3.468881052943636448e-05,-3.306531190042474763e-05,-3.148915370491838422e-05,-2.996117618349253872e-05,-2.848199385330204501e-05,-2.705200978481557103e-05,-2.567142992588199635e-05,-2.434027736606327079e-05,-2.305840644100995277e-05,-2.182551659750966188e-05,-2.064116593690856305e-05,-1.950478438013165909e-05,-1.841568639250341826e-05,-1.737308323028639972e-05,-1.637609466398663458e-05,-1.542376015875427620e-05,-1.451504948259044853e-05,-1.364887273536775098e-05,-1.282408978298311065e-05,-1.203951910318023341e-05,-1.129394603629601187e-05,-1.058613045388012694e-05,-9.914813854872346518e-06,-9.278725900488347662e-06,-8.676590405511646752e-06,-8.107130807092092286e-06,-7.569075128646698294e-06,-7.061160459926123879e-06,-6.582136981581288480e-06,-6.130771550376158177e-06,-5.705850875037404625e-06,-5.306184305181118769e-06,-4.930606256314940927e-06,-4.577978293894745437e-06,-4.247190905652288330e-06,-3.937164976225906417e-06,-3.646852994294103527e-06,-3.375240007300165884e-06,-3.121344350355844285e-06,-2.884218161673347545e-06,-2.662947711150503687e-06,-2.456653552789179524e-06,-2.264490522158558861e-06,-2.085647593083207589e-06,-1.919347608747448868e-06,-1.764846899531921026e-06,-1.621434803809017672e-06,-1.488433099517159261e-06,-1.365195362832214085e-06,-1.251106257968953717e-06,-1.145580774054833333e-06,-1.048063414834800123e-06,-9.580273468975646738e-07,-8.749735200548584755e-07,-7.984297612635374832e-07,-7.279498505033991338e-07,-6.631125842710051903e-07,-6.035208327776096977e-07,-5.488005921178259565e-07,-4.986000399351564688e-07,-4.525885961490355999e-07,-4.104559915224796210e-07,-3.719113481388036788e-07,-3.366822760238880948e-07,-3.045139832628709717e-07,-2.751684078252635521e-07,-2.484233696671355261e-07,-2.240717426241967769e-07,-2.019206526061569274e-07,-1.817906990937802948e-07,-1.635152015523880697e-07,-1.469394706834440455e-07,-1.319201112164850099e-07,-1.183243449661319720e-07,-1.060293648436636351e-07,-9.492171654511550117e-08,-8.489670285350359085e-08,-7.585781999754558861e-08,-6.771621806966098784e-08,-6.039018666562401990e-08,-5.380466807649846815e-08,-4.789079527555605628e-08,-4.258545440126151637e-08,-3.783087035071212039e-08,-3.357421575208902994e-08,-2.976724586944643808e-08,-2.636594987890269385e-08,-2.333022845219758264e-08,-2.062358479816250752e-08,-1.821284454181074810e-08,-1.606788804408119538e-08,-1.416139558675224978e-08,-1.246862568573596399e-08,-1.096718768115887389e-08,-9.636852938780731782e-09
-4.050746740137668690e-05,-3.878420940231550160e-05,-3.709800547882458418e-05,-3.545090274017556863e-05,-3.384467251766031117e-05,-3.228082163639548591e-05,-3.076060441401183137e-05,-2.928503523514143248e-05,-2.785490155695611220e-05,-2.647077721211120677e-05,-2.513303588289660058e-05,-2.384186463480649203e-05,-2.259727740702783725e-05,-2.139912836379932582e-05,-2.024712503013493492e-05,-1.914084113271366115e-05,-1.807972909070948512e-05,-1.706313209680772777e-05,-1.609029575081604590e-05,-1.516037920217125427e-05,-1.427246578128459672e-05,-1.342557309093716090e-05,-1.261866254983104221e-05,-1.185064837261874593e-05,-1.112040599143198987e-05,-1.042677991190214804e-05,-9.768591015099160527e-06,-9.144643313908073920e-06,-8.553730173992825128e-06,-7.994640015620755368e-06,-7.466161516011397180e-06,-6.967088328647631838e-06,-6.496223339462637340e-06,-6.052382486484112425e-06,-5.634398158502057700e-06,-5.241122201062431470e-06,-4.871428551256356617e-06,-4.524215523324695160e-06,-4.198407767149919979e-06,-3.892957927378243612e-06,-3.606848017113929254e-06,-3.339090534825384164e-06,-3.088729339414207140e-06,-2.854840308719492514e-06,-2.636531793826219764e-06,-2.432944894524209677e-06,-2.243253566656248191e-06,-2.066664581606887883e-06,-1.902417351903576351e-06,-1.749783637481427693e-06,-1.608067144838014735e-06,-1.476603034507646084e-06,-1.354757344742202445e-06,-1.241926346925355315e-06,-1.137535837044077259e-06,-1.041040378208580597e-06,-9.519224999942603256e-07,-8.696918603669514263e-07,-7.938843827774377817e-07,-7.240613702322797604e-07,-6.598086042511106416e-07,-6.007354340879760431e-07,-5.464738620302298939e-07,-4.966776261382299426e-07,-4.510212882565629296e-07,-4.091993289076611658e-07,-3.709252516735793718e-07,-3.359307008102789329e-07,-3.039645959750589819e-07,-2.747922817415045568e-07,-2.481946992676178892e-07,-2.239675788170961711e-07,-2.019206527617585739e-07,-1.818768947467187234e-07,-1.636717823653842201e-07,-1.471525846919075390e-07,-1.321776745651574185e-07,-1.186158714323940573e-07,-1.063458047506025031e-07,-9.525530726025324562e-08,-8.524083513948115277e-08,-7.620691051238617105e-08,-6.806559446662516176e-08,-6.073598347690420582e-08,-5.414373013225009783e-08,-4.822059009464660173e-08,-4.290399278213153153e-08,-3.813663537792471886e-08,-3.386609885373438584e-08,-3.004448616383683527e-08,-2.662808468736790399e-08,-2.357704448573882647e-08,-2.085508099173404351e-08,-1.842919071588977431e-08,-1.626939344488429702e-08,-1.434848640983327170e-08,-1.264181073976415281e-08,-1.112704789757899259e-08,-9.784011939542931390e-09,-8.594476438340963284e-09
-3.767470018585884951e-05,-3.606325176014686564e-05,-3.448667420970048737e-05,-3.294689144357397325e-05,-3.144556748858111871e-05,-2.998411702211200138e-05,-2.856371660639283450e-05,-2.718531648136572973e-05,-2.584965277930493773e-05,-2.455726003442671910e-05,-2.330848386768155970e-05,-2.210349374033030977e-05,-2.094229567853354097e-05,-1.982474487725292166e-05,-1.875055811003695390e-05,-1.771932586879504983e-05,-1.673052418012772684e-05,-1.578352604070518475e-05,-1.487761243485992953e-05,-1.401198289213711774e-05,-1.318576556461592938e-05,-1.239802679589719554e-05,-1.164778017319527716e-05,-1.093399504700993927e-05,-1.025560452210371220e-05,-9.611512912632047984e-06,-9.000602671494674768e-06,-8.421740801391170263e-06,-7.873784756816930324e-06,-7.355587851951290432e-06,-6.866004192739839186e-06,-6.403893148507109232e-06,-5.968123381886312920e-06,-5.557576461959642596e-06,-5.171150075559452543e-06,-4.807760863382755514e-06,-4.466346901393760738e-06,-4.145869848528509044e-06,-3.845316781824279996e-06,-3.563701745248204528e-06,-3.300067025966730658e-06,-3.053484185145874516e-06,-2.823054857982830282e-06,-2.607911346924266175e-06,-2.407217020341826837e-06,-2.220166540720996671e-06,-2.045985933050536192e-06,-1.883932512683424790e-06,-1.733294686335319575e-06,-1.593391640109506983e-06,-1.463572926580448063e-06,-1.343217965563590269e-06,-1.231735466435650122e-06,-1.128562786730284262e-06,-1.033165231527489654e-06,-9.450353077005101376e-07,-8.636919387464897815e-07,-7.886796459585506860e-07,-7.195677075455005712e-07,-6.559492978232268066e-07,-5.974406138957375883e-07,-5.436799949151322124e-07,-4.943270394470011098e-07,-4.490617223657090412e-07,-4.075835184602581727e-07,-3.696105343784976424e-07,-3.348786513434973986e-07,-3.031406820806537219e-07,-2.741655455022682091e-07,-2.477374571088292351e-07,-2.236551417031902177e-07,-2.017310672348112441e-07,-1.817906994928047578e-07,-1.636717825969130000e-07,-1.472236429360973437e-07,-1.323065176706159059e-07,-1.187909076664336395e-07,-1.065569598835285821e-07,-9.549387034788294258e-08,-8.549931581021853425e-08,-7.647891135968727443e-08,-6.834568994495655237e-08,-6.101961083070253705e-08,-5.442709068069708765e-08,-4.850055794135737132e-08,-4.317803210626179352e-08,-3.840272558218510549e-08,-3.412266768145389153e-08,-3.029034950165113107e-08,-2.686238975571717155e-08,-2.379922322533349010e-08,-2.106480440200354481e-08,-1.862633377651487468e-08,-1.645399664285958775e-08,-1.452072620879125259e-08,-1.280197816029827611e-08,-1.127551690238602667e-08,-9.921228916505444623e-09,-8.720933224127297764e-09,-7.658222951566798118e-09
-3.497397028636106903e-05,-3.347033436879219911e-05,-3.199943336916982419e-05,-3.056307081191655717e-05,-2.916280595468177334e-05,-2.779996361142694869e-05,-2.647564464920817349e-05,-2.519073702401184291e-05,-2.394592722655205797e-05,-2.274171201819215246e-05,-2.157841034358734184e-05,-2.045617531911159983e-05,-1.937500620412949191e-05,-1.833476026787183848e-05,-1.733516448172487710e-05,-1.637582696448468153e-05,-1.545624812913204050e-05,-1.457583147602286872e-05,-1.373389399663422751e-05,-1.292967614720562575e-05,-1.216235137217453030e-05,-1.143103515013752865e-05,-1.073479355330797093e-05,-1.007265130522524131e-05,-9.443599339341191571e-06,-8.846601851285444356e-06,-8.280602853667162159e-06,-7.744532239977538576e-06,-7.237311365994004785e-06,-6.757858162413412834e-06,-6.305091795725644636e-06,-5.877936891617428754e-06,-5.475327338591643804e-06,-5.096209695075001092e-06,-4.739546214320175314e-06,-4.404317512148713907e-06,-4.089524896999999554e-06,-3.794192382277551231e-06,-3.517368401136362590e-06,-3.258127248531257306e-06,-3.015570263974905062e-06,-2.788826780565249688e-06,-2.577054854637419600e-06,-2.379441798686398907e-06,-2.195204529633274423e-06,-2.023589755199956303e-06,-1.863874008935327881e-06,-1.715363552173028552e-06,-1.577394156201300245e-06,-1.449330777857653028e-06,-1.330567140299419619e-06,-1.220525232778580456e-06,-1.118654737186492521e-06,-1.024432395289435580e-06,-9.373613212853547044e-07,-8.569702728455391624e-07,-7.828128862688375570e-07,-7.144668814407134987e-07,-6.515332472865066024e-07,-5.936354100744785879e-07,-5.404183915075699397e-07,-4.915479614030014344e-07,-4.467097901919275415e-07,-4.056086026952273333e-07,-3.679673397499591740e-07,-3.335263293071301966e-07,-3.020424692659536610e-07,-2.732884251956610489e-07,-2.470518461794979859e-07,-2.231345969893752553e-07,-2.013520124904794897e-07,-1.815321731979675406e-07,-1.635152017758774482e-07,-1.471525847811414012e-07,-1.323065175675287139e-07,-1.188492732644133968e-07,-1.066625956767451460e-07,-9.563712043705826387e-08,-8.567181654514947381e-08,-7.667345533211264258e-08,-6.855610435402067805e-08,-6.124064259535503756e-08,-5.465430302495911773e-08,-4.873023690198756745e-08,-4.340710031720108524e-08,-3.862866425237732471e-08,-3.434344608519908208e-08,-3.050436200721037719e-08,-2.706839918750546608e-08,-2.399630766790575528e-08,-2.125231332003184573e-08,-1.880384531054290609e-08,-1.662128452404606772e-08,-1.467772395168064042e-08,-1.294875135314253028e-08,-1.141224282480596985e-08,-1.004816741796797306e-08,-8.838416264404818296e-09,-7.766629863204172908e-09,-6.818053255891372070e-09
-3.240678367348002613e-05,-3.100670175664663593e-05,-2.963727586221891978e-05,-2.830019252172657807e-05,-2.699690925214176274e-05,-2.572866369946293015e-05,-2.449648342652857547e-05,-2.330119621846407012e-05,-2.214344078433994414e-05,-2.102367774205508925e-05,-1.994220077942175106e-05,-1.889914789599162636e-05,-1.789451263756639096e-05,-1.692815524067081730e-05,-1.599981362014608985e-05,-1.510911413095756748e-05,-1.425558205491051368e-05,-1.343865175968187147e-05,-1.265767649546149396e-05,-1.191193779025337244e-05,-1.120065442400432752e-05,-1.052299095524730164e-05,-9.878065790937836697e-06,-9.264958784620710625e-06,-8.682718364625974307e-06,-8.130368185133567154e-06,-7.606913307887228955e-06,-7.111345920307479443e-06,-6.642650597641805535e-06,-6.199809121744679889e-06,-5.781804872277390746e-06,-5.387626803624346946e-06,-5.016273024139034657e-06,-4.666753999439315799e-06,-4.338095393394424000e-06,-4.029340570291673364e-06,-3.739552776633057558e-06,-3.467817021522992744e-06,-3.213241674793172005e-06,-2.974959806252251907e-06,-2.752130279139205333e-06,-2.543938621837287967e-06,-2.349597691780468133e-06,-2.168348152905386560e-06,-1.999458778441503482e-06,-1.842226600521789078e-06,-1.695976916935555149e-06,-1.560063172311323069e-06,-1.433866726560950266e-06,-1.316796523114346509e-06,-1.208288668344939041e-06,-1.107805935222876222e-06,-1.014837198800755567e-06,-9.288968166535352623e-07,-8.495239589455409308e-07,-7.762819004184534107e-07,-7.087572797875558071e-07,-6.465593321227500554e-07,-5.893191040468477689e-07,-5.366886542658611011e-07,-4.883402459064133774e-07,-4.439655351706384141e-07,-4.032747612434220716e-07,-3.659959389154111152e-07,-3.318740599321402502e-07,-3.006703046635997000e-07,-2.721612661954288277e-07,-2.461381897234833460e-07,-2.224062301955910516e-07,-2.007837266270876524e-07,-1.811014983591969025e-07,-1.632021622766822401e-07,-1.469394708304685304e-07,-1.321776745988857940e-07,-1.187909075350002782e-07,-1.066625956413671209e-07,-9.568488889913507233e-08,-8.575812017700919114e-08,-7.679028414934772357e-08,-6.869654232307456814e-08,-6.139875189500103463e-08,-5.482501520182152562e-08,-4.890925494597147734e-08,-4.359081022257954132e-08,-3.881405367535828120e-08,-3.452803080986890637e-08,-3.068611957971710061e-08,-2.724570967275918188e-08,-2.416790040006955904e-08,-2.141721711039373006e-08,-1.896134717190619190e-08,-1.677088974684222364e-08,-1.481912492519148479e-08,-1.308179424325283237e-08,-1.153690158672492352e-08,-1.016452443168657542e-08,-8.946635501961994911e-09,-7.866946559346626982e-09,-6.910751215017032144e-09,-6.064792732821150417e-09
-2.997348203737990041e-05,-2.867250066023878429e-05,-2.740016160133549851e-05,-2.615803825935383116e-05,-2.494748983809138405e-05,-2.376966984144021806e-05,-2.262553518192982711e-05,-2.151585578410255178e-05,-2.044122456880742762e-05,-1.940206771217491897e-05,-1.839865507855395491e-05,-1.743111073739627944e-05,-1.649942348091607756e-05,-1.560345726433858254e-05,-1.474296150530631140e-05,-1.391758117713511972e-05,-1.312686664885772566e-05,-1.237028322205151938e-05,-1.164722033103759663e-05,-1.095700036929514381e-05,-1.029888712267890396e-05,-9.672093784175868190e-06,-9.075790540735973781e-06,-8.509111717778500809e-06,-7.971162482300197873e-06,-7.461025097530997433e-06,-6.977764735961150314e-06,-6.520434855768817274e-06,-6.088082147589815224e-06,-5.679751063170465657e-06,-5.294487940539679170e-06,-4.931344738055212982e-06,-4.589382392897279921e-06,-4.267673824244295889e-06,-3.965306594097127530e-06,-3.681385247733131132e-06,-3.415033351227689107e-06,-3.165395243975249182e-06,-2.931637524349857830e-06,-2.712950290489508807e-06,-2.508548148851328203e-06,-2.317671013125973753e-06,-2.139584706957348000e-06,-1.973581390550751921e-06,-1.818979822614342133e-06,-1.675125477851375099e-06,-1.541390530039894753e-06,-1.417173717002293356e-06,-1.301900099796755420e-06,-1.195020727975890064e-06,-1.096012221906484431e-06,-1.004376284408814541e-06,-9.196391491089020515e-07,-8.413509778370246676e-07,-7.690852117295592237e-07,-7.024378874910007997e-07,-6.410269241296717732e-07,-5.844913855875175729e-07,-5.324907282966722503e-07,-4.847040362758959110e-07,-4.408292497950659800e-07,-4.005823918333925360e-07,-3.636967969693504659e-07,-3.299223441533896844e-07,-2.990246988496995481e-07,-2.707845660998730590e-07,-2.449969564514439499e-07,-2.214704673815634451e-07,-2.000265828895356982e-07,-1.804989898756987593e-07,-1.627329160065976638e-07,-1.465844881678887669e-07,-1.319201113933452775e-07,-1.186158715031095558e-07,-1.065569598030258296e-07,-9.563712043720607111e-08,-8.575812020445157632e-08,-7.682924403462487151e-08,-6.876680994801475106e-08,-6.149370877534887401e-08,-5.493896655765615369e-08,-4.903732672985550352e-08,-4.372885652274351252e-08,-3.895857316653818966e-08,-3.467609009332370241e-08,-3.083528395056103841e-08,-2.739398071260379645e-08,-2.431366029095573733e-08,-2.155917861426704780e-08,-1.909850705023751368e-08,-1.690248996929645072e-08,-1.494461536402821040e-08,-1.320080332005351037e-08,-1.164920527081382036e-08,-1.027002188455881173e-08,-9.045330710328458830e-09,-7.958923607185692302e-09,-6.996164146881112649e-09,-6.143844730745536161e-09,-5.390066088749288370e-09
-2.767337851380280461e-05,-2.646690929003976846e-05,-2.528714043780989706e-05,-2.413553645401694901e-05,-2.301336197110860908e-05,-2.192168963474236084e-05,-2.086140856360071884e-05,-1.983323328027742418e-05,-1.883771300662778189e-05,-1.787524122395574847e-05,-1.694606540350518931e-05,-1.605029682261734133e-05,-1.518792038822797865e-05,-1.435880439402828509e-05,-1.356271015129758962e-05,-1.279930143170975623e-05,-1.206815367737006141e-05,-1.136876293070774886e-05,-1.070055445221169475e-05,-1.006289099070290899e-05,-9.455080687273480935e-06,-8.876384588748345819e-06,-8.326023761184868008e-06,-7.803185989542638096e-06,-7.307032063810738046e-06,-6.836701644700863591e-06,-6.391318714881855345e-06,-5.969996620147870390e-06,-5.571842706825109483e-06,-5.195962565985205556e-06,-4.841463898011761319e-06,-4.507460008983952673e-06,-4.193072953444548477e-06,-3.897436342371096208e-06,-3.619697828634845691e-06,-3.359021290476951003e-06,-3.114588729436680941e-06,-2.885601899642927823e-06,-2.671283685603596686e-06,-2.470879249108886862e-06,-2.283656957414656378e-06,-2.108909113865716126e-06,-1.945952503871131728e-06,-1.794128775073534519e-06,-1.652804662756034345e-06,-1.521372079464082994e-06,-1.399248078543016096e-06,-1.285874706921923138e-06,-1.180718758939279119e-06,-1.083271442376344601e-06,-9.930479672437312942e-07,-9.095870688180960114e-07,-8.324504720708805487e-07,-7.612223090498550304e-07,-6.955084938067158184e-07,-6.349360655249417996e-07,-5.791525049617777200e-07,-5.278250294369278664e-07,-4.806398746551573406e-07,-4.373015660235726038e-07,-3.975321850630585045e-07,-3.610706348610419327e-07,-3.276719089102391890e-07,-2.971063647562361874e-07,-2.691590074543904611e-07,-2.436287843356704762e-07,-2.203278928728455265e-07,-1.990811040431631987e-07,-1.797251036111544474e-07,-1.621078501161284255e-07,-1.460879537511596099e-07,-1.315340753118734276e-07,-1.183243451356716515e-07,-1.063458048252337820e-07,-9.549387028794247078e-08,-8.567181655580033079e-08,-7.679028418329050428e-08,-6.876680995724505438e-08,-6.152537644663346267e-08,-5.499598494996673998e-08,-4.911424994021848506e-08,-4.382101241663835066e-08,-3.906197594760152439e-08,-3.478736148350402691e-08,-3.095158102996154084e-08,-2.751293081050451950e-08,-2.443330236187553170e-08,-2.167791094823784178e-08,-1.921504033147018727e-08,-1.701580372999109766e-08,-1.505392156429375475e-08,-1.330551151103371748e-08,-1.174889499033740330e-08,-1.036441382596832510e-08,-9.134263914402998542e-09,-8.042338071460518942e-09,-7.074078036391893169e-09,-6.216344486749056121e-09,-5.457287318514887305e-09,-4.786235958260581862e-09
-2.550489040817582572e-05,-2.438826356584843118e-05,-2.329647204789648738e-05,-2.223087596395622586e-05,-2.119264935520060171e-05,-2.018278748611484141e-05,-1.920211468665869225e-05,-1.825129264114537791e-05,-1.733082902430671781e-05,-1.644108639135229740e-05,-1.558229123352775631e-05,-1.475454311980463150e-05,-1.395782385114953077e-05,-1.319200655814572814e-05,-1.245686468540914806e-05,-1.175208080469166840e-05,-1.107725521428759243e-05,-1.043191428000988418e-05,-9.815518487201181462e-06,-9.227470170352317593e-06,-8.667120902099897589e-06,-8.133778518625940570e-06,-7.626713772060685415e-06,-7.145166596601440148e-06,-6.688351988112469139e-06,-6.255465490522985712e-06,-5.845688294247061606e-06,-5.458191950455875164e-06,-5.092142706925977726e-06,-4.746705475130821984e-06,-4.421047441096053683e-06,-4.114341330639528022e-06,-3.825768342594717508e-06,-3.554520767488412821e-06,-3.299804303276265076e-06,-3.060840087270980056e-06,-2.836866459711082767e-06,-2.627140474875602393e-06,-2.430939175882559422e-06,-2.247560652459032009e-06,-2.076324893331019961e-06,-1.916574453009468103e-06,-1.767674945314195957e-06,-1.629015381271232428e-06,-1.500008361984040718e-06,-1.380090144247012130e-06,-1.268720588226417793e-06,-1.165383001586908657e-06,-1.069583891296286837e-06,-9.808526336046182791e-07,-8.987410722637102455e-07,-8.228230557429875193e-07,-7.526939203013179727e-07,-6.879699297231407131e-07,-6.282876762091082514e-07,-5.733034523086633658e-07,-5.226925987893198593e-07,-4.761488334632712112e-07,-4.333835685646350803e-07,-3.941252193440633711e-07,-3.581185090705405046e-07,-3.251237741170649504e-07,-2.949162731875162362e-07,-2.672855020668545060e-07,-2.420345184457126891e-07,-2.189792782569850259e-07,-1.979479851714979588e-07,-1.787804554315565364e-07,-1.613275002151223471e-07,-1.454503244614539473e-07,-1.310199458830148310e-07,-1.179166334116590200e-07,-1.060293650236993233e-07,-9.525530735279170099e-08,-8.549931578074279354e-08,-7.667345536231219941e-08,-6.869654237132810285e-08,-6.149370879984374336e-08,-5.499598496403270146e-08,-4.913990414499568006e-08,-4.386712752979538078e-08,-3.912408713536544513e-08,-3.486164993524737424e-08,-3.103479970882248704e-08,-2.760233661643734538e-08,-2.452659497567646140e-08,-2.177317782427021991e-08,-1.931070765143676338e-08,-1.711059239875383182e-08,-1.514680653263115295e-08,-1.339568761951936736e-08,-1.183574446226689294e-08,-1.044748033875596612e-08,-9.213225800692264502e-09,-8.116986979718396594e-09,-7.144302493858832255e-09,-6.282108898468418427e-09,-5.518622365318295589e-09,-4.843221057692552299e-09,-4.246345422292700837e-09
-2.346566394761656486e-05,-2.243417567839948990e-05,-2.142573844109474965e-05,-2.044161267769911835e-05,-1.948288598853318421e-05,-1.855047986945723709e-05,-1.764515696770659861e-05,-1.676752875981397982e-05,-1.591806355890998555e-05,-1.509709476444512588e-05,-1.430482927169552990e-05,-1.354135596682377109e-05,-1.280665423861217776e-05,-1.210060244200384467e-05,-1.142298626029039283e-05,-1.077350691138409094e-05,-1.015178915816250475e-05,-9.557389080780326937e-06,-8.989801581942950543e-06,-8.448467593601961914e-06,-7.932780967561759642e-06,-7.442095028217637955e-06,-6.975728778198377628e-06,-6.532972744242531137e-06,-6.113094462653825150e-06,-5.715343597896197078e-06,-5.338956698887872943e-06,-4.983161596330098924e-06,-4.647181446262940187e-06,-4.330238428682847168e-06,-4.031557112777133177e-06,-3.750367498600507570e-06,-3.485907747862224686e-06,-3.237426620015157781e-06,-3.004185624574775717e-06,-2.785460907467743045e-06,-2.580544885892273172e-06,-2.388747646610534502e-06,-2.209398122829510947e-06,-2.041845067674461190e-06,-1.885457835358443622e-06,-1.739626988489803472e-06,-1.603764743263904029e-06,-1.477305269006699795e-06,-1.359704852196733676e-06,-1.250441941561331612e-06,-1.149017083166699639e-06,-1.054952758951912149e-06,-9.677931393600820345e-07,-8.871037599063696432e-07,-8.124711312484674224e-07,-7.435022927981843553e-07,-6.798243164284563116e-07,-6.210837703553047690e-07,-5.669461475506173975e-07,-5.170952678431050187e-07,-4.712326583692259220e-07,-4.290769171651722334e-07,-3.903630668483136221e-07,-3.548419010267156642e-07,-3.222793282367183345e-07,-2.924557168241392718e-07,-2.651652445469953923e-07,-2.402152542316518699e-07,-2.174256196184073184e-07,-1.966281227658152441e-07,-1.776658445241690686e-07,-1.603925700557054668e-07,-1.446722113816976210e-07,-1.303782460153858475e-07,-1.173931749901907734e-07,-1.056079995946206211e-07,-9.492171677584965828e-08,-8.524083528429948749e-08,-7.647891138920912550e-08,-6.855610442956553492e-08,-6.139875198047062947e-08,-5.493896661711786659e-08,-4.911424998551542480e-08,-4.386712755863454976e-08,-3.914480249483318740e-08,-3.489882652572979670e-08,-3.108479060520535446e-08,-2.766203223080228710e-08,-2.459335937144671722e-08,-2.184479134804966716e-08,-1.938531538233786337e-08,-1.718665819937873496e-08,-1.522307184639044914e-08,-1.347113350756746170e-08,-1.190955960872059860e-08,-1.051903074360393060e-08,-9.282030456417886531e-09,-8.182692977091020478e-09,-7.206665076891892729e-09,-6.340975956914705600e-09,-5.573915085345067952e-09,-4.894924644826241820e-09,-4.294493005239521076e-09,-3.764064210593636367e-09
-2.155268559242576001e-05,-2.060163986713181539e-05,-1.967194432085398403e-05,-1.876476458356358127e-05,-1.788110607577373485e-05,-1.702182022222849402e-05,-1.618761115273123892e-05,-1.537904280042882640e-05,-1.459654631139259203e-05,-1.384042768454914218e-05,-1.311087556498142319e-05,-1.240796912135099070e-05,-1.173168594310273344e-05,-1.108190989683484673e-05,-1.045843889201167947e-05,-9.860992504929157903e-06,-9.289219423284204733e-06,-8.742704671836072194e-06,-8.220976591711783002e-06,-7.723513543694775744e-06,-7.249750318759268488e-06,-6.799084235282581556e-06,-6.370880913949514583e-06,-5.964479718319412458e-06,-5.579198860069077632e-06,-5.214340162742987645e-06,-4.869193487983427795e-06,-4.543040827140737420e-06,-4.235160062971283244e-06,-3.944828409488622754e-06,-3.671325540616037541e-06,-3.413936416715982132e-06,-3.171953820774345726e-06,-2.944680619218902163e-06,-2.731431757634966935e-06,-2.531536007902952465e-06,-2.344337480300764622e-06,-2.169196914531337783e-06,-2.005492763871651336e-06,-1.852622089211669122e-06,-1.710001273524398519e-06,-1.577066573926775470e-06,-1.453274522466526089e-06,-1.338102190976925927e-06,-1.231047329630786072e-06,-1.131628394657413796e-06,-1.039384473715511025e-06,-9.538751214725736032e-07,-8.746801154560385566e-07,-8.013991413765830368e-07,-7.336514169761093431e-07,-6.710752637477968634e-07,-6.133276327612166378e-07,-5.600835939696340118e-07,-5.110357931966420747e-07,-4.658938852665474074e-07,-4.243839476983356945e-07,-3.862478795127714487e-07,-3.512427915024995698e-07,-3.191403905483886345e-07,-2.897263624123536111e-07,-2.627997561715756414e-07,-2.381723738020946200e-07,-2.156681661863495671e-07,-1.951226392980878418e-07,-1.763822718614789100e-07,-1.593039458660399636e-07,-1.437543917291166373e-07,-1.296096498908730477e-07,-1.167545480129748677e-07,-1.050821967175469251e-07,-9.449350323563460935e-08,-8.489670293934143327e-08,-7.620691053619017915e-08,-6.834568987938458202e-08,-6.124064258137047067e-08,-5.482501520623726719e-08,-4.903732672013625043e-08,-4.382101240176119633e-08,-3.912408711276206653e-08,-3.489882648385142900e-08,-3.110146416264759480e-08,-2.769190743330229908e-08,-2.463346846716698968e-08,-2.189261108383872685e-08,-1.943871326230601061e-08,-1.724384423602650697e-08,-1.528255556770755302e-08,-1.353168542532808571e-08,-1.197017582363629601e-08,-1.057890301297083107e-08,-9.340517964908923127e-09,-8.239299550064087197e-09,-7.261016072331786045e-09,-6.392799644172125031e-09,-5.623028041549777601e-09,-4.941213932607715907e-09,-4.337907248852207406e-09,-3.804598826266883265e-09,-3.333638350009251157e-09
-1.976239258897056729e-05,-1.888713729681072462e-05,-1.803161642142951562e-05,-1.719690571123476673e-05,-1.638393272585582936e-05,-1.559348255686010998e-05,-1.482620400466428659e-05,-1.408261612850149488e-05,-1.336311508954847078e-05,-1.266798121203527354e-05,-1.199738619079513671e-05,-1.135140038081042881e-05,-1.073000010881061873e-05,-1.013307495042095377e-05,-9.560434926296122548e-06,-9.011817569530778315e-06,-8.486894829030724205e-06,-7.985279771872851368e-06,-7.506533058774808459e-06,-7.050169164864394811e-06,-6.615662329826389133e-06,-6.202452218069441040e-06,-5.809949280224989835e-06,-5.437539804602840973e-06,-5.084590657361319564e-06,-4.750453705512860421e-06,-4.434469926221069696e-06,-4.135973204906689133e-06,-3.854293826427618589e-06,-3.588761666688336154e-06,-3.338709094476658539e-06,-3.103473591897821505e-06,-2.882400104334144422e-06,-2.674843133764270071e-06,-2.480168585054190053e-06,-2.297755380531549358e-06,-2.126996855476377101e-06,-1.967301947558412151e-06,-1.818096193483231941e-06,-1.678822548430826764e-06,-1.548942038255767878e-06,-1.427934260381582516e-06,-1.315297743905693258e-06,-1.210550183176314698e-06,-1.113228553964294827e-06,-1.022889126605435992e-06,-9.391073841660768331e-07,-8.614778573147779480e-07,-7.896138853760878154e-07,-7.231473121473028448e-07,-6.617281250124956531e-07,-6.050240460376568746e-07,-5.527200809488213344e-07,-5.045180346963021465e-07,-4.601359976250966310e-07,-4.193078100602241590e-07,-3.817825094799485255e-07,-3.473237645777024746e-07,-3.157093020079265031e-07,-2.867303283221838568e-07,-2.601909511763450181e-07,-2.359076027343042798e-07,-2.137084685170236970e-07,-1.934329229091125386e-07,-1.749309747243540734e-07,-1.580627240521064050e-07,-1.426978316453183448e-07,-1.287150024707597152e-07,-1.160014850275756010e-07,-1.044525857037579255e-07,-9.397120077285406246e-08,-8.446736545300403157e-08,-7.585782001067608160e-08,-6.806559443173767461e-08,-6.101961072310979159e-08,-5.465430296831074535e-08,-4.890925491035620360e-08,-4.372885647921607755e-08,-3.906197590318162110e-08,-3.486164988755865169e-08,-3.108479054383821448e-08,-2.769190741134821094e-08,-2.464684651818614941e-08,-2.191654404991681348e-08,-1.947079446344707249e-08,-1.728203319784529327e-08,-1.532513292404862618e-08,-1.357721274484133169e-08,-1.201745962295452200e-08,-1.062696179180638315e-08,-9.388554240392340116e-09,-8.286673590087929663e-09,-7.307224578639224668e-09,-6.437454319916270036e-09,-5.665838226454917435e-09,-4.981972876223068012e-09,-4.376475701367121146e-09,-3.840896489321382390e-09,-3.367630327728489146e-09,-2.949843316109858215e-09
-1.809077039394717441e-05,-1.728672846316417662e-05,-1.650089101080166762e-05,-1.573424885573325687e-05,-1.498765602767150097e-05,-1.426183502483206712e-05,-1.355738249758871959e-05,-1.287477528121169510e-05,-1.221437670376056039e-05,-1.157644309946773031e-05,-1.096113046127681400e-05,-1.036850117270365519e-05,-9.798530763307761979e-06,-9.251114635238628741e-06,-8.726074717452223965e-06,-8.223166003162244841e-06,-7.742082937496664756e-06,-7.282465620859533838e-06,-6.843905803680551804e-06,-6.425952646555000057e-06,-6.028118230691317158e-06,-5.649882800508150495e-06,-5.290699730033255878e-06,-4.950000202388258442e-06,-4.627197600926206928e-06,-4.321691606445842460e-06,-4.032872003483462842e-06,-3.760122197864505283e-06,-3.502822449376081952e-06,-3.260352826261014820e-06,-3.032095890535311554e-06,-2.817439121836546940e-06,-2.615777089922949774e-06,-2.426513388577374340e-06,-2.249062339895241045e-06,-2.082850483116371366e-06,-1.927317859757284981e-06,-1.781919107176591759e-06,-1.646124372931800725e-06,-1.519420064379335821e-06,-1.401309442911922216e-06,-1.291313077595748055e-06,-1.188969168104392084e-06,-1.093833750177844142e-06,-1.005480792214927558e-06,-9.235021963332151939e-07,-8.475077115018039752e-07,-7.771247695966892905e-07,-7.119982532699812024e-07,-6.517902036166638981e-07,-5.961794756557098934e-07,-5.448613496752211480e-07,-4.975471040074247551e-07,-4.539635572928253867e-07,-4.138525840631819013e-07,-3.769706108335829732e-07,-3.430880966282427080e-07,-3.119890019889157890e-07,-2.834702517479170632e-07,-2.573411939787593686e-07,-2.334230588759544211e-07,-2.115484202617460956e-07,-1.915606627209884314e-07,-1.733134555107460914e-07,-1.566702363227163717e-07,-1.415037060444922452e-07,-1.276953356674644809e-07,-1.151348868047052700e-07,-1.037199472614973859e-07,-9.335548101441764124e-08,-8.395339490209825205e-08,-7.543212149816540680e-08,-6.771621815390148494e-08,-6.073598351078311496e-08,-5.442709064340463573e-08,-4.873023690319472175e-08,-4.359081023653885605e-08,-3.895857316858644767e-08,-3.478736147998303006e-08,-3.103479969840190391e-08,-2.766203220488347596e-08,-2.463346847247783332e-08,-2.191654407179873177e-08,-1.948149528675193646e-08,-1.730114714663099292e-08,-1.535071495462917790e-08,-1.360761835336884038e-08,-1.205130735859043383e-08,-1.066309969246410134e-08,-9.426029166171532873e-09,-8.324705131248686943e-09,-7.345180642069560832e-09,-6.474831216417856845e-09,-5.702240810408219461e-09,-5.017098372580480861e-09,-4.410100827296973602e-09,-3.872862353562914358e-09,-3.397834271550866700e-09,-2.978226488492617024e-09,-2.607940331406267853e-09
-1.653344131599705774e-05,-1.579613721361088487e-05,-1.507559339808292972e-05,-1.437272068647736439e-05,-1.368830388227542397e-05,-1.302300659913908915e-05,-1.237737648136912085e-05,-1.175185075006360746e-05,-1.114676200671210502e-05,-1.056234422981253319e-05,-9.998738903137645252e-06,-9.456001220229930007e-06,-8.934106313466476363e-06,-8.432955458964537147e-06,-7.952382216971100564e-06,-7.492158466455095479e-06,-7.052000303097221096e-06,-6.631573768569768451e-06,-6.230500388329558527e-06,-5.848362493688856305e-06,-5.484708313934142832e-06,-5.139056821511811635e-06,-4.810902322305633759e-06,-4.499718780946772165e-06,-4.204963879587537122e-06,-3.926082804872953289e-06,-3.662511765711511369e-06,-3.413681243733410110e-06,-3.179018979929151835e-06,-2.957952703565722663e-06,-2.749912611638594901e-06,-2.554333605945783520e-06,-2.370657297136932633e-06,-2.198333787475818685e-06,-2.036823240682634173e-06,-1.885597251926133202e-06,-1.744140028881067467e-06,-1.611949395121325089e-06,-1.488537627336879437e-06,-1.373432139748304124e-06,-1.266176024541691654e-06,-1.166328461973589799e-06,-1.073465009429551997e-06,-9.871777816800088763e-07,-9.070755304273214826e-07,-8.327836354848818143e-07,-7.639440147448432919e-07,-7.002149629875380792e-07,-6.412709278487839748e-07,-5.868022303555228920e-07,-5.365147375352611455e-07,-4.901294945449721306e-07,-4.473823215488306325e-07,-4.080233827913811451e-07,-3.718167314966759835e-07,-3.385398372017680162e-07,-3.079830992023549543e-07,-2.799493499077787982e-07,-2.542533529131346839e-07,-2.307212980959689794e-07,-2.091902971798334603e-07,-1.895078822468668003e-07,-1.715315099652166181e-07,-1.551280726104674788e-07,-1.401734186627188176e-07,-1.265518840496054621e-07,-1.141558350779330566e-07,-1.028852243730775440e-07,-9.264716111980799032e-08,-8.335549503619153731e-08,-7.493041611626778912e-08,-6.729806965642494809e-08,-6.039018655592210946e-08,-5.414372999871673013e-08,-4.850055776358251987e-08,-4.340710018973903794e-08,-3.881405357371181290e-08,-3.467608999439916125e-08,-3.095158093756602228e-08,-2.760233652836356097e-08,-2.459335927909647522e-08,-2.189261102692425378e-08,-1.947079442847718491e-08,-1.730114709880027985e-08,-1.535924817860385027e-08,-1.362283735205025241e-08,-1.207164544570523605e-08,-1.068723606270389442e-08,-9.452857634473922931e-09,-8.353305638806119873e-09,-7.374794947201225974e-09,-6.504840229927394261e-09,-5.732146022586575116e-09,-5.046503467665547259e-09,-4.438696640116962832e-09,-3.900414809858055703e-09,-3.424170499623926811e-09,-3.003227060376013882e-09,-2.631527873894495916e-09,-2.303635703982649649e-09
-1.508574877060627053e-05,-1.441083050329380731e-05,-1.375131330421909347e-05,-1.310803285265689847e-05,-1.248170896855263203e-05,-1.187295003065550765e-05,-1.128225776309188503e-05,-1.071003232497679236e-05,-1.015657764015777818e-05,-9.622106907660601336e-06,-9.106748236177271763e-06,-8.610550351375255272e-06,-8.133488328239293734e-06,-7.675469303350450313e-06,-7.236338129673674315e-06,-6.815882935595131989e-06,-6.413840559556667262e-06,-6.029901830482627234e-06,-5.663716672729992476e-06,-5.314899013030484980e-06,-4.983031476048197677e-06,-4.667669852720307202e-06,-4.368347333799867430e-06,-4.084578499189568375e-06,-3.815863061408510343e-06,-3.561689358238644617e-06,-3.321537596802207001e-06,-3.094882850701286580e-06,-2.881197813376791647e-06,-2.679955313228601238e-06,-2.490630598061551933e-06,-2.312703395362011330e-06,-2.145659757032808209e-06,-1.988993699371462960e-06,-1.842208646067978777e-06,-1.704818686263691931e-06,-1.576349657782673773e-06,-1.456340065981320175e-06,-1.344341848869959336e-06,-1.239921000857197054e-06,-1.142658063376729025e-06,-1.052148494991834922e-06,-9.680029296584171557e-07,-8.898473344553620616e-07,-8.173230743667267754e-07,-7.500868955129960033e-07,-6.878108335424818477e-07,-6.301820564770509039e-07,-5.769026497672345142e-07,-5.276893504191772895e-07,-4.822732371979160569e-07,-4.403993837794431440e-07,-4.018264797476407561e-07,-3.663264263017916229e-07,-3.336839101010602982e-07,-3.036959613084167788e-07,-2.761714992688432303e-07,-2.509308693703350469e-07,-2.278053754579210241e-07,-2.066368099941020815e-07,-1.872769851182635758e-07,-1.695872668838886814e-07,-1.534381152165447877e-07,-1.387086306038182983e-07,-1.252861100274758460e-07,-1.130656131335428576e-07,-1.019495395854568961e-07,-9.184721878754218229e-08,-8.267451313690265078e-08,-7.435343430193629278e-08,-6.681177432444234222e-08,-5.998275110109455872e-08,-5.380466823598386657e-08,-4.822059020432265120e-08,-4.317803215134051640e-08,-3.862866431877042733e-08,-3.452803087846085358e-08,-3.083528400345647249e-08,-2.751293085274110273e-08,-2.452659500732369018e-08,-2.184479136325502029e-08,-1.943871329708190118e-08,-1.728203324190515462e-08,-1.535071497838454116e-08,-1.362283740995730912e-08,-1.207842979853432071e-08,-1.069931767343968622e-08,-9.468978892843688466e-09,-8.372409288171281078e-09,-7.395997642701241765e-09,-6.527409923700570271e-09,-5.755480948518762254e-09,-5.070114844695114827e-09,-4.462191669779969201e-09,-3.923482702611255145e-09,-3.446571203079120263e-09,-3.024778494437499387e-09,-2.652098577448956643e-09,-2.323134400859543410e-09,-2.033043170138466829e-09
-1.374282956780402924e-05,-1.312608679817439748e-05,-1.252346947448559515e-05,-1.193574290543232140e-05,-1.136356608092666730e-05,-1.080749571189657641e-05,-1.026799061141505263e-05,-9.745416357030581116e-06,-9.240050176447069444e-06,-8.752086001832934045e-06,-8.281639640563051016e-06,-7.828754015155817706e-06,-7.393404428295338986e-06,-6.975503811301092175e-06,-6.574907921414325081e-06,-6.191420452526773808e-06,-5.824798032771318545e-06,-5.474755081374386531e-06,-5.140968504967698385e-06,-4.823082212465474135e-06,-4.520711435977458925e-06,-4.233446843037093032e-06,-3.960858432972905050e-06,-3.702499208645327515e-06,-3.457908621840946379e-06,-3.226615787682323513e-06,-3.008142469998142617e-06,-2.802005839060317351e-06,-2.607721004539642993e-06,-2.424803328711020059e-06,-2.252770526827124997e-06,-2.091144560622150829e-06,-1.939453332889246035e-06,-1.797232193023843681e-06,-1.664025260743300862e-06,-1.539386579056152938e-06,-1.422881105827056024e-06,-1.314085553597146209e-06,-1.212589087517105942e-06,-1.117993892775946558e-06,-1.029915619234499473e-06,-9.479837148628136692e-07,-8.718416560744740769e-07,-8.011470853817662836e-07,-7.355718634561944720e-07,-6.748020460982101792e-07,-6.185377923888854947e-07,-5.664932125976767614e-07,-5.183961630572352216e-07,-4.739879943460882394e-07,-4.330232592965012484e-07,-3.952693871577978622e-07,-3.605063284841216389e-07,-3.285261770635591223e-07,-2.991327721090056256e-07,-2.721412862624205016e-07,-2.473778026102316550e-07,-2.246788840149149788e-07,-2.038911387299689773e-07,-1.848707843720647531e-07,-1.674832131323109635e-07,-1.516025603143513204e-07,-1.371112785321842018e-07,-1.238997185112598495e-07,-1.118657187551722109e-07,-1.009142050008956070e-07,-9.095680031757629033e-08,-8.191144691570640943e-08,-7.370204070173044716e-08,-6.625807813476998469e-08,-5.951431696967717130e-08,-5.341045047976440224e-08,-4.789079515102609294e-08,-4.290399264365458838e-08,-3.840272541363240466e-08,-3.434344595916534408e-08,-3.068611947676511631e-08,-2.739398061485026510e-08,-2.443330227138624755e-08,-2.177317773943570125e-08,-1.938531529643952427e-08,-1.724384417890608579e-08,-1.532513288559815449e-08,-1.360761830628687796e-08,-1.207164543683514673e-08,-1.069931762096019164e-08,-9.474356606361045895e-09,-8.381971921226981021e-09,-7.408739047019788097e-09,-6.542486143815837505e-09,-5.772189214799337582e-09,-5.087874112245631618e-09,-4.480526535610180126e-09,-3.942007699573919896e-09,-3.464977837891206070e-09,-3.042824732155954679e-09,-2.669597117902996600e-09,-2.339945731988386862e-09,-2.049066014512571384e-09,-1.792648854006708673e-09
-1.249968331871195384e-05,-1.193706166151612785e-05,-1.138737154586952170e-05,-1.085131255257017809e-05,-1.032948688224726290e-05,-9.822403043072300505e-06,-9.330479853914402922e-06,-8.854050707764152977e-06,-8.393368042327068942e-06,-7.948607967506368373e-06,-7.519875001787460319e-06,-7.107206874053970883e-06,-6.710579350208366312e-06,-6.329911046236220333e-06,-5.965068195746666956e-06,-5.615869339356506577e-06,-5.282089911320582635e-06,-4.963466697911964585e-06,-4.659702149164976292e-06,-4.370468524654651097e-06,-4.095411861614495653e-06,-3.834155751742565583e-06,-3.586304919939819929e-06,-3.351448596818411174e-06,-3.129163683253716982e-06,-2.919017702645433571e-06,-2.720571542564428184e-06,-2.533381986996540876e-06,-2.357004041756286275e-06,-2.190993057632706062e-06,-2.034906657585798350e-06,-1.888306473448915885e-06,-1.750759699437146777e-06,-1.621840471519635480e-06,-1.501131079326121759e-06,-1.388223020751943939e-06,-1.282717907881503660e-06,-1.184228233143691364e-06,-1.092378004799174478e-06,-1.006803262229850877e-06,-9.271524782045724093e-07,-8.530868587821998895e-07,-7.842805483755384182e-07,-7.204207495651040713e-07,-6.612077642602497263e-07,-6.063549658682958410e-07,-5.555887083167193162e-07,-5.086481798214712437e-07,-4.652852080882169335e-07,-4.252640227925076523e-07,-3.883609813855663037e-07,-3.543642640448135626e-07,-3.230735420196160965e-07,-2.942996251723985194e-07,-2.678640917303267177e-07,-2.435989053224012100e-07,-2.213460222700580084e-07,-2.009569921998714147e-07,-1.822925555749116257e-07,-1.652222400959419057e-07,-1.496239586022857386e-07,-1.353836103810734571e-07,-1.223946880204233788e-07,-1.105578906836862179e-07,-9.978074584084459076e-08,-8.997724030972702970e-08,-8.106746137896060694e-08,-7.297724896979370220e-08,-6.563785976036870499e-08,-5.898564288058269934e-08,-5.296172857237604293e-08,-4.751172944340330359e-08,-4.258545430525411697e-08,-3.813663526769142759e-08,-3.412266754315495764e-08,-3.050436190479124279e-08,-2.724570958930612102e-08,-2.431366021108667139e-08,-2.167791087366802572e-08,-1.931070758105769576e-08,-1.718665812748856057e-08,-1.528255552032891070e-08,-1.357721271342177609e-08,-1.205130731913426272e-08,-1.068723605645093177e-08,-9.468978848026903912e-09,-8.381971922199970414e-09,-7.412989453694002386e-09,-6.550033261621524242e-09,-5.782230328233077918e-09,-5.099738001235210811e-09,-4.493655477380886546e-09,-3.955942538335972377e-09,-3.479343493140296626e-09,-3.057318192356936536e-09,-2.683977648897966859e-09,-2.354024118538786952e-09,-2.062698017826491321e-09,-1.805726470380803266e-09,-1.579279005441090714e-09
-1.135122887315872029e-05,-1.083884106294201623e-05,-1.033827030470069576e-05,-9.850154947085651430e-06,-9.375044310519555646e-06,-8.913402047963949311e-06,-8.465609796517810148e-06,-8.031971069315749646e-06,-7.612715339082711739e-06,-7.208002267235650629e-06,-6.817926034504004693e-06,-6.442519733147310940e-06,-6.081759783430728389e-06,-5.735570339091914787e-06,-5.403827652356393111e-06,-5.086364368464901274e-06,-4.782973727005767315e-06,-4.493413646552983545e-06,-4.217410675583289258e-06,-3.954663791838586398e-06,-3.704848039245454020e-06,-3.467617989768006026e-06,-3.242611023854646875e-06,-3.029450421910606162e-06,-2.827748265077883097e-06,-2.637108141287908524e-06,-2.457127658030166133e-06,-2.287400762877510377e-06,-2.127519874087843512e-06,-1.977077825414216493e-06,-1.835669630884845564e-06,-1.702894074537272713e-06,-1.578355131802785190e-06,-1.461663230821377316e-06,-1.352436359843691223e-06,-1.250301030033077321e-06,-1.154893101601088050e-06,-1.065858481484146548e-06,-9.828537009434711601e-07,-9.055463827004259011e-07,-8.336156042650165032e-07,-7.667521672376177618e-07,-7.046587795588461626e-07,-6.470501595112312433e-07,-5.936530675988868437e-07,-5.442062751725812833e-07,-4.984604752307144707e-07,-4.561781426473564534e-07,-4.171333500117888518e-07,-3.811115444578984858e-07,-3.479092910781214439e-07,-3.173339882606777353e-07,-2.892035588925563209e-07,-2.633461227433299627e-07,-2.395996528428229914e-07,-2.178116204835130512e-07,-1.978386315947329479e-07,-1.795460573293043144e-07,-1.628076621187424280e-07,-1.475052310247716776e-07,-1.335281987826809226e-07,-1.207732822781073693e-07,-1.091441184080849551e-07,-9.855090813887031448e-08,-8.891006859056990156e-08,-8.014389393383838104e-08,-7.218022579420082630e-08,-6.495213402141147874e-08,-5.839760864664774108e-08,-5.245926268098235949e-08,-4.708404698165539557e-08,-4.222297684600627641e-08,-3.783087032310522553e-08,-3.386609880768633964e-08,-3.029034942566234954e-08,-2.706839913818492132e-08,-2.416790036302037763e-08,-2.155917857656251435e-08,-1.921504029478742702e-08,-1.711059236263177430e-08,-1.522307180622326004e-08,-1.353168540398894348e-08,-1.201745961341474726e-08,-1.066309967382136277e-08,-9.452857643162542058e-09,-8.372409261439205812e-09,-7.408739058988777232e-09,-6.550033271535856292e-09,-5.785580120680865089e-09,-5.105677232046441897e-09,-4.501546037531067466e-09,-3.965251931310220845e-09,-3.489630996862550241e-09,-3.068221504054679760e-09,-2.695201780216362766e-09,-2.365332295080660994e-09,-2.073901814998507728e-09,-1.816679669534954050e-09,-1.589869601494171380e-09,-1.390069971860607140e-09
-1.029235576598346144e-05,-9.826489920755559029e-06,-9.371403399691057668e-06,-8.927677650411039797e-06,-8.495812875705151804e-06,-8.076231091349224151e-06,-7.669279451449272723e-06,-7.275233795118834606e-06,-6.894302370013218924e-06,-6.526629690518204836e-06,-6.172300490276532591e-06,-5.831343732464274219e-06,-5.503736643570000201e-06,-5.189408738322158778e-06,-4.888245808706998278e-06,-4.600093849489062675e-06,-4.324762899321779204e-06,-4.062030775837950812e-06,-3.811646688993423129e-06,-3.573334716245786400e-06,-3.346797129464276486e-06,-3.131717561924544596e-06,-2.927764009462487126e-06,-2.734591658788647029e-06,-2.551845541273781161e-06,-2.379163008462088326e-06,-2.216176030551531668e-06,-2.062513318734337308e-06,-1.917802273486683711e-06,-1.781670762545832958e-06,-1.653748733820129915e-06,-1.533669667778624877e-06,-1.421071875451211888e-06,-1.315599649596076618e-06,-1.216904274704122174e-06,-1.124644904358283124e-06,-1.038489313234173666e-06,-9.581145312840390187e-07,-8.832073678085556385e-07,-8.134648342239013462e-07,-7.485944716861401780e-07,-6.883145925278300984e-07,-6.323544419563172281e-07,-5.804542880806379369e-07,-5.323654459399434510e-07,-4.878502436567898227e-07,-4.466819357464633539e-07,-4.086445702304070363e-07,-3.735328152590955509e-07,-3.411517501822204008e-07,-3.113166262291461830e-07,-2.838526016881151164e-07,-2.585944552307632760e-07,-2.353862822429904639e-07,-2.140811767778318373e-07,-1.945409033488038666e-07,-1.766355610993093356e-07,-1.602432429703005589e-07,-1.452496928102002503e-07,-1.315479621322176631e-07,-1.190380686974048604e-07,-1.076266585094564017e-07,-9.722667299975799277e-08,-8.775702215286433708e-08,-7.914226521502994457e-08,-7.131229970687281358e-08,-6.420205936573234626e-08,-5.775122178464148611e-08,-5.190392647979666030e-08,-4.660850307987559179e-08,-4.181721071434627230e-08,-3.748598829003119335e-08,-3.357421564460897956e-08,-3.004448605002403571e-08,-2.686238962443746735e-08,-2.399630756776955996e-08,-2.141721702786208223e-08,-1.909850697330728150e-08,-1.701580365922915791e-08,-1.514680646714250285e-08,-1.347113344282087863e-08,-1.197017577896328206e-08,-1.062696176079224532e-08,-9.426029130022879836e-09,-8.353305629148686959e-09,-7.395997604235172759e-09,-6.542486141193595554e-09,-5.782230325588336655e-09,-5.105677222140150042e-09,-4.504178356115963286e-09,-3.969912532721275214e-09,-3.495813915406342048e-09,-3.075506049061720184e-09,-2.703240243615657017e-09,-2.373839695478100189e-09,-2.082647455267081291e-09,-1.825478101050494564e-09,-1.598574870678023998e-09,-1.398568318425849675e-09,-1.222440613586025442e-09
-9.317974265110772121e-06,-8.895099220105976421e-06,-8.482039616149270061e-06,-8.079324152307180979e-06,-7.687407518081148969e-06,-7.306673171097855223e-06,-6.937436360341511435e-06,-6.579947352780562167e-06,-6.234394822796159339e-06,-5.900909365860178578e-06,-5.579567099616342774e-06,-5.270393318897472997e-06,-4.973366173331402175e-06,-4.688420337913476173e-06,-4.415450651731876424e-06,-4.154315699560900626e-06,-3.904841317105380352e-06,-3.666824000067150243e-06,-3.440034202542874715e-06,-3.224219509672815126e-06,-3.019107675190650623e-06,-2.824409513156012991e-06,-2.639821638349542171e-06,-2.465029048875695304e-06,-2.299707549329644411e-06,-2.143526011064783105e-06,-1.996148470623668770e-06,-1.857236067096721263e-06,-1.726448820288874405e-06,-1.603447253071401452e-06,-1.487893862687755335e-06,-1.379454445154320838e-06,-1.277799278359449014e-06,-1.182604170745879850e-06,-1.093551380786671922e-06,-1.010330415031411150e-06,-9.326387114016063797e-07,-8.601822146512068722e-07,-7.926758510594208559e-07,-7.298439104105433418e-07,-6.714203409495206802e-07,-6.171489654973401016e-07,-5.667836246747893408e-07,-5.200882546123834992e-07,-4.768369043857522171e-07,-4.368137006038630561e-07,-3.998127637987914517e-07,-3.656380827001103324e-07,-3.341033516445347791e-07,-3.050317756449594791e-07,-2.782558478715544199e-07,-2.536171040125691158e-07,-2.309658568786522757e-07,-2.101609156880269771e-07,-1.910692924569578131e-07,-1.735658993317874490e-07,-1.575332391968259512e-07,-1.428610919721792433e-07,-1.294461992597164619e-07,-1.171919489219700362e-07,-1.060080615714418195e-07,-9.581028041190070606e-08,-8.652006604989652488e-08,-7.806429696697341326e-08,-7.037497712506268335e-08,-6.338895136533398592e-08,-5.704762916210476829e-08,-5.129671741676439529e-08,-4.608596294172532900e-08,-4.136890436294795392e-08,-3.710263438578365117e-08,-3.324757214051862695e-08,-2.976724559486544840e-08,-2.662808442801661964e-08,-2.379922296921587314e-08,-2.125231310765003385e-08,-1.896134698953641170e-08,-1.690248980489000925e-08,-1.505392141670434512e-08,-1.339568748677610934e-08,-1.190955948574544364e-08,-1.057890291545802913e-08,-9.388554161964970577e-09,-8.324705054552388051e-09,-7.374794899234544264e-09,-6.527409855391856320e-09,-5.772189182154300674e-09,-5.099737972416185330e-09,-4.501546005623399208e-09,-3.969912512342509536e-09,-3.497876681275591933e-09,-3.079152962677918252e-09,-2.708071742245835929e-09,-2.379523992369658483e-09,-2.088911082040300362e-09,-1.832098090235731050e-09,-1.605370486946861594e-09,-1.405395685167657760e-09,-1.229186047820664829e-09,-1.074066899566312553e-09
-8.423051816603115832e-06,-8.039820318260234666e-06,-7.665511095484356982e-06,-7.300604062565512809e-06,-6.945511833565014888e-06,-6.600582241512667768e-06,-6.266101082482584668e-06,-5.942295046159248840e-06,-5.629334795915190036e-06,-5.327338163247094185e-06,-5.036373422959807878e-06,-4.756462618544673350e-06,-4.487584909116441010e-06,-4.229679910841033940e-06,-3.982651010146657781e-06,-3.746368625590985307e-06,-3.520673400765217279e-06,-3.305379310078204283e-06,-3.100276664101290569e-06,-2.905135000652118226e-06,-2.719705852988706018e-06,-2.543725385272481992e-06,-2.376916890174763358e-06,-2.218993142688367750e-06,-2.069658608559055772e-06,-1.928611504141707619e-06,-1.795545708590367779e-06,-1.670152529035502299e-06,-1.552122320438620344e-06,-1.441145963171888850e-06,-1.336916202651525008e-06,-1.239128854790463830e-06,-1.147483882382463118e-06,-1.061686348680279649e-06,-9.814472529458240158e-07,-9.064842550600070743e-07,-8.365222953019935461e-07,-7.712941156273101305e-07,-7.105406889139466603e-07,-6.540115635292487607e-07,-6.014651284562735743e-07,-5.526688064455994116e-07,-5.073991806657299858e-07,-4.654420615870582360e-07,-4.265924989258685991e-07,-3.906547454266015541e-07,-3.574421767666321120e-07,-3.267771731388919966e-07,-2.984909673331192467e-07,-2.724234634526283763e-07,-2.484230306309428020e-07,-2.263462758237351992e-07,-2.060577987710886479e-07,-1.874299331730532251e-07,-1.703424763190062238e-07,-1.546824106536747674e-07,-1.403436194234265262e-07,-1.272265986196172560e-07,-1.152381676159298407e-07,-1.042911799674873634e-07,-9.430423616386196907e-08,-8.520139964388637650e-08,-7.691191754182835233e-08,-6.936994679863309533e-08,-6.251428695645049781e-08,-5.628812023946615960e-08,-5.063875942430898573e-08,-4.551740411090409467e-08,-4.087890597018556005e-08,-3.668154272829096197e-08,-3.288680171479354285e-08,-2.945917271635911102e-08,-2.636595012168676814e-08,-2.357704468552966564e-08,-2.106480455460120218e-08,-1.880384545696810202e-08,-1.677088988006392954e-08,-1.494461547806715453e-08,-1.330551160871934722e-08,-1.183574454554015121e-08,-1.051903081124168196e-08,-9.340518033291646582e-09,-8.286673656293209343e-09,-7.345180693077183467e-09,-6.504840291371614241e-09,-5.755480979223567625e-09,-5.087874162740984608e-09,-4.493655521259810413e-09,-3.965251963634023816e-09,-3.495813950028549069e-09,-3.079153008324737192e-09,-2.709683616074272457e-09,-2.382369926903660528e-09,-2.092676117351235266e-09,-1.836521365768091341e-09,-1.610238016028425758e-09,-1.410532795960711789e-09,-1.234452377778101333e-09,-1.079350317028475016e-09,-9.428584276315780321e-10
-7.602646342606083870e-06,-7.255896224133325656e-06,-6.917242651990570569e-06,-6.587120524030544346e-06,-6.265903644812781154e-06,-5.953907006751347103e-06,-5.651389276783497288e-06,-5.358555453658371510e-06,-5.075559662218544400e-06,-4.802508052680470863e-06,-4.539461774311146484e-06,-4.286439995661029252e-06,-4.043422945243957156e-06,-3.810354947979917298e-06,-3.587147436661622147e-06,-3.373681917334229815e-06,-3.169812872468097322e-06,-2.975370585333471629e-06,-2.790163873362725460e-06,-2.613982717858752251e-06,-2.446600782107455535e-06,-2.287777808878316738e-06,-2.137261892568865735e-06,-1.994791620543103587e-06,-1.860098082146434862e-06,-1.732906742457612155e-06,-1.612939181553542790e-06,-1.499914699844598457e-06,-1.393551790997956764e-06,-1.293569485195971601e-06,-1.199688566652911581e-06,-1.111632668808896558e-06,-1.029129251856711504e-06,-9.519104682888700076e-07,-8.797139208372987515e-07,-8.122833192541725522e-07,-7.493690415121963844e-07,-6.907286052055970387e-07,-6.361270550616954746e-07,-5.853372732629384358e-07,-5.381402173919982383e-07,-4.943250927986070584e-07,-4.536894644119876101e-07,-4.160393141357059127e-07,-3.811890482602421132e-07,-3.489614610676190920e-07,-3.191876585666519815e-07,-2.917069474225332792e-07,-2.663666934968592469e-07,-2.430221537734750607e-07,-2.215362856685548806e-07,-2.017795374357745348e-07,-1.836296225072123442e-07,-1.669712814469014720e-07,-1.516960335816796780e-07,-1.377019214661118042e-07,-1.248932501452651304e-07,-1.131803232459456169e-07,-1.024791780548510854e-07,-9.271132093860426131e-08,-8.380346472712269010e-08,-7.568726924481108147e-08,-6.829908632165111608e-08,-6.157970986417181462e-08,-5.547413216488413499e-08,-4.993130699952081840e-08,-4.490391996230305404e-08,-4.034816658323825217e-08,-3.622353873784429802e-08,-3.249261913636398588e-08,-2.912088461645387915e-08,-2.607651800377932971e-08,-2.333022852511658442e-08,-2.085508104494688995e-08,-1.862633380421624019e-08,-1.662128456015994608e-08,-1.481912496184447977e-08,-1.320080335059597659e-08,-1.174889501577390197e-08,-1.044748035970651874e-08,-9.282030470824692737e-09,-8.239299571184847120e-09,-7.307224603251586748e-09,-6.474831232379636871e-09,-5.732146051721371833e-09,-5.070114850470731400e-09,-4.480526561705160883e-09,-3.955942561316416296e-09,-3.489631011957635236e-09,-3.075506068057762478e-09,-2.708071772528747756e-09,-2.382369918918801703e-09,-2.093932277174320265e-09,-1.838736108288574109e-09,-1.613163832928036294e-09,-1.413965589524932213e-09,-1.238224558088956707e-09,-1.083326150715850616e-09,-9.469284998092129569e-10,-8.269368749391127621e-10
-6.851934794835620236e-06,-6.538688355744540237e-06,-6.232776786901316038e-06,-5.934593538617697044e-06,-5.644476696901786086e-06,-5.362711045814845339e-06,-5.089530317273108733e-06,-4.825119596620393308e-06,-4.569617853444923232e-06,-4.323120568575413434e-06,-4.085682429442561385e-06,-3.857320068485955357e-06,-3.638014820846096676e-06,-3.427715478873487320e-06,-3.226341024551768782e-06,-3.033783320602139759e-06,-2.849909745551775588e-06,-2.674565757636213184e-06,-2.507577376359618448e-06,-2.348753570175408868e-06,-2.197888542995072179e-06,-2.054763911283454768e-06,-1.919150767362376794e-06,-1.790811623932226030e-06,-1.669502238369073146e-06,-1.554973314099518653e-06,-1.446972079714412910e-06,-1.345243746295966365e-06,-1.249532844319810616e-06,-1.159584442604642165e-06,-1.075145252860185593e-06,-9.959646229325731803e-07,-9.217954229798586442e-07,-8.523948297341571967e-07,-7.875250128436365270e-07,-7.269537291513924837e-07,-6.704548299944447569e-07,-6.178086867933693827e-07,-5.688025403209616024e-07,-5.232307797437909345e-07,-4.808951558477194929e-07,-4.416049346272762196e-07,-4.051769958398880498e-07,-3.714358821066152830e-07,-3.402138026255767404e-07,-3.113505971120611226e-07,-2.846936635773827513e-07,-2.600978545535273528e-07,-2.374253458000437723e-07,-2.165454809320344822e-07,-1.973345956241859107e-07,-1.796758247635901671e-07,-1.634588951523229650e-07,-1.485799070977879994e-07,-1.349411067882353126e-07,-1.224506523100314467e-07,-1.110223751015332407e-07,-1.005755386992518287e-07,-9.103459671739903915e-08,-8.232895130778337410e-08,-7.439271356471529198e-08,-6.716446694573433634e-08,-6.058703491341756903e-08,-5.460725332769367295e-08,-4.917574864104258344e-08,-4.424672239581702368e-08,-3.977774242576859300e-08,-3.572954124554977476e-08,-3.206582207946029999e-08,-2.875307234076456008e-08,-2.576038519414723800e-08,-2.305928898697100309e-08,-2.062358453286090936e-08,-1.842919047044564599e-08,-1.645399640824528520e-08,-1.467772375393122344e-08,-1.308179407225511800e-08,-1.164920511795038656e-08,-1.036441368941011009e-08,-9.213225678753633026e-09,-8.182692865945891620e-09,-7.261015981576090187e-09,-6.437454245201214294e-09,-5.702240739602895751e-09,-5.046503418544200824e-09,-4.462191609264835177e-09,-3.942007664753924064e-09,-3.479343462674609317e-09,-3.068221472869188153e-09,-2.703240221262876092e-09,-2.379523984678596013e-09,-2.092676080656317117e-09,-1.838736082106387008e-09,-1.614140013811037198e-09,-1.415684269466493333e-09,-1.240492145249846249e-09,-1.085982872896276726e-09,-9.498440928029192080e-10,-8.300055418024456791e-10,-7.246162172141951188e-10
-6.166239510125005017e-06,-5.883701199266329075e-06,-5.607796703524267992e-06,-5.338881393453738170e-06,-5.077260551353793186e-06,-4.823191232924956803e-06,-4.576884299543768970e-06,-4.338506592457664853e-06,-4.108183221237893354e-06,-3.885999940131790634e-06,-3.672005587081622420e-06,-3.466214562423404710e-06,-3.268609325683601518e-06,-3.079142890060724034e-06,-2.897741297395949362e-06,-2.724306056144523575e-06,-2.558716528938457008e-06,-2.400832255970580074e-06,-2.250495203995755367e-06,-2.107531930440734257e-06,-1.971755655943216169e-06,-1.842968237802435659e-06,-1.720962040311928844e-06,-1.605521697415594553e-06,-1.496425766323864166e-06,-1.393448269620215889e-06,-1.296360126420114342e-06,-1.204930472985378940e-06,-1.118927874014287426e-06,-1.038121426830311953e-06,-9.622817616781408182e-07,-8.911819409320303342e-07,-8.245982610578693475e-07,-7.623109619968317234e-07,-7.041048476101627958e-07,-6.497698224960569216e-07,-5.991013498019822636e-07,-5.519008348282536113e-07,-5.079759393264176051e-07,-4.671408320252405627e-07,-4.292163794182456740e-07,-3.940302824204183505e-07,-3.614171630984393587e-07,-3.312186065421420048e-07,-3.032831615963554838e-07,-2.774663055485623056e-07,-2.536303760772587911e-07,-2.316444746449188209e-07,-2.113843450171022995e-07,-1.927322300341631636e-07,-1.755767099691963413e-07,-1.598125255322497230e-07,-1.453403878968352858e-07,-1.320667787736926022e-07,-1.199037422710331029e-07,-1.087686711219972393e-07,-9.858408891612619847e-08,-8.927743002680839168e-08,-8.078081897799045013e-08,-7.303085039438973608e-08,-6.596837085610992866e-08,-5.953826362403549772e-08,-5.368923732457901321e-08,-4.837361907585090168e-08,-4.354715299372881811e-08,-3.916880453048969583e-08,-3.520057100449716683e-08,-3.160729875054863731e-08,-2.835650728929137655e-08,-2.541822034850372586e-08,-2.276480428822970413e-08,-2.037081373497853599e-08,-1.821284440765098629e-08,-1.626939331734004782e-08,-1.452072608113168779e-08,-1.294875124908442683e-08,-1.153690149833182093e-08,-1.027002180519256573e-08,-9.134263843092168216e-09,-8.116986915726910313e-09,-7.206665017507941426e-09,-6.392799598181425604e-09,-5.665838190641891278e-09,-5.017098336738655583e-09,-4.438696620162640070e-09,-3.923482670019799688e-09,-3.464977825317781172e-09,-3.057318181496773086e-09,-2.695201766810809061e-09,-2.373839688070400018e-09,-2.088911085934726242e-09,-1.836521343196468205e-09,-1.613163818203782985e-09,-1.415684276599121208e-09,-1.241248651194575377e-09,-1.087313166818983792e-09,-9.515967200809240830e-10,-8.320563165207673614e-10,-7.268636388838882938e-10,-6.343846887503332099e-10
-5.541046072814820517e-06,-5.286598940771941244e-06,-5.038141745141040527e-06,-4.795994943868348834e-06,-4.560433754997025369e-06,-4.331689834573015815e-06,-4.109953109547348119e-06,-3.895373739720150519e-06,-3.688064183701989234e-06,-3.488101345030333747e-06,-3.295528775590042224e-06,-3.110358915507543037e-06,-2.932575349950154056e-06,-2.762135064319806948e-06,-2.598970682227023647e-06,-2.442992670373582225e-06,-2.294091498150414475e-06,-2.152139739442457354e-06,-2.016994107343602548e-06,-1.888497412229356337e-06,-1.766480437083337054e-06,-1.650763723234296247e-06,-1.541159262805710856e-06,-1.437472093721989380e-06,-1.339501795990106444e-06,-1.247043887001010239e-06,-1.159891116327497312e-06,-1.077834660360248645e-06,-1.000665217874356894e-06,-9.281740085223931835e-07,-8.601536771491530063e-07,-7.963991064630081645e-07,-7.367081415442901009e-07,-6.808822304094102342e-07,-6.287269839416289055e-07,-5.800526599960570321e-07,-5.346745758763338635e-07,-4.924134535387171158e-07,-4.530957019774725505e-07,-4.165536418062428386e-07,-3.826256757163378944e-07,-3.511564098915139024e-07,-3.219967302129013554e-07,-2.950038378469917372e-07,-2.700412476109817776e-07,-2.469787537319520152e-07,-2.256923660170133560e-07,-2.060642202271464320e-07,-1.879824660056022412e-07,-1.713411351980326888e-07,-1.560399935984941980e-07,-1.419843788927571133e-07,-1.290850269646391400e-07,-1.172578893018505119e-07,-1.064239430916250683e-07,-9.650899633393619434e-08,-8.744348946173803923e-08,-7.916229500751041860e-08,-7.160451687966621787e-08,-6.471329029588740034e-08,-5.843558356276072676e-08,-5.272200257235238606e-08,-4.752659899719920671e-08,-4.280668262161157135e-08,-3.852263864512728254e-08,-3.463775036763727525e-08,-3.111802757529534771e-08,-2.793204100818504290e-08,-2.505076326097939186e-08,-2.244741596839557552e-08,-2.009732375650989259e-08,-1.797777478312358810e-08,-1.606788784920626412e-08,-1.434848622931312690e-08,-1.280197798738761723e-08,-1.141224267935997047e-08,-1.016452430603692055e-08,-9.045330598086667152e-09,-8.042337971090423415e-09,-7.144302404253466696e-09,-6.340975875263072060e-09,-5.623027974978721963e-09,-4.981972821637085208e-09,-4.410100775412241733e-09,-3.900414774266459178e-09,-3.446571158634998773e-09,-3.042824707073428102e-09,-2.683977627038802656e-09,-2.365332272472415264e-09,-2.082647439176945995e-09,-1.832098085156853670e-09,-1.610237989036190610e-09,-1.413965570133639861e-09,-1.240492145742189940e-09,-1.087313161788604011e-09,-9.521815572262233530e-10,-8.330831591524721877e-10,-7.282147925089992168e-10,-6.359634382218379247e-10,-5.548881061096070290e-10
-4.972012556889778695e-06,-4.743214002654127479e-06,-4.519815240487579826e-06,-4.302104785043039183e-06,-4.090330356971931384e-06,-3.884700392909070477e-06,-3.685385695993981936e-06,-3.492521203493726147e-06,-3.306207848927048218e-06,-3.126514497125440514e-06,-2.953479931572501008e-06,-2.787114875178475589e-06,-2.627404026779648540e-06,-2.474308096606087551e-06,-2.327765826567215922e-06,-2.187695980977020805e-06,-2.053999296652631405e-06,-1.926560381045961351e-06,-1.805249549955421984e-06,-1.689924596151280485e-06,-1.580432483349347230e-06,-1.476610959316316854e-06,-1.378290084721342604e-06,-1.285293673953593530e-06,-1.197440646707283544e-06,-1.114546288278944750e-06,-1.036423418980228425e-06,-9.628834729551582897e-07,-8.937374873788229365e-07,-8.287970038273392634e-07,-7.678748844275799436e-07,-7.107860450739727908e-07,-6.573481088604085098e-07,-6.073819835340329618e-07,-5.607123659771006258e-07,-5.171681780616539132e-07,-4.765829376808743683e-07,-4.387950689058829315e-07,-4.036481553060265672e-07,-3.709911409698291878e-07,-3.406784825783422940e-07,-3.125702571242518767e-07,-2.865322287650422170e-07,-2.624358789656713886e-07,-2.401584030217823307e-07,-2.195826771387878650e-07,-2.005971988152163084e-07,-1.830960039623557400e-07,-1.669785638038964235e-07,-1.521496641255550002e-07,-1.385192696305297320e-07,-1.260023759065020479e-07,-1.145188509739553880e-07,-1.039932688870932278e-07,-9.435473683794991723e-08,-8.553671786004402119e-08,-7.747685048406729688e-08,-7.011676674299799492e-08,-6.340190992712905938e-08,-5.728135304464009735e-08,-5.170761905697267664e-08,-4.663650367209379638e-08,-4.202690157904603754e-08,-3.784063652064902818e-08,-3.404229594782631385e-08,-3.059907062526320192e-08,-2.748059947199957504e-08,-2.465881997434091515e-08,-2.210782448029671710e-08,-1.980372224418721803e-08,-1.772450764014019333e-08,-1.584993438419505201e-08,-1.416139574662773996e-08,-1.264181087366959297e-08,-1.127551700875440587e-08,-1.004816751791936300e-08,-8.946635592227172666e-09,-7.958923685308639524e-09,-7.074078103676286207e-09,-6.282108956439899276e-09,-5.573915133746896294e-09,-4.941213979481476960e-09,-4.376475745809652796e-09,-3.872862388970847008e-09,-3.424170539206752509e-09,-3.024778517485869723e-09,-2.669597150045130856e-09,-2.354024146689693689e-09,-2.073901836471386857e-09,-1.825478122902627732e-09,-1.605370513761046116e-09,-1.410532799749542275e-09,-1.238224564822389700e-09,-1.085982893872770559e-09,-9.515967335267292236e-10,-8.330831746336073379e-10,-7.286655604684818035e-10,-6.367540027059273294e-10,-5.559268650871994733e-10,-4.849146429906162118e-10
-4.454991387151972858e-06,-4.249567339504588687e-06,-4.049003297730776089e-06,-3.853558608063473715e-06,-3.663455891144905242e-06,-3.478882398842450232e-06,-3.299991498251063986e-06,-3.126904261757674968e-06,-2.959711142790772792e-06,-2.798473717800251134e-06,-2.643226475822953452e-06,-2.493978638618328948e-06,-2.350715995373670172e-06,-2.213402736837652513e-06,-2.081983276081163158e-06,-1.956384042883938964e-06,-1.836515241723062719e-06,-1.722272563100571725e-06,-1.613538840540255569e-06,-1.510185645405828603e-06,-1.412074814477304664e-06,-1.319059904649217749e-06,-1.230987571659245389e-06,-1.147698869415695038e-06,-1.069030468807778729e-06,-9.948157941301357064e-07,-9.248860774620166910e-07,-8.590713312448546065e-07,-7.972012399310248529e-07,-7.391059723067405993e-07,-6.846169168358272654e-07,-6.335673420850756397e-07,-5.857929850738577079e-07,-5.411325709776780195e-07,-4.994282669100779032e-07,-4.605260737029351769e-07,-4.242761591261557385e-07,-3.905331361202177293e-07,-3.591562896958623746e-07,-3.300097565991280460e-07,-3.029626607873490688e-07,-2.778892088628095128e-07,-2.546687486316389287e-07,-2.331857945411423259e-07,-2.133300228045262851e-07,-1.949962399828834278e-07,-1.780843275226994161e-07,-1.624991653491243966e-07,-1.481505372742045255e-07,-1.349530205438911553e-07,-1.228258620218646929e-07,-1.116928432717985320e-07,-1.014821363258498678e-07,-9.212615236739417094e-08,-8.356138464812693285e-08,-7.572824752450328610e-08,-6.857091283913712859e-08,-6.203714491311716854e-08,-5.607813540200175170e-08,-5.064833888547461097e-08,-4.570531015045497919e-08,-4.120954387084017771e-08,-3.712431747767466896e-08,-3.341553757862063472e-08,-3.005159058721650123e-08,-2.700319789499641976e-08,-2.424327583812061787e-08,-2.174680075689707955e-08,-1.949067942001890175e-08,-1.745362469708769869e-08,-1.561603684341876080e-08,-1.395989025201624234e-08,-1.246862565413734034e-08,-1.112704786362279831e-08,-9.921228876548141027e-09,-8.838416234768233967e-09,-7.866946535344307295e-09,-6.996164124792438913e-09,-6.216344466183949812e-09,-5.518622346368335526e-09,-4.894924626147497737e-09,-4.337907236346119973e-09,-3.840896481372768965e-09,-3.397834261581528794e-09,-3.003227059193762683e-09,-2.652098566402718914e-09,-2.339945732823242056e-09,-2.062698018696023581e-09,-1.816679667620775394e-09,-1.598574871736905344e-09,-1.405395692873141297e-09,-1.234452367582436884e-09,-1.083326144751393672e-09,-9.498441008125471297e-10,-8.320563193247607454e-10,-7.282147982848527777e-10,-6.367539960974804997e-10,-5.562735110019265550e-10,-4.855216501926089055e-10,-4.233811115443495353e-10
-3.986026069148950797e-06,-3.801865188880936610e-06,-3.622071563763636505e-06,-3.446877957656645735e-06,-3.276484124281618443e-06,-3.111058024577194447e-06,-2.950737158947455352e-06,-2.795629995392729826e-06,-2.645817475181106771e-06,-2.501354578538002795e-06,-2.362271933555641716e-06,-2.228577452983152078e-06,-2.100257984466812649e-06,-1.977280960582397060e-06,-1.859596037100493550e-06,-1.747136707749020256e-06,-1.639821886409917295e-06,-1.537557447479741477e-06,-1.440237717448126713e-06,-1.347746910600935938e-06,-1.259960504251513400e-06,-1.176746548399767334e-06,-1.097966907002696775e-06,-1.023478427747760066e-06,-9.531340392939790361e-07,-8.867837742856927077e-07,-8.242757184254647534e-07,-7.654568858113346407e-07,-7.101740213171914855e-07,-6.582743314500852156e-07,-6.096061457925549737e-07,-5.640195108837542211e-07,-5.213667191020506079e-07,-4.815027756342413019e-07,-4.442858059959178271e-07,-4.095774076340733624e-07,-3.772429487192431066e-07,-3.471518173552526675e-07,-3.191776245077022183e-07,-2.931983643466259986e-07,-2.690965347651854451e-07,-2.467592218116566167e-07,-2.260781509052726921e-07,-2.069497082201193882e-07,-1.892749347844571752e-07,-1.729594966934861032e-07,-1.579136337017496569e-07,-1.440520889909049609e-07,-1.312940226092856598e-07,-1.195629106807965517e-07,-1.087864326430353695e-07,-9.889634855254146153e-08,-8.982836807645596017e-08,-8.152201317595950221e-08,-7.392047568019497732e-08,-6.697047144295414408e-08,-6.062209219057776903e-08,-5.482865620564593160e-08,-4.954655896558780614e-08,-4.473512452631600164e-08,-4.035645851110348005e-08,-3.637530333510743005e-08,-3.275889637764527433e-08,-2.947683142605496742e-08,-2.650092397716030827e-08,-2.380508069581768019e-08,-2.136517325349569128e-08,-1.915891681042178054e-08,-1.716575337992122341e-08,-1.536673997176279126e-08,-1.374444183053247956e-08,-1.228283063783457994e-08,-1.096718765974605304e-08,-9.784011914746114651e-09,-8.720933193015625410e-09,-7.766629840151344068e-09,-6.910751196097952389e-09,-6.143844712902251114e-09,-5.457287301457867209e-09,-4.843221041645840677e-09,-4.294492989138466997e-09,-3.804598815240770840e-09,-3.367630320494028720e-09,-2.978226479348494349e-09,-2.631527872294262081e-09,-2.323134390615100120e-09,-2.049066014552830265e-09,-1.805726470451254238e-09,-1.589869599117257963e-09,-1.398568318615220268e-09,-1.229186053798077076e-09,-1.079350307545448172e-09,-9.469284939330368634e-10,-8.300055481288363277e-10,-7.268636407097765859e-10,-6.359634426830384488e-10,-5.559268588666891840e-10,-4.855216497212160452e-10,-4.236468682186605488e-10,-3.693201578361207589e-10
-3.561367703097213712e-06,-3.396514309642657164e-06,-3.235579243681677901e-06,-3.078771089569609870e-06,-2.926268807909517163e-06,-2.778222826157344350e-06,-2.634756232828342536e-06,-2.495966058223237038e-06,-2.361924625191548095e-06,-2.232680954175201961e-06,-2.108262207423692252e-06,-1.988675158575719826e-06,-1.873907674614991298e-06,-1.763930197901635569e-06,-1.658697217859548984e-06,-1.558148721745165779e-06,-1.462211616318625791e-06,-1.370801112058111837e-06,-1.283822063639491647e-06,-1.201170260281466235e-06,-1.122733661792089614e-06,-1.048393575710124555e-06,-9.780257729813784003e-07,-9.115015393594946003e-07,-8.486886615748798565e-07,-7.894523467372315949e-07,-7.336560752121117367e-07,-6.811623871439727007e-07,-6.318336033196605538e-07,-5.855324816532912364e-07,-5.421228111834860961e-07,-5.014699452479711341e-07,-4.634412761421551002e-07,-4.279066540325385162e-07,-3.947387523503874330e-07,-3.638133828413331164e-07,-3.350097630719468932e-07,-3.082107393042923105e-07,-2.833029677152987488e-07,-2.601770572876670624e-07,-2.387276768719239183e-07,-2.188536297822843323e-07,-2.004578985227034838e-07,-1.834476626894430042e-07,-1.677342923557200480e-07,-1.532333199961568287e-07,-1.398643930025859226e-07,-1.275512093080336880e-07,-1.162214383733127179e-07,-1.058066294262190050e-07,-9.624210899388685153e-08,-8.746686956154118018e-08,-7.942345082141785076e-08,-7.205781531383628133e-08,-6.531921954653581106e-08,-5.916008210923896858e-08,-5.353584978397056869e-08,-4.840486268393933871e-08,-4.372821941941874648e-08,-3.946964300651386609e-08,-3.559534828863252565e-08,-3.207391143492135665e-08,-2.887614215345315954e-08,-2.597495891077642411e-08,-2.334526767712806818e-08,-2.096384446605431427e-08,-1.880922186567046550e-08,-1.686157979400536662e-08,-1.510264068762519532e-08,-1.351556903210029710e-08,-1.208487550834028712e-08,-1.079632563633500434e-08,-9.636852897916566919e-09,-8.594476397246352520e-09,-7.658222907385870609e-09,-6.818053220817693179e-09,-6.064792703181356627e-09,-5.390066061698262187e-09,-4.786235933290460859e-09,-4.246345399464487930e-09,-3.764064188847461727e-09,-3.333638333603053458e-09,-2.949843303865593299e-09,-2.607940318240148194e-09,-2.303635698030013115e-09,-2.033043157252076492e-09,-1.792648850555997362e-09,-1.579279002476689639e-09,-1.390069967137197393e-09,-1.222440611406704795e-09,-1.074066902703672132e-09,-9.428584176652080494e-10,-8.269368682429781700e-10,-7.246162213330669464e-10,-6.343846891228564803e-10,-5.548881089346459558e-10,-4.849146367097142931e-10,-4.233811103438279843e-10,-3.693201571674387050e-10,-3.218689395121978194e-10
