nan,nan,nan,nan,nan,nan,nan,nan,nan,nan,nan,nan,nan,nan,nan,nan,nan,nan,nan,nan,nan,nan,nan,nan,nan,nan,nan,nan,nan,nan,nan,nan,nan,nan,nan,nan,nan,nan,nan,nan,nan,nan,nan,nan,nan,nan,nan,nan,nan,nan,nan,nan,nan,nan,nan,nan,nan,nan,nan,nan,nan,nan,nan,nan,nan,nan,nan,nan,nan,nan,nan,nan,nan,nan,nan,nan,nan,nan,nan,nan,nan,-8.266101730014973496e-08,-4.392387963662267462e-07,-7.057531872151593885e-07,-8.953424729984871394e-07,-1.020191146325901280e-06,-1.091451271335539609e-06,-1.119197572490933411e-06,-1.112412490096857079e-06,-1.078997168173703440e-06,-1.025804216509140951e-06,-9.586880698768536424e-07,-8.825689557341007597e-07,-8.015066898750191162e-07,-7.187808361124529907e-07,-6.369742002815830877e-07,-5.580569349182453937e-07,-4.834690969383341295e-07,-4.141997704149123685e-07,-3.508614273002681983e-07
nan,nan,nan,nan,nan,nan,nan,nan,nan,nan,nan,nan,nan,nan,nan,nan,nan,nan,nan,nan,nan,nan,nan,nan,nan,nan,nan,nan,nan,nan,nan,nan,nan,nan,nan,nan,nan,nan,nan,nan,nan,nan,nan,nan,nan,nan,nan,nan,nan,nan,nan,nan,nan,nan,nan,nan,nan,nan,nan,nan,nan,nan,nan,nan,nan,nan,nan,nan,nan,nan,nan,nan,nan,nan,nan,nan,nan,nan,nan,nan,-3.903205714957591432e-07,-8.071874100887196523e-07,-1.116959511756483898e-06,-1.334696661918625831e-06,-1.474523398759076400e-06,-1.549504128031066724e-06,-1.571558971682967163e-06,-1.551416789305726911e-06,-1.498601235232561014e-06,-1.421445393384449915e-06,-1.327130382928770418e-06,-1.221743294272194479e-06,-1.110350020692914197e-06,-9.970787757403753348e-07,-8.852104368234172090e-07,-7.772723426191442351e-07,-6.751325067065240209e-07,-5.800918545323064774e-07,-4.929723811931501483e-07,-4.141997702829440530e-07
nan,nan,nan,nan,nan,nan,nan,nan,nan,nan,nan,nan,nan,nan,nan,nan,nan,nan,nan,nan,nan,nan,nan,nan,nan,nan,nan,nan,nan,nan,nan,nan,nan,nan,nan,nan,nan,nan,nan,nan,nan,nan,nan,nan,nan,nan,nan,nan,nan,nan,nan,nan,nan,nan,nan,nan,nan,nan,nan,nan,nan,nan,nan,nan,nan,nan,nan,nan,nan,nan,nan,nan,nan,nan,nan,nan,nan,nan,-2.527522530739661499e-07,-8.752638432133749394e-07,-1.354237370529983351e-06,-1.707311045523198579e-06,-1.951495125161578598e-06,-2.102940182113301755e-06,-2.176755097220784769e-06,-2.186872835052991659e-06,-2.145960959407451877e-06,-2.065373005733606308e-06,-1.955136169957314039e-06,-1.823970399421479900e-06,-1.679333793513252029e-06,-1.527489169726207487e-06,-1.373586875434231228e-06,-1.221759167440418485e-06,-1.075221868063689270e-06,-9.363795526214503790e-07,-8.069308877075530657e-07,-6.879714736216492146e-07,-5.800918546041394242e-07,-4.834690968356494899e-07
nan,nan,nan,nan,nan,nan,nan,nan,nan,nan,nan,nan,nan,nan,nan,nan,nan,nan,nan,nan,nan,nan,nan,nan,nan,nan,nan,nan,nan,nan,nan,nan,nan,nan,nan,nan,nan,nan,nan,nan,nan,nan,nan,nan,nan,nan,nan,nan,nan,nan,nan,nan,nan,nan,nan,nan,nan,nan,nan,nan,nan,nan,nan,nan,nan,nan,nan,nan,nan,nan,nan,nan,nan,nan,nan,nan,-1.035450762106803637e-08,-9.005843519306448289e-07,-1.605854714421633093e-06,-2.145535716652462708e-06,-2.538948666011264359e-06,-2.805007393795071991e-06,-2.961913270497619185e-06,-3.026905085113444713e-06,-3.016063230296910075e-06,-2.944166166275833733e-06,-2.824595895856956427e-06,-2.669288227706174514e-06,-2.488722856371649997e-06,-2.291947853345438961e-06,-2.086632951874771425e-06,-1.879145934037666612e-06,-1.674646673335506818e-06,-1.477193645015080940e-06,-1.289858142325856877e-06,-1.114842048553988942e-06,-9.535954097743478174e-07,-8.069308885138359990e-07,-6.751325074527065785e-07,-5.580569353286359272e-07
nan,nan,nan,nan,nan,nan,nan,nan,nan,nan,nan,nan,nan,nan,nan,nan,nan,nan,nan,nan,nan,nan,nan,nan,nan,nan,nan,nan,nan,nan,nan,nan,nan,nan,nan,nan,nan,nan,nan,nan,nan,nan,nan,nan,nan,nan,nan,nan,nan,nan,nan,nan,nan,nan,nan,nan,nan,nan,nan,nan,nan,nan,nan,nan,nan,nan,nan,nan,nan,nan,nan,nan,nan,nan,nan,-8.941910165091395087e-07,-1.886391440412755054e-06,-2.669537848183112525e-06,-3.264051470640396024e-06,-3.690702324194563091e-06,-3.970167942546635763e-06,-4.122646704662689927e-06,-4.167529292615149494e-06,-4.123129767258331970e-06,-4.006475804673231520e-06,-3.833155988892007014e-06,-3.617220663650158731e-06,-3.371131761980844374e-06,-3.105756181613479867e-06,-2.830396771395519784e-06,-2.552854744189461255e-06,-2.279517230441091961e-06,-2.015463953269828714e-06,-1.764587282186297738e-06,-1.529720390914310869e-06,-1.312768929533374742e-06,-1.114842047257532807e-06,-9.363795525286739073e-07,-7.772723426494272512e-07,-6.369742000722641999e-07
nan,nan,nan,nan,nan,nan,nan,nan,nan,nan,nan,nan,nan,nan,nan,nan,nan,nan,nan,nan,nan,nan,nan,nan,nan,nan,nan,nan,nan,nan,nan,nan,nan,nan,nan,nan,nan,nan,nan,nan,nan,nan,nan,nan,nan,nan,nan,nan,nan,nan,nan,nan,nan,nan,nan,nan,nan,nan,nan,nan,nan,nan,nan,nan,nan,nan,nan,nan,nan,nan,nan,nan,nan,-9.084121664702751690e-07,-2.243811202185120102e-06,-3.326530232055625306e-06,-4.176159342993124144e-06,-4.813711231565229263e-06,-5.261052050704120525e-06,-5.540375203517580621e-06,-5.673727190758427525e-06,-5.682592145853384223e-06,-5.587539159915582196e-06,-5.407934234436203987e-06,-5.161716534964782498e-06,-4.865236774894300151e-06,-4.533153997551653028e-06,-4.178385797256429619e-06,-3.812106055007390724e-06,-3.443783684150451329e-06,-3.081255588262147678e-06,-2.730826899849652003e-06,-2.397391859060717356e-06,-2.084568985193665145e-06,-1.794844707853182008e-06,-1.529720391084207679e-06,-1.289858140911092262e-06,-1.075221868067913211e-06,-8.852104369543264686e-07,-7.187808359394281942e-07
nan,nan,nan,nan,nan,nan,nan,nan,nan,nan,nan,nan,nan,nan,nan,nan,nan,nan,nan,nan,nan,nan,nan,nan,nan,nan,nan,nan,nan,nan,nan,nan,nan,nan,nan,nan,nan,nan,nan,nan,nan,nan,nan,nan,nan,nan,nan,nan,nan,nan,nan,nan,nan,nan,nan,nan,nan,nan,nan,nan,nan,nan,nan,nan,nan,nan,nan,nan,nan,nan,nan,-1.065248451925002415e-06,-2.784314850738329867e-06,-4.212113528784032995e-06,-5.364793353277791865e-06,-6.261267078159364899e-06,-6.922553970805261630e-06,-7.371139168808892139e-06,-7.630365217065152253e-06,-7.723868773644442128e-06,-7.675072713433964643e-06,-7.506741155993990575e-06,-7.240602160969320760e-06,-6.897040331584899193e-06,-6.494859161984514699e-06,-6.051110903305910845e-06,-5.580989976881440770e-06,-5.097784575592810597e-06,-4.612880002047042944e-06,-4.135806624511262903e-06,-3.674324989469667945e-06,-3.234540457660915478e-06,-2.821040047405319532e-06,-2.437044479968347347e-06,-2.084568984996087510e-06,-1.764587282225432989e-06,-1.477193643194255083e-06,-1.221759167335754224e-06,-9.970787758078442619e-07,-8.015066895994573815e-07
nan,nan,nan,nan,nan,nan,nan,nan,nan,nan,nan,nan,nan,nan,nan,nan,nan,nan,nan,nan,nan,nan,nan,nan,nan,nan,nan,nan,nan,nan,nan,nan,nan,nan,nan,nan,nan,nan,nan,nan,nan,nan,nan,nan,nan,nan,nan,nan,nan,nan,nan,nan,nan,nan,nan,nan,nan,nan,nan,nan,nan,nan,nan,nan,nan,nan,nan,nan,nan,-1.590730093885506531e-06,-3.703820074838150734e-06,-5.498514305234150049e-06,-6.984454386231547599e-06,-8.175520185172821579e-06,-9.089161203751425081e-06,-9.745702985264525695e-06,-1.016764984166302576e-05,-1.037900338071973072e-05,-1.040461391637361475e-05,-1.026957921182705142e-05,-9.998702021326121348e-06,-9.616014947970415191e-06,-9.144378079913680738e-06,-8.605152105922155039e-06,-8.017946943135754456e-06,-7.400443610669462573e-06,-6.768285131538677821e-06,-6.135030680498532289e-06,-5.512165961166962911e-06,-4.909162029878836231e-06,-4.333574386660222737e-06,-3.791173936616534653e-06,-3.286101771263706704e-06,-2.821040047590111204e-06,-2.397391858979771499e-06,-2.015463953443768624e-06,-1.674646671283958715e-06,-1.373586875396695599e-06,-1.110350020843508396e-06,-8.825689554671821491e-07
nan,nan,nan,nan,nan,nan,nan,nan,nan,nan,nan,nan,nan,nan,nan,nan,nan,nan,nan,nan,nan,nan,nan,nan,nan,nan,nan,nan,nan,nan,nan,nan,nan,nan,nan,nan,nan,nan,nan,nan,nan,nan,nan,nan,nan,nan,nan,nan,nan,nan,nan,nan,nan,nan,nan,nan,nan,nan,nan,nan,nan,nan,nan,nan,nan,nan,-5.781958562235904717e-08,-2.851040690800879293e-06,-5.323003282112818383e-06,-7.467678672385353633e-06,-9.285121279224493429e-06,-1.078100499090042767e-05,-1.196605622369474383e-05,-1.285540779444213837e-05,-1.346789834516681856e-05,-1.382534172036204151e-05,-1.395178950531038371e-05,-1.387280809997967007e-05,-1.361478918540697108e-05,-1.320430962910310088e-05,-1.266755365603130896e-05,-1.202980689960859162e-05,-1.131502859830707471e-05,-1.054550516125329553e-05,-9.741585369620899514e-06,-8.921494919461370310e-06,-8.101225834975290621e-06,-7.294494519493555425e-06,-6.512760819456334758e-06,-5.765299600852696124e-06,-5.059315879092068772e-06,-4.400094273609687855e-06,-3.791173937576665133e-06,-3.234540458674987981e-06,-2.730826900408467590e-06,-2.279517231181175987e-06,-1.879145932057035495e-06,-1.527489170032111319e-06,-1.221743294729363360e-06,-9.586880697872881668e-07
nan,nan,nan,nan,nan,nan,nan,nan,nan,nan,nan,nan,nan,nan,nan,nan,nan,nan,nan,nan,nan,nan,nan,nan,nan,nan,nan,nan,nan,nan,nan,nan,nan,nan,nan,nan,nan,nan,nan,nan,nan,nan,nan,nan,nan,nan,nan,nan,nan,nan,nan,nan,nan,nan,nan,nan,nan,nan,nan,nan,nan,nan,nan,nan,-2.352763484915633131e-06,-5.383032653729220548e-06,-8.119835969725195825e-06,-1.054442688180243137e-05,-1.264483287262463032e-05,-1.441568552528339330e-05,-1.585789199204047293e-05,-1.697816843786054830e-05,-1.778845916768573906e-05,-1.830526706044527954e-05,-1.854892184930151020e-05,-1.854281263441171353e-05,-1.831260990042502814e-05,-1.788550045668500324e-05,-1.728945608302789137e-05,-1.655255367123124158e-05,-1.570236118264079547e-05,-1.476540024787086068e-05,-1.376669256767270052e-05,-1.272939392699142055e-05,-1.167451636160575153e-05,-1.062073616794293849e-05,-9.584283021741029320e-06,-8.578903491652317221e-06,-7.615890666716414563e-06,-6.704170618228261876e-06,-5.850435889745954797e-06,-5.059315878448584618e-06,-4.333574387268093391e-06,-3.674324990232846325e-06,-3.081255588570082695e-06,-2.552854744779082584e-06,-2.086632949339801291e-06,-1.679333793703108535e-06,-1.327130383336845057e-06,-1.025804216315324142e-06
nan,nan,nan,nan,nan,nan,nan,nan,nan,nan,nan,nan,nan,nan,nan,nan,nan,nan,nan,nan,nan,nan,nan,nan,nan,nan,nan,nan,nan,nan,nan,nan,nan,nan,nan,nan,nan,nan,nan,nan,nan,nan,nan,nan,nan,nan,nan,nan,nan,nan,nan,nan,nan,nan,nan,nan,nan,nan,nan,nan,-1.081892866258527084e-07,-3.547094038193585215e-06,-6.828375632791310290e-06,-9.908735025614574064e-06,-1.275039041960345931e-05,-1.532172429597431312e-05,-1.759773081775947300e-05,-1.956026027005453095e-05,-2.119806448521478488e-05,-2.250665377265866429e-05,-2.348798174354822576e-05,-2.414997910878746370e-05,-2.450596124569138853e-05,-2.457393669247825429e-05,-2.437584499813724010e-05,-2.393675242142698188e-05,-2.328403296249172729e-05,-2.244656034992564481e-05,-2.145393385652061239e-05,-2.033575763541252445e-05,-1.912098953472321104e-05,-1.783737155079865129e-05,-1.651095006902508235e-05,-1.516569036298215831e-05,-1.382318620380921895e-05,-1.250246226719604214e-05,-1.121986432728889140e-05,-9.989030006563691315e-06,-8.820931089301862341e-06,-7.723977271661011280e-06,-6.704170619022871955e-06,-5.765299600759315824e-06,-4.909162031148302297e-06,-4.135806625855893825e-06,-3.443783684870868521e-06,-2.830396772366158132e-06,-2.291947850616711310e-06,-1.823970399806627264e-06,-1.421445393978320384e-06,-1.078997168036603110e-06
nan,-9.113094878527717188e-13,-2.900644282714901135e-11,-2.184883943998342701e-10,-9.105184511910443330e-10,-2.737141338656228235e-09,-6.680300788384499082e-09,-1.409605650837494804e-08,-2.669550789923985072e-08,-4.647569626330046406e-08,-7.559663729876423560e-08,-1.162045823683047417e-07,-1.702056909678835014e-07,-2.389993340738769188e-07,-3.231844106191734833e-07,-4.222566788622451730e-07,-5.343179197378694631e-07,-6.558202728604123484e-07,-7.813695984649684519e-07,-9.036108920301926310e-07,-1.013216136153376890e-06,-1.098990797442436809e-06,-1.148109370545908466e-06,-1.146483687716036510e-06,-1.079259612506255512e-06,-9.314301256806876407e-07,-6.885443141519025233e-07,-3.374849022668429295e-07,nan,nan,nan,nan,nan,nan,nan,nan,nan,nan,nan,nan,nan,nan,nan,nan,nan,nan,nan,nan,nan,nan,nan,nan,nan,nan,nan,nan,-2.251762496573750144e-06,-5.290155815498174060e-06,-8.368669647374283243e-06,-1.143443450556334750e-05,-1.443536244745950663e-05,-1.732148189807768167e-05,-2.004616877712314096e-05,-2.256723675151435114e-05,-2.484785634591971353e-05,-2.685728035556474261e-05,-2.857136125577278152e-05,-2.997285456157566097e-05,-3.105151019328246934e-05,-3.180396127135173693e-05,-3.223342644341172566e-05,-3.234924724056529926e-05,-3.216628632838366123e-05,-3.170421539111441559e-05,-3.098672305963107431e-05,-3.004067361787079023e-05,-2.889524634320799572e-05,-2.758108348371278372e-05,-2.612947201376762053e-05,-2.457158093207249268e-05,-2.293777185213311882e-05,-2.125699651096794201e-05,-1.955629043724483508e-05,-1.786036798203305401e-05,-1.619131991698300897e-05,-1.456841129409851737e-05,-1.300797426268870198e-05,-1.152338805345433602e-05,-1.012513636314779087e-05,-8.820931087704403942e-06,-7.615890666302451774e-06,-6.512760818229919142e-06,-5.512165961733018089e-06,-4.612880002857534043e-06,-3.812106055226144605e-06,-3.105756182235824619e-06,-2.488722852814012939e-06,-1.955136170078401634e-06,-1.498601235660994091e-06,-1.112412489742412754e-06
nan,-2.749551289639588349e-12,-8.772571174466182709e-11,-6.616138003339912587e-10,-2.761166102993330773e-09,-8.319646252700312863e-09,-2.037478771565111312e-08,-4.319932206532989625e-08,-8.233843308547156840e-08,-1.445425278388220786e-07,-2.375891312333903164e-07,-3.699943845310089922e-07,-5.506214354284040728e-07,-7.882007243678770064e-07,-1.090783719618211783e-06,-1.465158385211087906e-06,-1.916259056845881298e-06,-2.446607036174951383e-06,-3.055819194647274617e-06,-3.740220920312397469e-06,-4.492596328565199042e-06,-5.302103152144597864e-06,-6.154372023231674256e-06,-7.031800908170950379e-06,-7.914044674652959924e-06,-8.778689387711475543e-06,-9.602089479121758014e-06,-1.036033628354141430e-05,-1.103031706231170594e-05,-1.159081710262187258e-05,-1.202361236930354171e-05,-1.231449859768513477e-05,-1.245420313576091612e-05,-1.243912992207399506e-05,-1.227189402777200681e-05,-1.196161138978673657e-05,-1.152391984630774666e-05,-1.098072019259558798e-05,-1.035963870708448201e-05,-9.693226133845561266e-06,-9.017920430399273840e-06,-8.372812343409860713e-06,-7.798262214079856454e-06,-7.334424069051224732e-06,-7.019737497301765510e-06,-6.889449859444811913e-06,-6.974230182446120052e-06,-7.298932187322291468e-06,-7.881557342650690400e-06,-8.732459998362291010e-06,-9.853826060433464539e-06,-1.123944476805829545e-05,-1.287478065358781289e-05,-1.473734013415507863e-05,-1.679731520978571761e-05,-1.901847574714523429e-05,-2.135927250917764135e-05,-2.377410555547452721e-05,-2.621470750447113331e-05,-2.863158817639346534e-05,-3.097548668208283888e-05,-3.319877879110738465e-05,-3.525679133012366408e-05,-3.710898104565555153e-05,-3.871994259112697710e-05,-4.006021850876682525e-05,-4.110689302081543345e-05,-4.184396048638443645e-05,-4.226246837139575451e-05,-4.236044281599918142e-05,-4.214261245432148796e-05,-4.161995231722856356e-05,-4.080907474324028532e-05,-3.973149766821588524e-05,-3.841282279459226954e-05,-3.688185676375575414e-05,-3.516970773508964440e-05,-3.330888794567326785e-05,-3.133244985317020827e-05,-2.927317988244323288e-05,-2.716286948385846276e-05,-2.503167873499179905e-05,-2.290760292734300005e-05,-2.081604815049162535e-05,-1.877951747170821515e-05,-1.681740541894420634e-05,-1.494589514629195647e-05,-1.317794988321686359e-05,-1.152338805447660992e-05,-9.989030005546394581e-06,-8.578903491867421237e-06,-7.294494518658926428e-06,-6.135030681656644016e-06,-5.097784576940759347e-06,-4.178385797841730232e-06,-3.371131762965439284e-06,-2.669288223834880309e-06,-2.065373006041939007e-06,-1.551416789928769195e-06,-1.119197572193395724e-06
nan,-4.832381044526171731e-12,-1.540454362752981956e-10,-1.161938538960269054e-09,-4.850554303593275984e-09,-1.462223664518755618e-08,-3.583588397899981008e-08,-7.605778683169188005e-08,-1.451633856050648118e-07,-2.552728749182230805e-07,-4.205118412218384642e-07,-6.565978467937535275e-07,-9.802637263300308047e-07,-1.408539067392355497e-06,-1.957920555786062298e-06,-2.643470947663497782e-06,-3.477892579161309439e-06,-4.470626196411153785e-06,-5.627027395856590056e-06,-6.947671868372680529e-06,-8.427836382499968038e-06,-1.005719547335909456e-05,-1.181976400924398370e-05,-1.369410435104751019e-05,-1.565380307878490678e-05,-1.766820880685863185e-05,-1.970340788867797017e-05,-2.172340207297195435e-05,-2.369143984604769028e-05,-2.557144411596288050e-05,-2.732947165277218224e-05,-2.893513657695118144e-05,-3.036292964024706788e-05,-3.159336884667675354e-05,-3.261392332623715113e-05,-3.341966255702854161e-05,-3.401359500759709481e-05,-3.440667489872010993e-05,-3.461747083160919195e-05,-3.467150622180668158e-05,-3.460029648456563854e-05,-3.444012244751468155e-05,-3.423059136433909876e-05,-3.401304696394006900e-05,-3.382889640496924359e-05,-3.371792569495294485e-05,-3.371667507549448148e-05,-3.385694261927526020e-05,-3.416447789403189003e-05,-3.465791836151581155e-05,-3.534800983132506581e-05,-3.623713922659558325e-05,-3.731919399760749478e-05,-3.857974820129041790e-05,-3.999656150579135457e-05,-4.154036453779786183e-05,-4.317589290325364701e-05,-4.486312301539166307e-05,-4.655865629715337951e-05,-4.821719414407718725e-05,-4.979304468850341569e-05,-5.124160356734600437e-05,-5.252075454542878174e-05,-5.359214153532427741e-05,-5.442227108916666676e-05,-5.498341316432751733e-05,-5.525427764420456640e-05,-5.522045397690316499e-05,-5.487461124842609133e-05,-5.421646519089139311e-05,-5.325252717417078318e-05,-5.199565726611599001e-05,-5.046444934590183998e-05,-4.868248033904602366e-05,-4.667745828803386544e-05,-4.448030493599458080e-05,-4.212420796906910880e-05,-3.964367627102510734e-05,-3.707362846300660671e-05,-3.444854120427877944e-05,-3.180167909774525076e-05,-2.916442318740552906e-05,-2.656570980353847294e-05,-2.403158665674429918e-05,-2.158488821126975746e-05,-1.924502806227675861e-05,-1.702790235006830421e-05,-1.494589514543275335e-05,-1.300797426316016391e-05,-1.121986432548864146e-05,-9.584283021450320836e-06,-8.101225833581528400e-06,-6.768285132535861758e-06,-5.580989978153289539e-06,-4.533153997994897746e-06,-3.617220664591764600e-06,-2.824595891290680583e-06,-2.145960959640180532e-06,-1.571558972297479190e-06,-1.091451270931302876e-06
nan,-7.150809489981538615e-12,-2.278426289598710878e-10,-1.718659005081295260e-09,-7.175455048135313243e-09,-2.163532006030635457e-08,-5.304023885174225878e-08,-1.126220842185841060e-07,-2.150764019063711109e-07,-3.785018783233566185e-07,-6.240937899127897085e-07,-9.755928302839136500e-07,-1.458503925544520465e-06,-2.099113641771436719e-06,-2.923346929911453944e-06,-3.955515613946455412e-06,-5.217019112824689979e-06,-6.725064117293557434e-06,-8.491472033547304004e-06,-1.052164176456887545e-05,-1.281373022427038835e-05,-1.535810441943099197e-05,-1.813710686016938400e-05,-2.112516187138854847e-05,-2.428923340723529225e-05,-2.758962816247431682e-05,-3.098111947940125366e-05,-3.441435142456499165e-05,-3.783746683709228903e-05,-4.119789126330356227e-05,-4.444419509123594158e-05,-4.752795135862196825e-05,-5.040550505856849036e-05,-5.303957321755148715e-05,-5.540060168693667513e-05,-5.746781579381456508e-05,-5.922991555571382853e-05,-6.068538295441887375e-05,-6.184238630924251100e-05,-6.271828586065534227e-05,-6.333876260432142976e-05,-6.373660998187052993e-05,-6.395024274638615256e-05,-6.402199004088831723e-05,-6.399624838197288240e-05,-6.391757577750525508e-05,-6.382880945059205707e-05,-6.376928715937613091e-05,-6.377324595660588586e-05,-6.386846272645035623e-05,-6.407518872188334806e-05,-6.440541604041590820e-05,-6.486249852224199117e-05,-6.544113342178106869e-05,-6.612769451142157056e-05,-6.690089242185527250e-05,-6.773272499708783082e-05,-6.858966941272009695e-05,-6.943405964660483425e-05,-7.022558735636577349e-05,-7.092286186121592260e-05,-7.148496538399631687e-05,-7.187294302658441220e-05,-7.205117260894295891e-05,-7.198856733963804018e-05,-7.165957354571721248e-05,-7.104493614901192654e-05,-7.013221535669971634e-05,-6.891604902855300247e-05,-6.739816539541828894e-05,-6.558716041945202165e-05,-6.349806206752286835e-05,-6.115171055570944305e-05,-5.857398841440521035e-05,-5.579493744319284361e-05,-5.284780097216364641e-05,-4.976802953192982775e-05,-4.659228629382000794e-05,-4.335748545086673227e-05,-4.009989268535534050e-05,-3.685431189319986878e-05,-3.365337706658588589e-05,-3.052696252400631814e-05,-2.750171935902263280e-05,-2.460074060779766217e-05,-2.184335287455438634e-05,-1.924502806410032568e-05,-1.681740541948609398e-05,-1.456841129595006872e-05,-1.250246226619252663e-05,-1.062073616846683853e-05,-8.921494918599582048e-06,-7.400443612438888142e-06,-6.051110905268711494e-06,-4.865236775808245313e-06,-3.833155990288745709e-06,-2.944166161356047417e-06,-2.186872835516989108e-06,-1.549504128878318206e-06,-1.020191145995223429e-06
nan,-9.689386983778712790e-12,-3.088341041101824209e-10,-2.329797570776486528e-09,-9.727774730960045651e-09,-2.933465801012291173e-08,-7.192861252693594448e-08,-1.527666152101583640e-07,-2.918378005821862966e-07,-5.138078761957334763e-07,-8.476397784439276654e-07,-1.325892494663641384e-06,-1.983716856176403407e-06,-2.857584674737603553e-06,-3.983802924315175769e-06,-5.396879129412754860e-06,-7.127814310541788739e-06,-9.202407542724628869e-06,-1.163965891274377259e-05,-1.445035627113731933e-05,-1.763592501533847246e-05,-2.118760986982673754e-05,-2.508604309990488762e-05,-2.930123646356289210e-05,-3.379301375309659572e-05,-3.851188034461264914e-05,-4.340030401578986926e-05,-4.839436149767478278e-05,-5.342568613390088681e-05,-5.842363707103505137e-05,-6.331759822249434511e-05,-6.803930850864209844e-05,-7.252512199081327183e-05,-7.671809953175700181e-05,-8.056984055537529707e-05,-8.404197573175378006e-05,-8.710725663444299010e-05,-8.975019750098453335e-05,-9.196724443917831239e-05,-9.376646958009276979e-05,-9.516680875879429983e-05,-9.619688215663469929e-05,-9.689345511227177106e-05,-9.729961193618269337e-05,-9.746272666090225020e-05,-9.743232224677390028e-05,-9.725791247424637001e-05,-9.698691917039131271e-05,-9.666275160145369944e-05,-9.632312507148721697e-05,-9.599868287992293541e-05,-9.571197022835184844e-05,-9.547679159104686725e-05,-9.529796499030266429e-05,-9.517146884557901951e-05,-9.508496003199593005e-05,-9.501862664729684191e-05,-9.494632595214813446e-05,-9.483694803595392410e-05,-9.465593872615683281e-05,-9.436691176849799326e-05,-9.393327996450850904e-05,-9.331983787209086024e-05,-9.249423426325726998e-05,-9.142828066892593223e-05,-9.009905215440895774e-05,-8.848974775510264144e-05,-8.659028974483822558e-05,-8.439765302644460388e-05,-8.191592725949803019e-05,-7.915612511901600412e-05,-7.613575909049013395e-05,-7.287821696573929550e-05,-6.941197177458489063e-05,-6.576966574190836487e-05,-6.198710963505522670e-05,-5.810223879828242482e-05,-5.415406549411020662e-05,-5.018166386707803594e-05,-4.622321957713402353e-05,-4.231517080346454954e-05,-3.849146160283165008e-05,-3.478292236912397729e-05,-3.121678631858050004e-05,-2.781634500455105015e-05,-2.460074060670922822e-05,-2.158488821246820066e-05,-1.877951747155527149e-05,-1.619131991847124247e-05,-1.382318620209679446e-05,-1.167451636168720730e-05,-9.741585368251862184e-06,-8.017946944860020463e-06,-6.494859163975881534e-06,-5.161716535804137939e-06,-4.006475806093154354e-06,-3.016063224629123787e-06,-2.176755097641261665e-06,-1.474523399627665700e-06,-8.953424725769746398e-07
nan,-1.244403906572495044e-11,-3.966390966447793596e-10,-2.992291298042837539e-09,-1.249452665343269618e-08,-3.768088744895148876e-08,-9.240424725730998204e-08,-1.962855938016758888e-07,-3.750540898275052609e-07,-6.604975697440708393e-07,-1.090005268143009434e-06,-1.705705283915882572e-06,-2.553220104716605592e-06,-3.680084922925461286e-06,-5.133892228908790395e-06,-6.960243627141512784e-06,-9.200602271129174991e-06,-1.189014860036401156e-05,-1.505574548358867566e-05,-1.871411733238156027e-05,-2.287034054699791210e-05,-2.751673056902327196e-05,-3.263219367299706854e-05,-3.818209136108492458e-05,-4.411864105995677338e-05,-5.038185251377024811e-05,-5.690097298275911429e-05,-6.359639062981814364e-05,-7.038192260942774197e-05,-7.716739612294331360e-05,-8.386141573355992518e-05,-9.037420141940960615e-05,-9.662037759057158222e-05,-1.025215957890091955e-04,-1.080088809692494141e-04,-1.130246045748663328e-04,-1.175240045743637099e-04,-1.214761941111884135e-04,-1.248646234525168557e-04,-1.276869853602429004e-04,-1.299545784506320623e-04,-1.316911674841488066e-04,-1.329314005979901421e-04,-1.337188622667359952e-04,-1.341038545362961351e-04,-1.341410089141563075e-04,-1.338868356439379425e-04,-1.333973165355485018e-04,-1.327256421238593614e-04,-1.319201838901250213e-04,-1.310227786182074862e-04,-1.300673850690439390e-04,-1.290791543750787081e-04,-1.280739354219449322e-04,-1.270582164902684091e-04,-1.260294850551602855e-04,-1.249769702259611540e-04,-1.238827170995370765e-04,-1.227229304749970142e-04,-1.214695166987784071e-04,-1.200917476639093803e-04,-1.185579697504344783e-04,-1.168372829516397859e-04,-1.149011209144674067e-04,-1.127246710537177613e-04,-1.102880842897143940e-04,-1.075774361215720465e-04,-1.045854135197791580e-04,-1.013117154469353985e-04,-9.776316734302342303e-05,-9.395356195163764813e-05,-8.990324899578955927e-05,-8.563850503171624451e-05,-8.119072123188472137e-05,-7.659545139948026175e-05,-7.189136476393932925e-05,-6.711914831278664533e-05,-6.232040181290650132e-05,-5.753656525036918162e-05,-5.280791388723641259e-05,-4.817265038478889770e-05,-4.366611723793469745e-05,-3.932014595408402004e-05,-3.516255303775843081e-05,-3.121678631874067058e-05,-2.750171935789701410e-05,-2.403158665825208559e-05,-2.081604815041639527e-05,-1.786036798383575357e-05,-1.516569036108253785e-05,-1.272939392705575609e-05,-1.054550515973641368e-05,-8.605152107934727345e-06,-6.897040333880863312e-06,-5.407934235414635462e-06,-4.123129768877373616e-06,-3.026905078791439399e-06,-2.102940182594097562e-06,-1.334696662889244697e-06,-7.057531867638083535e-07
nan,-1.539509610768741865e-11,-4.906665575666971661e-10,-3.701708194820451715e-09,-1.545723282978139930e-08,-4.661830240299647638e-08,-1.143305488926797328e-07,-2.428888432570280300e-07,-4.641707041207752179e-07,-8.175940408160925228e-07,-1.349577441926038649e-06,-2.112506133822044426e-06,-3.163231747199572524e-06,-4.561159509925110777e-06,-6.365998875387769099e-06,-8.635274234661794953e-06,-1.142170721126734251e-05,-1.477059300242263419e-05,-1.871729739057600907e-05,-2.328499935893656289e-05,-2.848279595111616346e-05,-3.430427202050651816e-05,-4.072661762340419134e-05,-4.771035224008183119e-05,-5.519968693128286363e-05,-6.312352714506948314e-05,-7.139708824537405565e-05,-7.992406794078589364e-05,-8.859929291914335101e-05,-9.731173522613538896e-05,-1.059477759731732027e-04,-1.143945829048169605e-04,-1.225434626073772053e-04,-1.302930500237585670e-04,-1.375522053135063360e-04,-1.442425024807473242e-04,-1.503002129171778878e-04,-1.556777109989694781e-04,-1.603442548553359265e-04,-1.642861243153831885e-04,-1.675061260370445352e-04,-1.700225039346245858e-04,-1.718673176092040461e-04,-1.730843736279006977e-04,-1.737268111282294126e-04,-1.738544555039284460e-04,-1.735310600695378204e-04,-1.728215561973857600e-04,-1.717894275294847332e-04,-1.704943136234395669e-04,-1.689899339578994938e-04,-1.673224049656877959e-04,-1.655290021978484099e-04,-1.636373974123915749e-04,-1.616653780285712196e-04,-1.596210345130150946e-04,-1.575033814067407711e-04,-1.553033601515797833e-04,-1.530051579800336531e-04,-1.505877666667033348e-04,-1.480266988207330737e-04,-1.452957771728011411e-04,-1.423689142437740865e-04,-1.392218051285918083e-04,-1.358334648553355655e-04,-1.321875527718269824e-04,-1.282734395044311771e-04,-1.240869859041450300e-04,-1.196310180175469477e-04,-1.149154959422851301e-04,-1.099573878300434752e-04,-1.047802716453283928e-04,-9.941369725937354855e-05,-9.389234880821373242e-05,-8.825505255367504956e-05,-8.254367824863077395e-05,-7.680198251375515406e-05,-7.107444121395274726e-05,-6.540511426927641560e-05,-5.983658151909733533e-05,-5.440898207038969602e-05,-4.915918282350776518e-05,-4.412009442873511295e-05,-3.932014595542927099e-05,-3.478292237047874889e-05,-3.052696252373112730e-05,-2.656570980618281155e-05,-2.290760292806076222e-05,-1.955629044003178693e-05,-1.651095006749168166e-05,-1.376669256820475580e-05,-1.131502859710084897e-05,-9.144378082671874124e-06,-7.240602163986912904e-06,-5.587539161399966779e-06,-4.167529294769000966e-06,-2.961913263786709705e-06,-1.951495125969341827e-06,-1.116959513067687089e-06,-4.392387961018952919e-07
nan,-1.851138638648792219e-11,-5.901299487587707122e-10,-4.452271094351737302e-09,-1.859192787574414664e-08,-5.607478965615842002e-08,-1.375308246506796582e-07,-2.922011248541943828e-07,-5.584705960706945233e-07,-9.838341322405001256e-07,-1.624270721871430719e-06,-2.543029270202817513e-06,-3.808859340067503830e-06,-5.493749767665226879e-06,-7.670264315001959509e-06,-1.040858748954594281e-05,-1.377341102989346243e-05,-1.782080428043752638e-05,-2.259521661864520451e-05,-2.812675826234558034e-05,-3.442889636187844242e-05,-4.149668730972199131e-05,-4.930564345033942733e-05,-5.781130536781925325e-05,-6.694955877758519561e-05,-7.663770239105192872e-05,-8.677623792589268933e-05,-9.725132117914872792e-05,-1.079377820065362205e-04,-1.187025955780424667e-04,-1.294086661733442900e-04,-1.399187713342093381e-04,-1.500995068246776588e-04,-1.598250740337455464e-04,-1.689807589726378826e-04,-1.774659674564141028e-04,-1.851967015886128286e-04,-1.921073892293504739e-04,-1.981520071597881122e-04,-2.033044711370591521e-04,-2.075582977498135139e-04,-2.109255750249575991e-04,-2.134353070375959692e-04,-2.151312234911106523e-04,-2.160691649285944845e-04,-2.163141691403032201e-04,-2.159373924243149971e-04,-2.150130012307303710e-04,-2.136151654260805017e-04,-2.118152740123692630e-04,-2.096794789393414699e-04,-2.072666529868595750e-04,-2.046268252770663462e-04,-2.018001333858359043e-04,-1.988163061835920050e-04,-1.956946670122529939e-04,-1.924446243488597244e-04,-1.890665970547910192e-04,-1.855533051950381635e-04,-1.818913450219107782e-04,-1.780629591105168004e-04,-1.740479093290686770e-04,-1.698253616780257935e-04,-1.653756972122805255e-04,-1.606821722855377962e-04,-1.557323629807486542e-04,-1.505193426697024007e-04,-1.450425566883775360e-04,-1.393083741276628931e-04,-1.333303119517044845e-04,-1.271289415278119121e-04,-1.207315003055968846e-04,-1.141712425973387716e-04,-1.074865717639884302e-04,-1.007200022414012221e-04,-9.391700316167990448e-05,-8.712477615455047595e-05,-8.039101848305312437e-05,-7.376271897123091526e-05,-6.728502905266719038e-05,-6.100024460024188128e-05,-5.494692687703604534e-05,-4.915918281912015484e-05,-4.366611723572309442e-05,-3.849146160115042521e-05,-3.365337706347917911e-05,-2.916442318803965858e-05,-2.503167873374841567e-05,-2.125699651237521949e-05,-1.783737154752302242e-05,-1.476540024700681084e-05,-1.202980689711692224e-05,-9.616014950123938861e-06,-7.506741158558533594e-06,-5.682592146809969870e-06,-4.122646706454003674e-06,-2.805007385888932106e-06,-1.707311045974388889e-06,-8.071874111447572381e-07,-8.266101671481735764e-08
nan,-2.177466589420955619e-11,-6.941472111715573116e-10,-5.237097059979002199e-09,-2.186963689924588427e-08,-6.596270334325565602e-08,-1.617898184309474901e-07,-3.437647402268324500e-07,-6.570785006927462829e-07,-1.157675201436119566e-06,-1.911537111730379442e-06,-2.993283544263823041e-06,-4.484121978264585858e-06,-6.469224081477272827e-06,-9.034629442017315620e-06,-1.226380723591712269e-05,-1.623402603413782509e-05,-2.101269650004277518e-05,-2.665385748446913537e-05,-3.319497405014496579e-05,-4.065420538185414998e-05,-4.902828254111821996e-05,-5.829111033876460224e-05,-6.839317706248200686e-05,-7.926181945140995224e-05,-9.080235325491104316e-05,-1.029000398168100129e-04,-1.154228223546654368e-04,-1.282247301726935460e-04,-1.411498197123151152e-04,-1.540364969389284298e-04,-1.667220495919309652e-04,-1.790472087280924767e-04,-1.908605593825894557e-04,-2.020226277726948285e-04,-2.124094889317014326e-04,-2.219157610002611171e-04,-2.304568815758362881e-04,-2.379705936815604012e-04,-2.444176050990419730e-04,-2.497814203779420098e-04,-2.540673809626434491e-04,-2.573009810614738870e-04,-2.595255563524615839e-04,-2.607994655527245530e-04,-2.611929025718479785e-04,-2.607844871601902419e-04,-2.596577852317785771e-04,-2.578979064349077514e-04,-2.555883160313332709e-04,-2.528079822017449793e-04,-2.496289588016013762e-04,-2.461144792620397447e-04,-2.423176103640815469e-04,-2.382804871706851698e-04,-2.340341230894821994e-04,-2.295987638365680993e-04,-2.249847313677447267e-04,-2.201936853660011861e-04,-2.152202154296057300e-04,-2.100536679010490590e-04,-2.046801068110501562e-04,-1.990843091265712714e-04,-1.932516994819177781e-04,-1.871701389033755760e-04,-1.808314943295917228e-04,-1.742329308573603716e-04,-1.673778849376099734e-04,-1.602766942469110122e-04,-1.529468766624477903e-04,-1.454130672166298571e-04,-1.377066359668551322e-04,-1.298650222671576045e-04,-1.219308303596201945e-04,-1.139507382152116346e-04,-1.059742754723177257e-04,-9.805252749652672653e-05,-9.023682124472381775e-05,-8.257744475799333873e-05,-7.512244663376345128e-05,-6.791655463103215998e-05,-6.100024460320190906e-05,-5.440898206785259517e-05,-4.817265038443795501e-05,-4.231517080340286522e-05,-3.685431189122771858e-05,-3.180167909980614969e-05,-2.716286948356159126e-05,-2.293777185466546611e-05,-1.912098953177807071e-05,-1.570236118209268383e-05,-1.266755365373791813e-05,-9.998702024163300556e-06,-7.675072716628159768e-06,-5.673727192083336133e-06,-3.970167944723754383e-06,-2.538948657521282028e-06,-1.354237371134594622e-06,-3.903205727117727713e-07,nan
nan,-2.514824447039389044e-11,-8.016228090157939083e-10,-6.047976509190462736e-09,-2.525613326444665473e-08,-7.617886478666045531e-08,-1.868545022024774901e-07,-3.970420681350571778e-07,-7.589667010866879690e-07,-1.337306252728340879e-06,-2.208385603331562870e-06,-3.458583888598989737e-06,-5.181998517909364534e-06,-7.477448579915383330e-06,-1.044493443919908390e-05,-1.418170126557831336e-05,-1.877807688760820730e-05,-2.431327077595068879e-05,-3.085132756052748272e-05,-3.843742638130097844e-05,-4.709470563590771705e-05,-5.682177264278547566e-05,-6.759102907648621098e-05,-7.934790891194628778e-05,-9.201108500627922090e-05,-1.054736589131075324e-04,-1.196053038350808784e-04,-1.342552892284417689e-04,-1.492562756752855325e-04,-1.644287353265247865e-04,-1.795858253999292142e-04,-1.945385236080060336e-04,-2.091008234612611613e-04,-2.230947869073749432e-04,-2.363552593819461748e-04,-2.487340697872282092e-04,-2.601035620469590226e-04,-2.703593366815657830e-04,-2.794221161771877522e-04,-2.872386878799925401e-04,-2.937819176651208244e-04,-2.990498679678963031e-04,-3.030640899722450107e-04,-3.058671931253382353e-04,-3.075198214715923768e-04,-3.080971869307288320e-04,-3.076853220676718272e-04,-3.063772196783176756e-04,-3.042690236832891319e-04,-3.014564252509287852e-04,-2.980314014007772339e-04,-2.940794107942761872e-04,-2.896771351284735808e-04,-2.848908251216417933e-04,-2.797752799261297042e-04,-2.743734585760501362e-04,-2.687166939928516910e-04,-2.628254545752145522e-04,-2.567105774254970114e-04,-2.503748806452951703e-04,-2.438150512305803884e-04,-2.370236993933442615e-04,-2.299914701679990712e-04,-2.227091079433865409e-04,-2.151693792123321350e-04,-2.073687718296811247e-04,-1.993089053113741079e-04,-1.909976043370212773e-04,-1.824496067073502943e-04,-1.736868953032859797e-04,-1.647386617290328640e-04,-1.556409248854828101e-04,-1.464358417027515407e-04,-1.371707578464742311e-04,-1.278970541656048615e-04,-1.186688492047270285e-04,-1.095416196419782582e-04,-1.005707992608492036e-04,-9.181041301943324647e-05,-8.331179692341316736e-05,-7.512244663042807948e-05,-6.728502905317734816e-05,-5.983658151363368822e-05,-5.280791388470860200e-05,-4.622321957525024258e-05,-4.009989268157288438e-05,-3.444854120533042167e-05,-2.927317988102580456e-05,-2.457158093403994355e-05,-2.033575763134648170e-05,-1.655255366974785650e-05,-1.320430962604058381e-05,-1.026957921460521276e-05,-7.723868776876665644e-06,-5.540375204735746983e-06,-3.690702326387109569e-06,-2.145535707303945145e-06,-8.752638437541732890e-07,nan,nan
nan,-2.858823130473387548e-11,-9.113042026769765350e-10,-6.875570233753978532e-09,-2.871252848949860199e-08,-8.660609164704032958e-08,-2.124375552141111222e-07,-4.514226646226340975e-07,-8.629682855387240488e-07,-1.520670960051487969e-06,-2.511419838649065644e-06,-3.933609923435573579e-06,-5.894514989276370028e-06,-8.506912851180634810e-06,-1.188509394553800684e-05,-1.614041868702473866e-05,-2.137661441394168730e-05,-2.768502103720084763e-05,-3.514000196576475563e-05,-4.379473466288144102e-05,-5.367758229805872391e-05,-6.478922587550004549e-05,-7.710070458037991074e-05,-9.055247437620274429e-05,-1.050545500010242580e-04,-1.204877494743012648e-04,-1.367060107087507284e-04,-1.535397037616570860e-04,-1.707998178360159935e-04,-1.882828647784899579e-04,-2.057763095096995704e-04,-2.230643164861525563e-04,-2.399335884431684680e-04,-2.561790722162074485e-04,-2.716093139899770524e-04,-2.860512646781815014e-04,-2.993543620151880029e-04,-3.113937503369207751e-04,-3.220725375289694306e-04,-3.313230323845120224e-04,-3.391069491391341382e-04,-3.454146105825639437e-04,-3.502632214793880696e-04,-3.536943214299099157e-04,-3.557705561432980166e-04,-3.565719297923245932e-04,-3.561917158944308184e-04,-3.547322105506347796e-04,-3.523005099006290422e-04,-3.490044830759313969e-04,-3.449490945623044321e-04,-3.402332058772496626e-04,-3.349469581776522132e-04,-3.291698054543232255e-04,-3.229692350146145846e-04,-3.164001786968475682e-04,-3.095050871713129321e-04,-3.023146112659556373e-04,-2.948488106624383345e-04,-2.871187914035599250e-04,-2.791286609617045999e-04,-2.708776826104645065e-04,-2.623625101500158519e-04,-2.535793886019981069e-04,-2.445262164800193045e-04,-2.352043789945268491e-04,-2.256202789776167220e-04,-2.157865113660097686e-04,-2.057226478625083575e-04,-1.954556183904399339e-04,-1.850196958918131393e-04,-1.744561081889025233e-04,-1.638123161374489790e-04,-1.531410091154770936e-04,-1.424988778439816050e-04,-1.319452297630926236e-04,-1.215405141016764098e-04,-1.113448226059415310e-04,-1.014164276316030538e-04,-9.181041301966737993e-05,-8.257744475438266089e-05,-7.376271897198992454e-05,-6.540511426308296490e-05,-5.753656524762228088e-05,-5.018166386504634949e-05,-4.335748544666897250e-05,-3.707362846427603127e-05,-3.133244985163506608e-05,-2.612947201603754686e-05,-2.145393385199622656e-05,-1.728945608107259374e-05,-1.361478918202051641e-05,-1.040461391948673358e-05,-7.630365220649168881e-06,-5.261052052055150781e-06,-3.264051473031482790e-06,-1.605854704387218320e-06,-2.527522536520890062e-07,nan,nan
nan,-3.205552297203583868e-11,-1.021845885718650291e-09,-7.709651275391069631e-09,-3.219603705213679146e-08,-9.711524135334149510e-08,-2.382220917416039076e-07,-5.062329981841805085e-07,-9.677954262190922733e-07,-1.705499523059280536e-06,-2.816890346712895544e-06,-4.412487381307239566e-06,-6.612866200049374431e-06,-9.544905010825993543e-06,-1.333734119879660391e-05,-1.811582101618824741e-05,-2.399765361409803336e-05,-3.108650079876220784e-05,-3.946724221865751878e-05,-4.920125337420168431e-05,-6.032231982642827662e-05,-7.283338689563609216e-05,-8.670430956695296572e-05,-1.018707260707473611e-04,-1.182341294890416612e-04,-1.356631612389866859e-04,-1.539960959690577272e-04,-1.730444366882177777e-04,-1.925974899961746295e-04,-2.124277498440158766e-04,-2.322968834092648482e-04,-2.519620885450437990e-04,-2.711825774193508520e-04,-2.897259384566334842e-04,-3.073741360966555534e-04,-3.239289270668423127e-04,-3.392164994159541612e-04,-3.530911774940056970e-04,-3.654380776982985805e-04,-3.761746473640538630e-04,-3.852510667226505996e-04,-3.926495428180557640e-04,-3.983825687920039701e-04,-4.024902634559265934e-04,-4.050369395218769123e-04,-4.061070757305693373e-04,-4.058008853452634620e-04,-4.042296815697676740e-04,-4.015112394136420267e-04,-3.977653429995659895e-04,-3.931096892679297804e-04,-3.876562935666591036e-04,-3.815085122975320534e-04,-3.747587632433582098e-04,-3.674869883657364607e-04,-3.597598674777755618e-04,-3.516307569955504108e-04,-3.431402965227684410e-04,-3.343175997044948219e-04,-3.251819244990974641e-04,-3.157447034571279074e-04,-3.060118062285589790e-04,-2.959859050749416619e-04,-2.856688185095081537e-04,-2.750637185446475888e-04,-2.641771015856125772e-04,-2.530204416979454311e-04,-2.416114655445671176e-04,-2.299750108724733517e-04,-2.181434522311753200e-04,-2.061566994572295588e-04,-1.940617933347250457e-04,-1.819121399706798788e-04,-1.697664385443181428e-04,-1.576873670959028529e-04,-1.457400969522866367e-04,-1.339907086857399030e-04,-1.225045813982574504e-04,-1.113448226094618406e-04,-1.005707992641816209e-04,-9.023682124327005172e-05,-8.039101848620866769e-05,-7.107444120872201388e-05,-6.232040181147267105e-05,-5.415406549323453040e-05,-4.659228629028009462e-05,-3.964367627346351868e-05,-3.330888794478560443e-05,-2.758108348694984888e-05,-2.244656034543307692e-05,-1.788550045455137468e-05,-1.387280809659281053e-05,-1.037900338445650466e-05,-7.371139172968867455e-06,-4.813711233215515412e-06,-2.669537850892538413e-06,-9.005843413599739204e-07,nan,nan,nan
nan,-3.550368761217299949e-11,-1.131781809392351046e-09,-8.539168893951579729e-09,-3.566052005164388667e-08,-1.075671480123280158e-07,-2.638667328124072431e-07,-5.607475785390255004e-07,-1.072061027933933074e-06,-1.889347214596817951e-06,-3.120758628937620686e-06,-4.888888929742868936e-06,-7.327567287359509126e-06,-1.057773091246429166e-05,-1.478253481308012878e-05,-2.008189933433527372e-05,-2.660672672760255701e-05,-3.447304003920066738e-05,-4.377630679500832530e-05,-5.458620756890132566e-05,-6.694209442763434216e-05,-8.084935822962242315e-05,-9.627688633504004161e-05,-1.131557475970811750e-04,-1.313791882656279580e-04,-1.508039675748411843e-04,-1.712530027712684121e-04,-1.925192380454981804e-04,-2.143705984081295491e-04,-2.365558440634154625e-04,-2.588111024554400866e-04,-2.808668282172198534e-04,-3.024549243597244664e-04,-3.233157544012481397e-04,-3.432047822969922163e-04,-3.618985969329463069e-04,-3.792001070703469477e-04,-3.949427320088159899e-04,-4.089934579260097935e-04,-4.212546811449042897e-04,-4.316648111113951776e-04,-4.401976591605075628e-04,-4.468606878781707526e-04,-4.516922415256624372e-04,-4.547579151254651218e-04,-4.561462499184245440e-04,-4.559639626715117182e-04,-4.543309261875051307e-04,-4.513751183436639234e-04,-4.472277465608456067e-04,-4.420187359314512723e-04,-4.358727423144372580e-04,-4.289058193488834328e-04,-4.212228311597726940e-04,-4.129156637548203937e-04,-4.040622485164970489e-04,-3.947263737905656400e-04,-3.849582259941539695e-04,-3.747955725287161464e-04,-3.642654750320816598e-04,-3.533864050069844597e-04,-3.421706240927241535e-04,-3.306266890282295347e-04,-3.187619454909498351e-04,-3.065848857530608404e-04,-2.941072605233893689e-04,-2.813458553763241443e-04,-2.683238643516230979e-04,-2.550718178076164921e-04,-2.416280453327666997e-04,-2.280386784060039682e-04,-2.143572181805464185e-04,-2.006437126097351331e-04,-1.869636016302942002e-04,-1.733863002319494190e-04,-1.599835959061222609e-04,-1.468279396545274279e-04,-1.339907086841604102e-04,-1.215405141042976718e-04,-1.095416196445603941e-04,-9.805252749383892158e-05,-8.712477615722836045e-05,-7.680198250684626545e-05,-6.711914831051556704e-05,-5.810223879674049959e-05,-4.976802952748192221e-05,-4.212420797141642684e-05,-3.516970773377246751e-05,-2.889524634655408418e-05,-2.328403295727321152e-05,-1.831260989736443722e-05,-1.395178950143171312e-05,-1.016764984565908495e-05,-6.922553975249887450e-06,-4.176159344711259327e-06,-1.886391443254415914e-06,-1.035449647052726597e-08,nan,nan,nan
nan,-3.888522118774932756e-11,-1.239575095022879135e-09,-9.352510086043473313e-09,-3.905746189197898538e-08,-1.178154444654095278e-07,-2.890123952109665498e-07,-6.142032364761691732e-07,-1.174305872257344749e-06,-2.069642050516888642e-06,-3.418775719823377753e-06,-5.356157052115677721e-06,-8.028637691719103147e-06,-1.159097950720753742e-05,-1.620052938850911808e-05,-2.201127750065939035e-05,-2.916754965878048684e-05,-3.779760833167963071e-05,-4.800744681428612123e-05,-5.987505867318613367e-05,-7.344544846034188612e-05,-8.872662185042615038e-05,-1.056867532275726170e-04,-1.242526807803753667e-04,-1.443098219789413638e-04,-1.657035432613160417e-04,-1.882419542117785643e-04,-2.117000367864463892e-04,-2.358249623696936849e-04,-2.603423999898657145e-04,-2.849635771550606167e-04,-3.093928250045999227e-04,-3.333353204912996564e-04,-3.565047334644196259e-04,-3.786304933375551863e-04,-3.994644105286684422e-04,-4.187864184200205129e-04,-4.364092432778360971e-04,-4.521818571932088426e-04,-4.659916240261298328e-04,-4.777651037720551889e-04,-4.874675383387947120e-04,-4.951010946352642130e-04,-5.007019906896522645e-04,-5.043366713534989205e-04,-5.060972335524926155e-04,-5.060963234157030057e-04,-5.044617393350270046e-04,-5.013309760588135523e-04,-4.968459346537463161e-04,-4.911480039030763833e-04,-4.843736903535892009e-04,-4.766509398252438993e-04,-4.680962533614225389e-04,-4.588126588382175543e-04,-4.488885565833319836e-04,-4.383974166771843848e-04,-4.273982678225925571e-04,-4.159368856362768768e-04,-4.040475619329876524e-04,-3.917553180865772388e-04,-3.790784143477100919e-04,-3.660310039969436242e-04,-3.526257851566469122e-04,-3.388765142862186453e-04,-3.248002617480506230e-04,-3.104193112974504743e-04,-2.957626292504165620e-04,-2.808668556129578211e-04,-2.657767952135892163e-04,-2.505454129182516413e-04,-2.352333596026173258e-04,-2.199080762085378756e-04,-2.046425391558388677e-04,-1.895137226499990447e-04,-1.746008608462479522e-04,-1.599835959055875866e-04,-1.457400969500217383e-04,-1.319452297656353217e-04,-1.186688492072641293e-04,-1.059742754689372511e-04,-9.391700316438589692e-05,-8.254367824026229172e-05,-7.189136476112457778e-05,-6.198710963308188388e-05,-5.284780096695932691e-05,-4.448030493841384242e-05,-3.688185676209919487e-05,-3.004067362141472864e-05,-2.393675241548579114e-05,-1.854281263024527704e-05,-1.382534171597028071e-05,-9.745702989508306450e-06,-6.261267082856610672e-06,-3.326530233797488423e-06,-8.941910194204459585e-07,nan,nan,nan,nan
nan,-4.214932063998692532e-11,-1.343637487589535219e-09,-1.013771495938543821e-08,-4.233693944163266303e-08,-1.277095605857711557e-07,-3.132897274144588696e-07,-6.658150142959686456e-07,-1.273029091674164636e-06,-2.243738595891206283e-06,-3.706571167684974714e-06,-5.807443552357258263e-06,-8.705810363336349313e-06,-1.256982496024354424e-05,-1.757059784051993737e-05,-2.387578599697065887e-05,-3.164278238006472573e-05,-4.101180016150224664e-05,-5.209915734753848551e-05,-6.499106483738668200e-05,-7.973820398501533591e-05,-9.635135019805610027e-05,-1.147982564529192247e-04,-1.350019595755162587e-04,-1.568406112476017377e-04,-1.801488727078632071e-04,-2.047208442839103942e-04,-2.303144369438152404e-04,-2.566570311186426351e-04,-2.834522147607788857e-04,-3.103873473349640349e-04,-3.371416638850025850e-04,-3.633946122337415791e-04,-3.888341102501541237e-04,-4.131644164782926525e-04,-4.361133283812425711e-04,-4.574384542909854792e-04,-4.769323489847589583e-04,-4.944263531959259151e-04,-5.097930357585906715e-04,-5.229471962989282359e-04,-5.338454481225483146e-04,-5.424844579770201096e-04,-5.488979733012767188e-04,-5.531528121141925233e-04,-5.553440274099732043e-04,-5.555894829407128071e-04,-5.540240908847691862e-04,-5.507939640849393191e-04,-5.460507254776865698e-04,-5.399461975192772168e-04,-5.326276646493931753e-04,-5.242338654029830326e-04,-5.148918282747779341e-04,-5.047146206690119197e-04,-4.938000340801533810e-04,-4.822301846426320176e-04,-4.700719671327167589e-04,-4.573782655179764044e-04,-4.441897942858140944e-04,-4.305374242679392365e-04,-4.164448340227998508e-04,-4.019313240573687326e-04,-3.870146349530924693e-04,-3.717136221581264196e-04,-3.560506575839886799e-04,-3.400536511385384786e-04,-3.237576110553219938e-04,-3.072056905608773719e-04,-2.904496963329813173e-04,-2.735500625129341822e-04,-2.565753186448652568e-04,-2.396011024668363246e-04,-2.227087859389236522e-04,-2.059837963638967251e-04,-1.895137226516567899e-04,-1.733863002328020356e-04,-1.576873670946303519e-04,-1.424988778479796276e-04,-1.278970541694578991e-04,-1.139507382122872161e-04,-1.007200022452137784e-04,-8.825505254457863399e-05,-7.659545139692829378e-05,-6.576966574022764822e-05,-5.579493743784993596e-05,-4.667745829113343004e-05,-3.841282279311019905e-05,-3.098672306386306098e-05,-2.437584499185902173e-05,-1.854892184417333557e-05,-1.346789834058009788e-05,-9.089161208540612045e-06,-5.364793358480464739e-06,-2.243811204172691806e-06,nan,nan,nan,nan,nan
nan,-4.524716656682619114e-11,-1.442348083381485616e-09,-1.088278250949855871e-08,-4.544880940562199688e-08,-1.370982086755691146e-07,-3.363275551363940821e-07,-7.147940009752319808e-07,-1.366722147018859987e-06,-2.408977717313057123e-06,-3.979751597422954111e-06,-6.235863821791356445e-06,-9.348762838944172640e-06,-1.349936008060675756e-05,-1.887189723349827573e-05,-2.564709462343761886e-05,-3.399486707251689463e-05,-4.406692075045520393e-05,-5.598955617304224091e-05,-6.985700006423176079e-05,-8.572557093940587044e-05,-1.036089522310654166e-04,-1.234748018307566756e-04,-1.452428731020792042e-04,-1.687847581339448934e-04,-1.939252973789261825e-04,-2.204456280137771524e-04,-2.480877754721890925e-04,-2.765606267452860628e-04,-3.055470671183111060e-04,-3.347120134778523823e-04,-3.637110420461752043e-04,-3.921992852116015999e-04,-4.198402646586097439e-04,-4.463143337948116251e-04,-4.713264237247035381e-04,-4.946128199460082938e-04,-5.159467427022016968e-04,-5.351425568693568948e-04,-5.520584989134362996e-04,-5.665978712662428102e-04,-5.787087202185586636e-04,-5.883820744603575088e-04,-5.956488793651896606e-04,-6.005758103161948965e-04,-6.032601883846871842e-04,-6.038242493437237122e-04,-6.024090325493855350e-04,-5.991681595877966114e-04,-5.942617627788772871e-04,-5.878508033088153048e-04,-5.800919876220147955e-04,-5.711334522637330101e-04,-5.611113421904853540e-04,-5.501473597699169452e-04,-5.383473121585850060e-04,-5.258006373722177084e-04,-5.125808449974847457e-04,-4.987467695106513783e-04,-4.843445026899782899e-04,-4.694098490430198686e-04,-4.539711340632559470e-04,-4.380521905856878291e-04,-4.216753521748979583e-04,-4.048642947346166548e-04,-3.876465860024520837e-04,-3.700558272168901950e-04,-3.521332989142784455e-04,-3.339290537711368562e-04,-3.155024295925712083e-04,-2.969219862516525154e-04,-2.782648971112360644e-04,-2.596158500020008465e-04,-2.410655318725985863e-04,-2.227087859406901970e-04,-2.046425391592786617e-04,-1.869636016326258041e-04,-1.697664385440896201e-04,-1.531410091210150899e-04,-1.371707578517046121e-04,-1.219308303571278306e-04,-1.074865717689274048e-04,-9.389234879812825342e-05,-8.119072122952590402e-05,-6.941197177312166493e-05,-5.857398840881126924e-05,-4.868248034276667348e-05,-3.973149766681176212e-05,-3.170421539596529197e-05,-2.457393668574133370e-05,-1.830526705399446297e-05,-1.285540778955896633e-05,-8.175520190414810334e-06,-4.212113534388324846e-06,-9.084121686063813007e-07,nan,nan,nan,nan,nan
nan,-4.812893950786450168e-11,-1.534207820244685430e-09,-1.157591902725796482e-08,-4.834383541472671644e-08,-1.458328796356337374e-07,-3.577615621849203125e-07,-7.603658933087606648e-07,-1.453904435612504622e-06,-2.562749468106316529e-06,-4.234004722824169422e-06,-6.634659932879574369e-06,-9.947361853332621628e-06,-1.436494960894367078e-05,-2.008396270230166985e-05,-2.729738370533981969e-05,-3.618691766457769049e-05,-4.691513887437344767e-05,-5.961784803314260518e-05,-7.439698041543488282e-05,-9.131438713640968119e-05,-1.103867792428866578e-04,-1.315820774028436712e-04,-1.548173536850599909e-04,-1.799584846102093567e-04,-2.068215647741866638e-04,-2.351760549442895960e-04,-2.647495670490886696e-04,-2.952341190204201601e-04,-3.262936321234703903e-04,-3.575723917886723170e-04,-3.887041550552216705e-04,-4.193215624693540306e-04,-4.490655034185440041e-04,-4.775940889905153910e-04,-5.045909078159134444e-04,-5.297722741526562744e-04,-5.528932249114749085e-04,-5.737520775749777643e-04,-5.921934256374770597e-04,-6.081095143790831792e-04,-6.214400093501713665e-04,-6.321702348163958608e-04,-6.403280212923476719e-04,-6.459793530743837249e-04,-6.492230499509942833e-04,-6.501847475924841689e-04,-6.490104586206467711e-04,-6.458600009403741345e-04,-6.409005704083766937e-04,-6.343007141384873543e-04,-6.262249282660246885e-04,-6.168290635763244885e-04,-6.062566745770063461e-04,-5.946363967793897838e-04,-5.820803840647291406e-04,-5.686837872529935381e-04,-5.545252072920561813e-04,-5.396680154821499424e-04,-5.241623990416638618e-04,-5.080479656963816622e-04,-4.913567254290814729e-04,-4.741162622457692206e-04,-4.563529124128658937e-04,-4.380947785051054707e-04,-4.193744282713470699e-04,-4.002311536869579325e-04,-3.807126952949423451e-04,-3.608763702997032732e-04,-3.407895754596877475e-04,-3.205296690456122129e-04,-3.001832650763152635e-04,-2.798449996658202961e-04,-2.596158500018669476e-04,-2.396011024687088502e-04,-2.199080762123344535e-04,-2.006437126122917361e-04,-1.819121399703948149e-04,-1.638123161436423484e-04,-1.464358417086175624e-04,-1.298650222644186659e-04,-1.141712426029069629e-04,-9.941369724760621448e-05,-8.563850502918834583e-05,-7.287821696421730605e-05,-6.115171054962892556e-05,-5.046444935012638631e-05,-4.080907474181411901e-05,-3.216628633382252755e-05,-2.450596123845156753e-05,-1.778845915960725041e-05,-1.196605621853762439e-05,-6.984454391959602823e-06,-2.784314856771359303e-06,nan,nan,nan,nan,nan,nan
nan,-5.074747473821065069e-11,-1.617689361475775482e-09,-1.220585359215016507e-08,-5.097495324065233696e-08,-1.537716032277058800e-07,-3.772434537819413644e-07,-8.017904037034334543e-07,-1.533160326592104264e-06,-2.702558285393597947e-06,-4.465206963705171863e-06,-6.997369157831596562e-06,-1.049191585324993326e-05,-1.515259468108252818e-05,-2.118721676100783708e-05,-2.880003597711771040e-05,-3.818363655078680936e-05,-4.951067469764937204e-05,-6.292583318334520450e-05,-7.853834530538060174e-05,-9.641542571708585545e-05,-1.165769120967656450e-04,-1.389913730086886996e-04,-1.635738789401257874e-04,-1.901855635945874992e-04,-2.186350298238529783e-04,-2.486815760360992452e-04,-2.800401442533203438e-04,-3.123878182888217554e-04,-3.453716370935010801e-04,-3.786174338295819424e-04,-4.117393708297013605e-04,-4.443498132972132915e-04,-4.760691742982218230e-04,-5.065353678967115907e-04,-5.354125285803908044e-04,-5.623986895592563524e-04,-5.872321613681210457e-04,-6.096964094796398234e-04,-6.296232970338581751e-04,-6.468946280834104393e-04,-6.614419998817244262e-04,-6.732450412575308619e-04,-6.823281797434618172e-04,-6.887561353786241132e-04,-6.926283855531854437e-04,-6.940728782077058888e-04,-6.932392901464896331e-04,-6.902921330457048891e-04,-6.854040005700387257e-04,-6.787492288259735530e-04,-6.704982086123561797e-04,-6.608125455745957966e-04,-6.498412139207914145e-04,-6.377177955447174435e-04,-6.245588401610769865e-04,-6.104633279159131726e-04,-5.955131648952774340e-04,-5.797745979270778815e-04,-5.633003983334602689e-04,-5.461326376174567261e-04,-5.283058611123821018e-04,-5.098504596472941365e-04,-4.907960428797047189e-04,-4.711746315434655122e-04,-4.510235068228868761e-04,-4.303875832783476702e-04,-4.093212036708055693e-04,-3.878892899297160172e-04,-3.661678196131011088e-04,-3.442436330682128597e-04,-3.222136077664920946e-04,-3.001832650739355481e-04,-2.782648971089685098e-04,-2.565753186450717973e-04,-2.352333596052126889e-04,-2.143572181819056828e-04,-1.940617933330773023e-04,-1.744561081946258369e-04,-1.556409248909655120e-04,-1.377066359628788749e-04,-1.207315003109576138e-04,-1.047802716307843357e-04,-8.990324899234702764e-05,-7.613575908823702631e-05,-6.349806206031686768e-05,-5.199565727032062767e-05,-4.161995231527712840e-05,-3.234924724616243199e-05,-2.414997910061833576e-05,-1.697816842742756556e-05,-1.078100498514110168e-05,-5.498514311136297648e-06,-1.065248458085614495e-06,nan,nan,nan,nan,nan,nan
nan,-5.306001726908255020e-11,-1.691409664981836469e-09,-1.276213543534410297e-08,-5.329850104703525923e-08,-1.607826466523053178e-07,-3.944500160746262961e-07,-8.383804988126684768e-07,-1.603175928263281648e-06,-2.826087774358382017e-06,-4.669530444837311379e-06,-7.317991586905533107e-06,-1.097342623526318100e-05,-1.584929552921575391e-05,-2.216347623627628292e-05,-3.013032533730544693e-05,-3.995222727584630878e-05,-5.181098250866818071e-05,-6.585940961684850440e-05,-8.221353108708319944e-05,-1.009456933645298707e-04,-1.220789375575289737e-04,-1.455828871830911007e-04,-1.713713593221036159e-04,-1.993018335400916397e-04,-2.291768379099721900e-04,-2.607472302887221490e-04,-2.937172756161985179e-04,-3.277513444826498572e-04,-3.624819920326337753e-04,-3.975191191744441711e-04,-4.324598753257001614e-04,-4.668989326518400767e-04,-5.004387499680169101e-04,-5.326994478467880594e-04,-5.633279374945743441e-04,-5.920059807719261786e-04,-6.184569086861713139e-04,-6.424507846644216848e-04,-6.638078687087875041e-04,-6.824003106292936618e-04,-6.981520769562912267e-04,-7.110371880524725494e-04,-7.210764111140662578e-04,-7.283326133274659010e-04,-7.329050289729487728e-04,-7.349227297792677730e-04,-7.345376092083715251e-04,-7.319171984230995716e-04,-7.272376228968343084e-04,-7.206769870734894149e-04,-7.124094394773566354e-04,-7.026001264290529383e-04,-6.914011894932118284e-04,-6.789489050037137525e-04,-6.653620044451112343e-04,-6.507411569576630490e-04,-6.351695408651468217e-04,-6.187143840824156377e-04,-6.014293139114119512e-04,-5.833573280351440297e-04,-5.645341801969082840e-04,-5.449919674364298895e-04,-5.247627094296285558e-04,-5.038817248776915857e-04,-4.823906322610822697e-04,-4.603398324619743928e-04,-4.377903649998952386e-04,-4.148150681921414598e-04,-3.914990113030764355e-04,-3.679392053684585827e-04,-3.442436330659979973e-04,-3.205296690409673282e-04,-2.969219862473646042e-04,-2.735500625116033782e-04,-2.505454129198101819e-04,-2.280386784063058643e-04,-2.061566994543397805e-04,-1.850196958972513618e-04,-1.647386617343199759e-04,-1.454130672115382811e-04,-1.271289415331595767e-04,-1.099573878125412809e-04,-9.395356194742031852e-05,-7.915612511618066636e-05,-6.558716041124349990e-05,-5.325252717853550330e-05,-4.214261245199323833e-05,-3.223342644933542686e-05,-2.348798173458041690e-05,-1.585789197897869633e-05,-9.285121273004049482e-06,-3.703820081016241338e-06,nan,nan,nan,nan,nan,nan,nan
nan,-5.502734024448078338e-11,-1.754126416971831361e-09,-1.323539699466677274e-08,-5.527536206795100786e-08,-1.667480088135379901e-07,-4.090917393774902129e-07,-8.695207812961741698e-07,-1.662774292832743406e-06,-2.931262819497437158e-06,-4.843545665843897478e-06,-7.591151056575358739e-06,-1.138382865376041941e-05,-1.644339995290455391e-05,-2.299643942583833554e-05,-3.126607886133641505e-05,-4.146327192193559026e-05,-5.377788787293849787e-05,-6.837001757549709914e-05,-8.536187286845172383e-05,-1.048306407295163025e-04,-1.268026188626829656e-04,-1.512489084243542263e-04,-1.780828783873145789e-04,-2.071595424502653158e-04,-2.382769126028393201e-04,-2.711793101891289671e-04,-3.055625357229926052e-04,-3.410807208348594745e-04,-3.773546171781508090e-04,-4.139810177106206823e-04,-4.505429608760783133e-04,-4.866203370484623275e-04,-5.218005033053210295e-04,-5.556885149195917029e-04,-5.879166024938029629e-04,-6.181525585777938956e-04,-6.461067483430699360e-04,-6.715375192250079778e-04,-6.942548562700179412e-04,-7.141222044791470250e-04,-7.310564588007159538e-04,-7.450261974714611447e-04,-7.560483068849036068e-04,-7.641832078918487942e-04,-7.695289459105046637e-04,-7.722144452271107297e-04,-7.723922511362030880e-04,-7.702310918943635568e-04,-7.659085840665490717e-04,-7.596043829705626926e-04,-7.514940437255612695e-04,-7.417438123316846691e-04,-7.305065106435778936e-04,-7.179186193984381454e-04,-7.040986006002574685e-04,-6.891464397127569468e-04,-6.731443304440871099e-04,-6.561583748771726001e-04,-6.382411297745415940e-04,-6.194347992005172672e-04,-5.997748539716362109e-04,-5.792938512564631444e-04,-5.580252314866925240e-04,-5.360068850426310920e-04,-5.132843050718011819e-04,-4.899131750874370856e-04,-4.659612766888535573e-04,-4.415096441187407977e-04,-4.166529329007617895e-04,-3.914990113078956600e-04,-3.661678196149617624e-04,-3.407895754583640992e-04,-3.155024295912421933e-04,-2.904496963345433815e-04,-2.657767952180590566e-04,-2.416280453354516450e-04,-2.181434522300260929e-04,-1.954556183982442109e-04,-1.736868953106725135e-04,-1.529468766581474108e-04,-1.333303119587328793e-04,-1.149154959228444365e-04,-9.776316733919477990e-05,-8.191592725705932069e-05,-6.739816538699334688e-05,-5.421646519611356807e-05,-4.236044281383925418e-05,-3.180396127806065800e-05,-2.250665376323578867e-05,-1.441568550939668051e-05,-7.467678665931632578e-06,-1.590730100466290151e-06,nan,nan,nan,nan,nan,nan,nan
nan,-5.661635007360359757e-11,-1.804778565654422870e-09,-1.361762750347369068e-08,-5.687207438492857588e-08,-1.715667327549047711e-07,-4.209209058615769137e-07,-8.946846367892456568e-07,-1.710948156825712902e-06,-3.016307242952081169e-06,-4.984316700488836994e-06,-7.812244254691910880e-06,-1.171621648577277032e-05,-1.692492590896470944e-05,-2.367213696569618999e-05,-3.218828939553460607e-05,-4.269154291121297689e-05,-5.537863971462428803e-05,-7.041597595238070122e-05,-8.793127147055325357e-05,-1.080062074503014124e-04,-1.306703665429755448e-04,-1.558967586645849707e-04,-1.835991536981213977e-04,-2.136313677506173811e-04,-2.457885716181136136e-04,-2.798106053607293917e-04,-3.153872016478430980e-04,-3.521649408138176102e-04,-3.897556900591904374e-04,-4.277462178293543879e-04,-4.657086275717558003e-04,-5.032112221192877426e-04,-5.398293951263276238e-04,-5.751561471377295790e-04,-6.088118437073081288e-04,-6.404528677211948238e-04,-6.697788692497319779e-04,-6.965383775822910810e-04,-7.205326135695450714e-04,-7.416174170460522854e-04,-7.597032860690476012e-04,-7.747536025821374949e-04,-7.867811946373247725e-04,-7.958434499829669748e-04,-8.020362510904916094e-04,-8.054870420903311335e-04,-8.063473631954359757e-04,-8.047851977523062025e-04,-8.009774690815186626e-04,-7.951030021104672036e-04,-7.873362274610862330e-04,-7.778418577974535470e-04,-7.667707081958719060e-04,-7.542567697289371880e-04,-7.404155793518834346e-04,-7.253438650362692159e-04,-7.091203841669405962e-04,-6.918078202437197462e-04,-6.734555584758959495e-04,-6.541031282375623420e-04,-6.337840794804291576e-04,-6.125300525148629199e-04,-5.903748046752021854e-04,-5.673579736972298284e-04,-5.435283831827895798e-04,-5.189467300461993301e-04,-4.936875331243040666e-04,-4.678402664497277532e-04,-4.415096441185176147e-04,-4.148150681972761870e-04,-3.878892899315969996e-04,-3.608763702980429260e-04,-3.339290537695252439e-04,-3.072056905624805817e-04,-2.808668556178697449e-04,-2.550718178104869173e-04,-2.299750108711207282e-04,-2.057226478710483470e-04,-1.824496067154293081e-04,-1.602766942421242596e-04,-1.393083741353450889e-04,-1.196310179948277487e-04,-1.013117154427099103e-04,-8.439765302374973807e-05,-6.891604901934397895e-05,-5.487461125408637206e-05,-4.226246836904121298e-05,-3.105151020049979314e-05,-2.119806447510440311e-05,-1.264483285319736894e-05,-5.323003275310904953e-06,nan,nan,nan,nan,nan,nan,nan,nan
nan,-5.779985043264472262e-11,-1.842511934228502411e-09,-1.390239137827377369e-08,-5.806176850841091941e-08,-1.751577613427375015e-07,-4.297386247857702506e-07,-9.134492178223602892e-07,-1.746888625206872428e-06,-3.079794398820259868e-06,-5.089484817891160419e-06,-7.977571783323157781e-06,-1.196503735499898852e-05,-1.728584531882250289e-05,-2.417932861376850730e-05,-3.288165480423011064e-05,-4.361671776708660837e-05,-5.658683681848507415e-05,-7.196365939604598694e-05,-8.987966194756198809e-05,-1.104206240446671409e-04,-1.336194158734591193e-04,-1.594513877085621022e-04,-1.878315878856860527e-04,-2.186139607710142763e-04,-2.515925976471514126e-04,-2.865050278292283919e-04,-3.230374550137914331e-04,-3.608317628327071462e-04,-3.994940415707628036e-04,-4.386043249607443932e-04,-4.777271774279966674e-04,-5.164227375284850038e-04,-5.542578069698331352e-04,-5.908165744782445730e-04,-6.257105826978903978e-04,-6.585875805823270890e-04,-6.891389549900074846e-04,-7.171054971398659484e-04,-7.422813342917462115e-04,-7.645159353723508713e-04,-7.837141834569193860e-04,-7.998345883902196031e-04,-8.128857911125978017e-04,-8.229215786551567812e-04,-8.300346866499552128e-04,-8.343497088769836600e-04,-8.360154602478516144e-04,-8.351971503969197238e-04,-8.320687174977410604e-04,-8.268056495085488421e-04,-8.195785816186854566e-04,-8.105479090882013139e-04,-7.998595942127681695e-04,-7.876422807662539606e-04,-7.740057599828873043e-04,-7.590407647586559217e-04,-7.428200046166656039e-04,-7.254002981161467457e-04,-7.068256124647435360e-04,-6.871307856050024813e-04,-6.663456840175550986e-04,-6.444995413899246278e-04,-6.216252277779736731e-04,-5.977632163252632200e-04,-5.729650419358023111e-04,-5.472960831822791658e-04,-5.208375407514629360e-04,-4.936875331297418826e-04,-4.659612766935272276e-04,-4.377903650100001655e-04,-4.093212036768782941e-04,-3.807126952966485541e-04,-3.521332989157127907e-04,-3.237576110599556570e-04,-2.957626292584785268e-04,-2.683238643570457892e-04,-2.416114655450775600e-04,-2.157865113771655042e-04,-1.909976043474440109e-04,-1.673778849337113450e-04,-1.450425566979766554e-04,-1.240869858787227659e-04,-1.045854135160528771e-04,-8.659028974266396654e-05,-7.013221534734875721e-05,-5.522045398359572816e-05,-4.184396048432035946e-05,-2.997285456972319635e-05,-1.956026025960879867e-05,-1.054442685852257615e-05,-2.851040683925351924e-06,nan,nan,nan,nan,nan,nan,nan,nan
nan,-5.855899896738985173e-11,-1.866710925297606705e-09,-1.408503208165685504e-08,-5.882498281565499542e-08,-1.774623584800224976e-07,-4.354007303861487637e-07,-9.255079334837478747e-07,-1.770009004128055333e-06,-3.120689129938969365e-06,-5.157337744674016580e-06,-8.084446632110662114e-06,-1.212625570159311743e-05,-1.752031876471409587e-05,-2.450983130624896861e-05,-3.333502376377995733e-05,-4.422396998035989452e-05,-5.738319374352295011e-05,-7.298847144568203996e-05,-9.117622775609918661e-05,-1.120359019003013706e-04,-1.356036276955834810e-04,-1.618575193072410408e-04,-1.907147929493779024e-04,-2.220308799331995064e-04,-2.556006079300984389e-04,-2.911614415032541081e-04,-3.283986901841650101e-04,-3.669525105837696333e-04,-4.064264559705616973e-04,-4.463972624267739035e-04,-4.864255106871377254e-04,-5.260667665909705536e-04,-5.648827851942923471e-04,-6.024523620771232322e-04,-6.383814331832684836e-04,-6.723120580504186351e-04,-7.039299722705158902e-04,-7.329704571923899552e-04,-7.592223504111128216e-04,-7.825301002538935426e-04,-8.027938534982655486e-04,-8.199676480908085633e-04,-8.340558633684769674e-04,-8.451081501653425225e-04,-8.532131234920557923e-04,-8.584911452963792751e-04,-8.610865533771390901e-04,-8.611597044628050519e-04,-8.588791923361715130e-04,-8.544145792407050518e-04,-8.479299393244177059e-04,-8.395784616316098953e-04,-8.294982973370985382e-04,-8.178097677938015895e-04,-8.046139775511912829e-04,-7.899928059447757552e-04,-7.740101835804841452e-04,-7.567145013483397072e-04,-7.381419502863559995e-04,-7.183205543348917307e-04,-6.972746349293581190e-04,-6.750294379757514280e-04,-6.516156587206070605e-04,-6.270736187136086853e-04,-6.014568783105545989e-04,-5.748351075558587450e-04,-5.472960831771220497e-04,-5.189467300475124074e-04,-4.899131750883676563e-04,-4.603398324693045753e-04,-4.303875832816431569e-04,-4.002311536857543054e-04,-3.700558272157954760e-04,-3.400536511412726739e-04,-3.104193113043570589e-04,-2.813458553804671519e-04,-2.530204416969317562e-04,-2.256202789884896977e-04,-1.993089053216211195e-04,-1.742329308520986571e-04,-1.505193426793433433e-04,-1.282734394741224409e-04,-1.075774361169223100e-04,-8.848974775224677160e-05,-7.104493613848199241e-05,-5.525427765110140003e-05,-4.110689301833423000e-05,-2.857136126427108340e-05,-1.759773080650975737e-05,-8.119835941525180327e-06,-5.781957839649207479e-08,nan,nan,nan,nan,nan,nan,nan,nan
nan,-5.888170760881531363e-11,-1.877008528191495096e-09,-1.416279390066435637e-08,-5.915021917232053889e-08,-1.784458357443913928e-07,-4.378220726323751952e-07,-9.306796283421086072e-07,-1.779962416560045414e-06,-3.138378888169532756e-06,-5.186861155620324645e-06,-8.131274946856386666e-06,-1.219747397102381118e-05,-1.762487060269474605e-05,-2.465876410814350512e-05,-3.354172883323583865e-05,-4.450441071739673089e-05,-5.775611369010876699e-05,-7.347557275784016287e-05,-9.180230980816446017e-05,-1.128289493947005353e-04,-1.365948380615332296e-04,-1.630812603934773757e-04,-1.922084841212744546e-04,-2.238347926004309921e-04,-2.577575851221525043e-04,-2.937165401475030240e-04,-3.313987539218032972e-04,-3.704456849458378489e-04,-4.104616611533828952e-04,-4.510236414226179223e-04,-4.916918718347340102e-04,-5.320210395135963142e-04,-5.715715074817225450e-04,-6.099202109770861854e-04,-6.466708121560532522e-04,-6.814627425965626671e-04,-7.139788133778293775e-04,-7.439511345305483423e-04,-7.711651615920011530e-04,-7.954617675739980879e-04,-8.167373261171368727e-04,-8.349418759462591717e-04,-8.500755196100585886e-04,-8.621832815963795509e-04,-8.713487134336563153e-04,-8.776865802076405307e-04,-8.813349930738457062e-04,-8.824473653986612690e-04,-8.811845634424820412e-04,-8.777075996342541741e-04,-8.721711759972223654e-04,-8.647183324264949653e-04,-8.554763894094884668e-04,-8.445543039794903067e-04,-8.320414822254849647e-04,-8.180080180198409960e-04,-8.025062572807350504e-04,-7.855735256480457290e-04,-7.672358058277620576e-04,-7.475121128738902287e-04,-7.264192916227697272e-04,-7.039769518872373644e-04,-6.802122625969327227e-04,-6.551643461327255266e-04,-6.288880454109943823e-04,-6.014568783087672916e-04,-5.729650419285122441e-04,-5.435283831827386223e-04,-5.132843050714554298e-04,-4.823906322678631954e-04,-4.510235068253478524e-04,-4.193744282688834915e-04,-3.876465860002772284e-04,-3.560506575860857437e-04,-3.248002617549332468e-04,-2.941072605271610372e-04,-2.641771015838009838e-04,-2.352043790057683993e-04,-2.073687718402770868e-04,-1.808314943233095030e-04,-1.557323629907515848e-04,-1.321875527362346037e-04,-1.102880842842561407e-04,-9.009905215093960565e-05,-7.165957353401259950e-05,-5.498341317143979549e-05,-4.006021850583453949e-05,-2.685728036436014639e-05,-1.532172428387059516e-05,-5.383032619777439681e-06,nan,nan,nan,nan,nan,nan,nan,nan,nan
nan,-5.876558646489537510e-11,-1.873308187633982639e-09,-1.413493235801168888e-08,-5.903434855379719793e-08,-1.780987164433760488e-07,-4.369793085886973386e-07,-9.289144460913878725e-07,-1.776652941570892310e-06,-3.132693294637692262e-06,-5.177770916238216749e-06,-8.117606485492744181e-06,-1.217800820731436266e-05,-1.759849809302062177e-05,-2.462470079234841368e-05,-3.349979388750265160e-05,-4.445536393141212659e-05,-5.770204539806624445e-05,-7.342033499246203168e-05,-9.175197339161372768e-05,-1.127922684452027668e-04,-1.365837012183722843e-04,-1.631111071417168487e-04,-1.922986650840218534e-04,-2.240088545697073571e-04,-2.580434648020103663e-04,-2.941466548785611683e-04,-3.320099826991917405e-04,-3.712792384516007708e-04,-4.115628448374737160e-04,-4.524415204579765076e-04,-4.934788506188069390e-04,-5.342323709788435009e-04,-5.742647485794045211e-04,-6.131546402399264822e-04,-6.505068232790407745e-04,-6.859612247116521865e-04,-7.192005244777713519e-04,-7.499560697507587446e-04,-7.780119133135041457e-04,-8.032068700768566936e-04,-8.254345743247027030e-04,-8.446416060686191525e-04,-8.608238395748257126e-04,-8.740212412001082797e-04,-8.843114081880971847e-04,-8.918021887339947114e-04,-8.966237552532895254e-04,-8.989205168887346060e-04,-8.988432509557538717e-04,-8.965418099476528315e-04,-8.921587192525243931e-04,-8.858239263073445146e-04,-8.776508945706812045e-04,-8.677341622843238881e-04,-8.561484075452585434e-04,-8.429489845195335456e-04,-8.281738222959371528e-04,-8.118465137743132061e-04,-7.939803681409596768e-04,-7.745831608869251138e-04,-7.536622904190132689e-04,-7.312300416138897740e-04,-7.073086629836770976e-04,-6.819349856877866345e-04,-6.551643461317185196e-04,-6.270736187107256833e-04,-5.977632163164467048e-04,-5.673579736964170020e-04,-5.360068850415693328e-04,-5.038817248844847628e-04,-4.711746315456037215e-04,-4.380947785018157303e-04,-4.048642947318042886e-04,-3.717136221600313628e-04,-3.388765142935694819e-04,-3.065848857568793462e-04,-2.750637185424126144e-04,-2.445262164920504792e-04,-2.151693792236762778e-04,-1.871701388963796259e-04,-1.606821722962611520e-04,-1.358334648141028148e-04,-1.127246710477155503e-04,-9.142828066509844107e-05,-7.198856732698006113e-05,-5.442227109673684416e-05,-3.871994258795533338e-05,-2.484785635520363509e-05,-1.275039040685318417e-05,-2.352763444546469770e-06,nan,nan,nan,nan,nan,nan,nan,nan,nan
nan,-5.821553283322095638e-11,-1.855777604555285739e-09,-1.400272103604317440e-08,-5.848269405608338490e-08,-1.764370446960127244e-07,-4.329117246561518329e-07,-9.202956472630167408e-07,-1.760239167591096847e-06,-3.103910490270052509e-06,-5.130523675752230329e-06,-8.044151338654681373e-06,-1.206891327421353135e-05,-1.744270801938739503e-05,-2.440972130146471311e-05,-3.321200441987794951e-05,-4.408046004650447011e-05,-5.722560526594825054e-05,-7.282849688534665791e-05,-9.103220411015407664e-05,-1.119341965409313732e-04,-1.355799841628112343e-04,-1.619582985634898729e-04,-1.909980470787461240e-04,-2.225672009728798975e-04,-2.564737041026455546e-04,-2.924684059582292645e-04,-3.302499424218227251e-04,-3.694714068820974728e-04,-4.097485809882841015e-04,-4.506694284367314634e-04,-4.918045023439629590e-04,-5.327178768228953663e-04,-5.729781910408489679e-04,-6.121693878603032008e-04,-6.499007424608852206e-04,-6.858158059898954769e-04,-7.195999374198842500e-04,-7.509861574056970199e-04,-7.797591334841397432e-04,-8.057571871753943689e-04,-8.288723027147791621e-04,-8.490482040529668314e-04,-8.662766529329837470e-04,-8.805921966262478641e-04,-8.920656601953060212e-04,-9.007967284765026851e-04,-9.069059959570713227e-04,-9.105268777861527272e-04,-9.117977691738722709e-04,-9.108548171306333433e-04,-9.078256260700230977e-04,-9.028241628440745840e-04,-8.959470572558906947e-04,-8.872714181379807519e-04,-8.768542037269841122e-04,-8.647331054261394060e-04,-8.509288278089112987e-04,-8.354485810392382359e-04,-8.182905459208878688e-04,-7.994490306829524174e-04,-7.789200129659980699e-04,-7.567067517988754341e-04,-7.328251615434614331e-04,-7.073086629861917961e-04,-6.802122625981436681e-04,-6.516156587195549507e-04,-6.216252277702666220e-04,-5.903748046760605482e-04,-5.580252314871114597e-04,-5.247627094384466973e-04,-4.907960428833063301e-04,-4.563529124102880404e-04,-4.216753521728430158e-04,-3.870146349560591717e-04,-3.526257851656411824e-04,-3.187619454957911773e-04,-2.856688185076740631e-04,-2.535793886155936769e-04,-2.227091079561472752e-04,-1.932516994747104358e-04,-1.653756972242137967e-04,-1.392218050813773787e-04,-1.149011209082180111e-04,-9.249423425932162964e-05,-7.205117259551942471e-05,-5.359214154353239258e-05,-3.710898104237929585e-05,-2.256723676138210202e-05,-9.908735012333520968e-06,nan,nan,nan,nan,nan,nan,nan,nan,nan,nan
nan,-5.724532217430237122e-11,-1.824851522672870480e-09,-1.376943625136831887e-08,-5.750892997755349440e-08,-1.735020415126169321e-07,-4.257203505708971646e-07,-9.050376818883906164e-07,-1.731130462882983566e-06,-3.052750521518004904e-06,-5.046305909545991102e-06,-7.912762750294973771e-06,-1.187295712584750208e-05,-1.716147962038056863e-05,-2.401936009916995308e-05,-3.268583765312515653e-05,-4.338954380477558432e-05,-5.633945862608147901e-05,-7.171601445876398190e-05,-8.966272247129070203e-05,-1.102786812161966824e-04,-1.336122967152569320e-04,-1.596564982475218446e-04,-1.883456788658141763e-04,-2.195545216297645078e-04,-2.530988003558478890e-04,-2.887381634424859172e-04,-3.261808306659925039e-04,-3.650900535735261926e-04,-4.050921175587803274e-04,-4.457855980312262398e-04,-4.867515298315234920e-04,-5.275641081665598080e-04,-5.678015155974299247e-04,-6.070564617608880135e-04,-6.449460339813216370e-04,-6.811204848162597403e-04,-7.152706291463126849e-04,-7.471335828309905863e-04,-7.764966497473241953e-04,-8.031992450141424303e-04,-8.271328316662720451e-04,-8.482389357297873481e-04,-8.665053919960377877e-04,-8.819610500025690421e-04,-8.946692375573049453e-04,-9.047203309606293700e-04,-9.122238152830355103e-04,-9.173002339954493354e-04,-9.200734215636060566e-04,-9.206633890721773123e-04,-9.191801895662774077e-04,-9.157190323452373340e-04,-9.103568437890348147e-04,-9.031503938568869079e-04,-8.941360232034891711e-04,-8.833309233503168750e-04,-8.707358432953291602e-04,-8.563390267866747814e-04,-8.401211265058843155e-04,-8.220607988986619596e-04,-8.021406571319533588e-04,-7.803532511260031449e-04,-7.567067517974046054e-04,-7.312300416152604223e-04,-7.039769518873056691e-04,-6.750294379734377405e-04,-6.444995413804825279e-04,-6.125300525148560894e-04,-5.792938512560693622e-04,-5.449919674452441279e-04,-5.098504596505229990e-04,-4.741162622422046891e-04,-4.380521905829150363e-04,-4.019313240601142577e-04,-3.660310040065306277e-04,-3.306266890331176602e-04,-2.959859050726349134e-04,-2.623625101644829036e-04,-2.299914701815831215e-04,-1.990843091185792919e-04,-1.698253616907465749e-04,-1.423689141894092351e-04,-1.168372829448041216e-04,-9.331983786777348587e-05,-7.187294301215910229e-05,-5.252075455410991399e-05,-3.525679132660784716e-05,-2.004616878745528951e-05,-6.828375618945309934e-06,nan,nan,nan,nan,nan,nan,nan,nan,nan,nan
nan,-5.587643385327740575e-11,-1.781216573515179700e-09,-1.344025961179684287e-08,-5.613469210708808637e-08,-1.693589479301470702e-07,-4.155651423729442274e-07,-8.834802269672126750e-07,-1.689975605312712958e-06,-2.980355340202075457e-06,-4.927000937276462995e-06,-7.726385528983087045e-06,-1.159454360642961650e-05,-1.676115333420686074e-05,-2.346245097475675159e-05,-3.193325213513844522e-05,-4.239839612394546335e-05,-5.506396026203720174e-05,-7.010860577278879699e-05,-8.767541792579786747e-05,-1.078645882627380509e-04,-1.307272590041784260e-04,-1.562608068350866686e-04,-1.844057909395704106e-04,-2.150447251795794277e-04,-2.480027651193972976e-04,-2.830503232161628410e-04,-3.199075492410503440e-04,-3.582505356440264825e-04,-3.977190362672850107e-04,-4.379254216982667253e-04,-4.784645411282322891e-04,-5.189241189225231223e-04,-5.588952890265697212e-04,-5.979828607747793030e-04,-6.358149192059146804e-04,-6.720513889228384944e-04,-7.063912352835240074e-04,-7.385780346263281062e-04,-7.684037189405814065e-04,-7.957103808183913982e-04,-8.203901139343807531e-04,-8.423829524493244058e-04,-8.616730609554473699e-04,-8.782834049707123397e-04,-8.922692011333698383e-04,-9.037104993783036345e-04,-9.127042846611908540e-04,-9.193565025073951492e-04,-9.237744072151338279e-04,-9.260596077198739000e-04,-9.263021417983746328e-04,-9.245758503603585888e-04,-9.209352498326132605e-04,-9.154140197721140956e-04,-9.080251358853555065e-04,-8.987625933358134225e-04,-8.876045834420265247e-04,-8.745179153304032723e-04,-8.594634142170013910e-04,-8.424019841941707146e-04,-8.233009966435700898e-04,-8.021406571322078211e-04,-7.789200129646462866e-04,-7.536622904207123221e-04,-7.264192916230431630e-04,-6.972746349269902215e-04,-6.663456840074485996e-04,-6.337840794805730312e-04,-5.997748539713454279e-04,-5.645341802065762232e-04,-5.283058611159884834e-04,-4.913567254251328086e-04,-4.539711340603360280e-04,-4.164448340258474347e-04,-3.790784143584318756e-04,-3.421706240980686197e-04,-3.060118062261088989e-04,-2.708776826261466777e-04,-2.370236994080466664e-04,-2.046801068024561463e-04,-1.740479093427908276e-04,-1.452957771105872081e-04,-1.185579697431147854e-04,-9.393327995989658404e-05,-7.148496536862677529e-05,-5.124160357656355242e-05,-3.319877878739804441e-05,-1.732148190888661490e-05,-3.547094023857749094e-06,nan,nan,nan,nan,nan,nan,nan,nan,nan,nan
nan,-5.413768485448932201e-11,-1.725792734013220241e-09,-1.302213291008771912e-08,-5.438896650076233867e-08,-1.640951758717415477e-07,-4.026604411447261061e-07,-8.560785318200239170e-07,-1.637644323937043913e-06,-2.888256281239560464e-06,-4.775135227501038854e-06,-7.488971982371698394e-06,-1.123958655025871314e-05,-1.625024922885837824e-05,-2.275087358224545261e-05,-3.097034386377353859e-05,-4.112827917036258451e-05,-5.342656597003112191e-05,-6.804100508493184617e-05,-8.511342078746590278e-05,-1.047445661825324292e-04,-1.269881334537185870e-04,-1.518461374283070929e-04,-1.792658917969447343e-04,-2.091387358622828806e-04,-2.413006039601891086e-04,-2.755344556683325696e-04,-3.115745115329187341e-04,-3.491121640511064676e-04,-3.878033639547418194e-04,-4.272772176080111414e-04,-4.671454779802553924e-04,-5.070125693753502975e-04,-5.464857597464716638e-04,-5.851850831562431781e-04,-6.227526224494826530e-04,-6.588607860353444968e-04,-6.932192553899153972e-04,-7.255803360613451766e-04,-7.557425172876645284e-04,-7.835521249057885882e-04,-8.089030412789241032e-04,-8.317345542904204091e-04,-8.520274862655252343e-04,-8.697988330040253187e-04,-8.850952133430938645e-04,-8.979854839287201374e-04,-9.085529100930696701e-04,-9.168873011042146057e-04,-9.230775127725182518e-04,-9.272046962528042663e-04,-9.293366265898097764e-04,-9.295233841567997115e-04,-9.277945863402765848e-04,-9.241582835802726647e-04,-9.186015442201994055e-04,-9.110926646196950644e-04,-9.015848565721023980e-04,-8.900211902516398091e-04,-8.763405092263097489e-04,-8.604839890969198136e-04,-8.424019841960453002e-04,-8.220607989006741305e-04,-7.994490306831068078e-04,-7.745831608902389778e-04,-7.475121128755476485e-04,-7.183205543335243349e-04,-6.871307855951654065e-04,-6.541031282387525791e-04,-6.194347992011389487e-04,-5.833573280464298154e-04,-5.461326376221089293e-04,-5.080479656925769799e-04,-4.694098490404642957e-04,-4.305374242717616997e-04,-3.917553180989394746e-04,-3.533864050131603463e-04,-3.157447034548360666e-04,-2.791286609789233025e-04,-2.438150512466791102e-04,-2.100536678920247836e-04,-1.780629591254455867e-04,-1.480266987499061031e-04,-1.200917476562075875e-04,-9.436691176368063906e-05,-7.092286184496579202e-05,-4.979304469832298056e-05,-3.097548667823302670e-05,-1.443536245875951229e-05,-1.081892718911284441e-07,nan,nan,nan,nan,nan,nan,nan,nan,nan,nan
nan,-5.206441922834281776e-11,-1.659706989307875526e-09,-1.252355903594458615e-08,-5.230725774186181505e-08,-1.578177991445981355e-07,-3.872688189335521218e-07,-8.233903425967621734e-07,-1.575202308111816056e-06,-2.778330037173865953e-06,-4.593805713804283868e-06,-7.205368121451679849e-06,-1.081533934530918770e-05,-1.563922117664564649e-05,-2.189921023306221591e-05,-2.981688056820117430e-05,-3.960532011040195565e-05,-5.146103526070623440e-05,-6.555595200474626698e-05,-8.202984401093813514e-05,-1.009835061777116893e-04,-1.224729688244819998e-04,-1.465050106552711609e-04,-1.730341830419702227e-04,-2.019615006158030569e-04,-2.331348912890254615e-04,-2.663514285793707349e-04,-3.013612990022960028e-04,-3.378733850491376302e-04,-3.755622765346960956e-04,-4.140764600367493470e-04,-4.530473830965989733e-04,-4.920990471082193089e-04,-5.308577552831051857e-04,-5.689616291119200999e-04,-6.060695121655546372e-04,-6.418689016896321139e-04,-6.760825889545807928e-04,-7.084737435441378723e-04,-7.388492474658166914e-04,-7.670611634240146436e-04,-7.930063100076420240e-04,-8.166240047742218773e-04,-8.378921253554741768e-04,-8.568217187288221324e-04,-8.734504599111055177e-04,-8.878353165349314171e-04,-9.000448127693144338e-04,-9.101513039510495447e-04,-9.182236680920404783e-04,-9.243207959025083551e-04,-9.284862146916866973e-04,-9.307441196437984000e-04,-9.310970081445174833e-04,-9.295250272622212909e-04,-9.259870522045354768e-04,-9.204234229474877625e-04,-9.127601792856078261e-04,-9.029145585621624467e-04,-8.908014569636829149e-04,-8.763405092254794668e-04,-8.594634142182361889e-04,-8.401211265073222929e-04,-8.182905459203882684e-04,-7.939803681439056710e-04,-7.672358058289782071e-04,-7.381419502842920038e-04,-7.068256124535996724e-04,-6.734555584767495419e-04,-6.382411297748232697e-04,-6.014293139232202139e-04,-5.633003983381600684e-04,-5.241623990370377880e-04,-4.843445026869754293e-04,-4.441897942897136986e-04,-4.040475619464717122e-04,-3.642654750385624783e-04,-3.251819244964828564e-04,-2.871187914219588901e-04,-2.503748806624859547e-04,-2.152202154198282322e-04,-1.818913450378315281e-04,-1.505877665860895151e-04,-1.214695166905058632e-04,-9.465593872098474121e-05,-7.022558733910782278e-05,-4.821719415440721483e-05,-2.863158817233594713e-05,-1.143443451727082344e-05,nan,nan,nan,nan,nan,nan,nan,nan,nan,nan,nan
nan,-4.969755001593727716e-11,-1.584261211803649004e-09,-1.195435842973526115e-08,-4.993057071230375512e-08,-1.506504810531567571e-07,-3.696935418352179006e-07,-7.860598874515268468e-07,-1.503880596971022936e-06,-2.652744730089311447e-06,-4.386590757657983551e-06,-6.881174254054806699e-06,-1.033018612581857875e-05,-1.494015566434370884e-05,-2.092432535942765075e-05,-2.849573100750343499e-05,-3.785975587242457912e-05,-4.920645413081847015e-05,-6.270295237708015004e-05,-7.848624063184751710e-05,-9.665665385304845038e-05,-1.172723241609641555e-04,-1.403448502056838334e-04,-1.658363883263721866e-04,-1.936583168140175470e-04,-2.236715669161878158e-04,-2.556886481052701981e-04,-2.894773286388378840e-04,-3.247658632686243620e-04,-3.612495944714469052e-04,-3.985986919432643041e-04,-4.364667425477010529e-04,-4.744998598615464652e-04,-5.123459538247394484e-04,-5.496637863775977358e-04,-5.861314422819372460e-04,-6.214538636450185659e-04,-6.553691348436413997e-04,-6.876532566601153453e-04,-7.181232173168543807e-04,-7.466382452319933385e-04,-7.730992158565251106e-04,-7.974462728620789007e-04,-8.196548131836582781e-04,-8.397300659204478233e-04,-8.577005668766827249e-04,-8.736108864912763613e-04,-8.875140065320854740e-04,-8.994637592407940183e-04,-9.095077373996449718e-04,-9.176810588174106297e-04,-9.240013214335108084e-04,-9.284650219017512003e-04,-9.310456306894494783e-04,-9.316934288739514743e-04,-9.303371169738745361e-04,-9.268871129908020897e-04,-9.212403674490614487e-04,-9.132864451685113443e-04,-9.029145585597380622e-04,-8.900211902484843471e-04,-8.745179153296069258e-04,-8.563390267862440279e-04,-8.354485810368832404e-04,-8.118465137757902147e-04,-7.855735256478055782e-04,-7.567145013446225201e-04,-7.254002981027962054e-04,-6.918078202434703797e-04,-6.561583748764215733e-04,-6.187143840941574388e-04,-5.797745979312833933e-04,-5.396680154761443297e-04,-4.987467695067577915e-04,-4.573782655215841955e-04,-4.159368856506625591e-04,-3.747955725352353998e-04,-3.343175997013057496e-04,-2.948488106818624669e-04,-2.567105774436517058e-04,-2.201936853553027127e-04,-1.855533052118691825e-04,-1.530051578885201593e-04,-1.227229304660663054e-04,-9.483694803036425204e-05,-6.943405962828816012e-05,-4.655865630796206201e-05,-2.621470750019226168e-05,-8.368669659445268459e-06,nan,nan,nan,nan,nan,nan,nan,nan,nan,nan,nan
nan,-4.708229252399964617e-11,-1.500894653656139970e-09,-1.132538827246379950e-08,-4.730424018673908882e-08,-1.427299460184207672e-07,-3.502699203266921375e-07,-7.447995017166193494e-07,-1.425040462614006920e-06,-2.513898049093566431e-06,-4.157448015381948756e-06,-6.522585077119459596e-06,-9.793402258862090280e-06,-1.416642631053472465e-05,-1.984488312777222705e-05,-2.703221032124180820e-05,-3.592506679412875979e-05,-4.670611402562041721e-05,-5.953685676615276838e-05,-7.455083407047847837e-05,-9.184744277922841970e-05,-1.114866573631505633e-04,-1.334848797120901590e-04,-1.578121146727804261e-04,-1.843906182634268251e-04,-2.130951122641684258e-04,-2.437545971722736239e-04,-2.761557328985463642e-04,-3.100476907485357164e-04,-3.451483172432139946e-04,-3.811513903502593151e-04,-4.177346968353450778e-04,-4.545686162358144136e-04,-4.913248673335960173e-04,-5.276850567829915713e-04,-5.633486707692643251e-04,-5.980401675801743332e-04,-6.315148647477415245e-04,-6.635633643210361648e-04,-6.940143267333094210e-04,-7.227354793774160837e-04,-7.496328324747976142e-04,-7.746481622133172826e-04,-7.977549102452810787e-04,-8.189527294135850490e-04,-8.382609778211996213e-04,-8.557115199083085641e-04,-8.713412312956147999e-04,-8.851846227306331329e-04,-8.972669931424418453e-04,-9.075984963102450920e-04,-9.161694572908680306e-04,-9.229472099252731534e-04,-9.278746449342025870e-04,-9.308705680197005942e-04,-9.318318700526646153e-04,-9.306374158138540527e-04,-9.271534660307401534e-04,-9.212403674494836370e-04,-9.127601792834267366e-04,-9.015848565691148789e-04,-8.876045834415238886e-04,-8.707358432951875634e-04,-8.509288278066921537e-04,-8.281738222977846333e-04,-8.025062572807229073e-04,-7.740101835766226507e-04,-7.428200046024509545e-04,-7.091203841668523421e-04,-6.731443304434407086e-04,-6.351695408778712353e-04,-5.955131648999079531e-04,-5.545252072854028663e-04,-5.125808449933978456e-04,-4.700719671366607069e-04,-4.273982678385296785e-04,-3.849582260011902247e-04,-3.431402965193902838e-04,-3.023146112867868473e-04,-2.628254545946545682e-04,-2.249847313563312491e-04,-1.890665970727527527e-04,-1.553033600482466698e-04,-1.238827170900521507e-04,-9.494632594622404024e-05,-6.858966939340319210e-05,-4.486312302671877718e-05,-2.377410555100825800e-05,-5.290155827908931297e-06,nan,nan,nan,nan,nan,nan,nan,nan,nan,nan,nan
nan,-4.426661995395802189e-11,-1.411142381102646235e-09,-1.064823469183767040e-08,-4.447665144095970080e-08,-1.342021298538421568e-07,-3.293558674187204360e-07,-7.003695746208286237e-07,-1.340135090271865506e-06,-2.364349750361193284e-06,-3.910603003277920270e-06,-6.136215211022583616e-06,-9.214893031881648947e-06,-1.333231694586927622e-05,-1.868082116481759860e-05,-2.545336582846589716e-05,-3.383703146980917512e-05,-4.400628884751185254e-05,-5.611630967325076315e-05,-7.029658752642927409e-05,-8.664513110028307635e-05,-1.052234763846852451e-04,-1.260527376181075495e-04,-1.491108831914572923e-04,-1.743313784331227648e-04,-2.016032885891472768e-04,-2.307728782010653274e-04,-2.616466845425373822e-04,-2.939959804798395913e-04,-3.275624818156008637e-04,-3.620650960209206631e-04,-3.972074582495238376e-04,-4.326859573052832574e-04,-4.681979237324313155e-04,-5.034496344663277802e-04,-5.381637876594200318e-04,-5.720861160048406864e-04,-6.049908402290426123e-04,-6.366847120649282796e-04,-6.670094608523643911e-04,-6.958425319622885737e-04,-7.230960904940337110e-04,-7.487143504038235118e-04,-7.726693780347283292e-04,-7.949555998888523187e-04,-8.155833170100719887e-04,-8.345715853003169912e-04,-8.519408594931067100e-04,-8.677058172123670865e-04,-8.818687739865331294e-04,-8.944140739767979459e-04,-9.053037917089011176e-04,-9.144750137673871753e-04,-9.218388856347800499e-04,-9.272815165698555361e-04,-9.306667356635407425e-04,-9.318405942397436437e-04,-9.306374158145051161e-04,-9.268871129918626562e-04,-9.204234229457539064e-04,-9.110926646170661993e-04,-8.987625933357864258e-04,-8.833309233506356304e-04,-8.647331054242158145e-04,-8.429489845219084905e-04,-8.180080180202005174e-04,-7.899928059408757716e-04,-7.590407647436479615e-04,-7.253438650364615534e-04,-6.891464397123247838e-04,-6.507411569715022392e-04,-6.104633279210757097e-04,-5.686837872457067237e-04,-5.258006373680114377e-04,-4.822301846469990755e-04,-4.383974166948619760e-04,-3.947263737982011880e-04,-3.516307569920356442e-04,-3.095050871936544899e-04,-2.687166940136691859e-04,-2.295987638244632802e-04,-1.924446243680262233e-04,-1.575033812905133766e-04,-1.249769702159448878e-04,-9.501862664106459032e-05,-6.773272497679525244e-05,-4.317589291511742764e-05,-2.135927250455359362e-05,-2.251762509302913842e-06,nan,nan,nan,nan,nan,nan,nan,nan,nan,nan,nan
nan,-4.130060032062186117e-11,-1.316595583961505204e-09,-9.934899231854272346e-09,-4.149791669453737567e-08,-1.252181684082892868e-07,-3.073220533640918823e-07,-6.535576134923085263e-07,-1.250669544688636306e-06,-2.206751109515959304e-06,-3.650432601532335448e-06,-5.728916779610963481e-06,-8.604920396561578882e-06,-1.245262743760817167e-05,-1.745280016570131159e-05,-2.378723007745138854e-05,-3.163273824770883942e-05,-4.115495587341712748e-05,-5.250212764831732430e-05,-6.579918489380112744e-05,-8.114232990003329292e-05,-9.859436007239743378e-05,-1.181809373122205524e-04,-1.398879785948480838e-04,-1.636603041574280460e-04,-1.894016357933412179e-04,-2.169759853462394994e-04,-2.462104191404702316e-04,-2.768991254550288994e-04,-3.088086546602499894e-04,-3.416841454523246403e-04,-3.752563005985135015e-04,-4.092488325043821856e-04,-4.433860676594566369e-04,-4.774003798854099161e-04,-5.110391195297093970e-04,-5.440707182183527517e-04,-5.762896797309523082e-04,-6.075202129364655089e-04,-6.376183254528135225e-04,-6.664722690714649633e-04,-6.940013119141120231e-04,-7.201528981851482722e-04,-7.448983447340340935e-04,-7.682273044392006443e-04,-7.901412990555922028e-04,-8.106466813552427788e-04,-8.297474249365959301e-04,-8.474381587628978477e-04,-8.636978575904573829e-04,-8.784845726361492331e-04,-8.917315362045607780e-04,-9.033449061407577410e-04,-9.132033302518147372e-04,-9.211594164064629752e-04,-9.270430919275016429e-04,-9.306667356625818741e-04,-9.318318700524430044e-04,-9.303371169741348531e-04,-9.259870522018940351e-04,-9.186015442166582928e-04,-9.080251358846172733e-04,-8.941360232031613084e-04,-8.768542037243269496e-04,-8.561484075472136851e-04,-8.320414822253417416e-04,-8.046139775464193839e-04,-7.740057599662943490e-04,-7.404155793516875193e-04,-7.040986005994328244e-04,-6.653620044595453262e-04,-6.245588401662908063e-04,-5.820803840562910119e-04,-5.383473121538604866e-04,-4.938000340846088014e-04,-4.488885566025692538e-04,-4.040622485244841494e-04,-3.597598674738883176e-04,-3.164001787205483903e-04,-2.743734585981171740e-04,-2.340341230765224055e-04,-1.956946670325358144e-04,-1.596210343826466680e-04,-1.260294850445215246e-04,-9.508496002538676913e-05,-6.690089240053510085e-05,-4.154036455014988580e-05,-1.901847574234167656e-05,nan,nan,nan,nan,nan,nan,nan,nan,nan,nan,nan,nan
nan,-3.823447598835671453e-11,-1.218856604434544855e-09,-9.197471875486994998e-09,-3.841852223460820253e-08,-1.159303332579899801e-07,-2.845419454970774670e-07,-6.051570978315003266e-07,-1.158160371528243321e-06,-2.043773770538338732e-06,-3.381347604421816079e-06,-5.307595543360742272e-06,-7.973827596479980055e-06,-1.154227651864957703e-05,-1.618164938475966975e-05,-2.206206838416864145e-05,-2.934958952550120314e-05,-3.820050746539601911e-05,-4.875566586681585814e-05,-6.113499749245011731e-05,-7.543251442804281255e-05,-9.171195862872562506e-05,-1.100033034093845683e-04,-1.303002712029468959e-04,-1.525589980623251810e-04,-1.766979361713256742e-04,-2.025990379595165279e-04,-2.301102152842129055e-04,-2.590490122422414200e-04,-2.892073755847190172e-04,-3.203573525955467904e-04,-3.522574973775016781e-04,-3.846597236379222396e-04,-4.173163101904591886e-04,-4.499867449877019377e-04,-4.824440888796052316e-04,-5.144805506292364277e-04,-5.459119933418377655e-04,-5.765811356200546299e-04,-6.063592713776739130e-04,-6.351464029238796521e-04,-6.628697644583015237e-04,-6.894807981028728714e-04,-7.149507323511187715e-04,-7.392649933894708363e-04,-7.624167523113461672e-04,-7.843999684959390142e-04,-8.052023279551560669e-04,-8.247984939697315058e-04,-8.431440809773177230e-04,-8.601707350730147719e-04,-8.757826526447610137e-04,-8.898547992723074458e-04,-9.022330033757831663e-04,-9.127360025785809412e-04,-9.211594164063067417e-04,-9.272815165686952230e-04,-9.308705680193157025e-04,-9.316934288740709533e-04,-9.295250272592824525e-04,-9.241582835763769094e-04,-9.154140197711731165e-04,-9.031503938563698519e-04,-8.872714181349964854e-04,-8.677341622862222176e-04,-8.445543039791576735e-04,-8.178097677883978175e-04,-7.876422807482456878e-04,-7.542567697285398279e-04,-7.179186193973693389e-04,-6.789489050188816325e-04,-6.377177955500749201e-04,-5.946363967697726937e-04,-5.501473597646938012e-04,-5.047146206735688215e-04,-4.588126588591221106e-04,-4.129156637631411033e-04,-3.674869883614218782e-04,-3.229692350396584622e-04,-2.797752799494146805e-04,-2.382804871567733380e-04,-1.988163062049366932e-04,-1.616653778828018638e-04,-1.270582164789093313e-04,-9.517146883850046682e-05,-6.612769448898711013e-05,-3.999656151853423343e-05,-1.679731520472699968e-05,nan,nan,nan,nan,nan,nan,nan,nan,nan,nan,nan,nan
nan,-3.511750163134844832e-11,-1.119498070443155805e-09,-8.447819812494890127e-09,-3.528802581793691827e-08,-1.064880991588151659e-07,-2.613821613337840590e-07,-5.559469796834957652e-07,-1.064096413661602312e-06,-1.878040713832964835e-06,-3.107678748137619458e-06,-4.879032457313426437e-06,-7.331771902549042287e-06,-1.061591629861413861e-05,-1.488782843234993621e-05,-2.030564850617375908e-05,-2.702433536276356455e-05,-3.519050076367922803e-05,-4.493723294888716992e-05,-5.637911097986380465e-05,-6.960760917582381143e-05,-8.468708334336398657e-05,-1.016515144511469313e-04,-1.205021641898454957e-04,-1.412062666349468991e-04,-1.636968456514362592e-04,-1.878737046901073418e-04,-2.136055896849490491e-04,-2.407334745884075005e-04,-2.690748674197327274e-04,-2.984289827244693966e-04,-3.285825786257159779e-04,-3.593162141673135359e-04,-3.904106502931298348e-04,-4.216530962872111379e-04,-4.528429971914209751e-04,-4.837970660609745648e-04,-5.143532913353368770e-04,-5.443736906315982567e-04,-5.737456408307562610e-04,-6.023816833212721020e-04,-6.302177843595641428e-04,-6.572101145103966934e-04,-6.833304981768501462e-04,-7.085607644434859485e-04,-7.328863028001551512e-04,-7.562891844645138091e-04,-7.787412483790877001e-04,-8.001975691622538901e-04,-8.205907173588062025e-04,-8.398261938539597999e-04,-8.577793672227310932e-04,-8.742941718458379762e-04,-8.891837350979297800e-04,-9.022330033762338691e-04,-9.132033302520818846e-04,-9.218388856339792582e-04,-9.278746449341998765e-04,-9.310456306899601376e-04,-9.310970081418038337e-04,-9.277945863365421588e-04,-9.209352498319812791e-04,-9.103568437888359720e-04,-8.959470572530831532e-04,-8.776508945730278517e-04,-8.554763894094667828e-04,-8.294982973315305095e-04,-7.998595941937807537e-04,-7.667707081957614258e-04,-7.305065106427458769e-04,-6.914011895096111452e-04,-6.498412139267679705e-04,-6.062566745665834769e-04,-5.611113421852008442e-04,-5.148918282798780211e-04,-4.680962533845382714e-04,-4.212228311688457315e-04,-3.747587632389984161e-04,-3.291698054811225890e-04,-2.848908251465340452e-04,-2.423176103495349690e-04,-2.018001334085863961e-04,-1.636373972503324338e-04,-1.280739354101373742e-04,-9.529796498301388479e-05,-6.544113339847991060e-05,-3.857974821463748874e-05,-1.473734012905850849e-05,nan,nan,nan,nan,nan,nan,nan,nan,nan,nan,nan,nan
nan,-3.199697579140025396e-11,-1.020025161495066702e-09,-7.697297537094047594e-09,-3.215384080395087944e-08,-9.703447123764809843e-08,-2.381934544712534241e-07,-5.066725257347628835e-07,-9.699021892073714755e-07,-1.712061735080446835e-06,-2.833570184678631482e-06,-4.449716887929022237e-06,-6.688474815384473561e-06,-9.687571978936372901e-06,-1.359092428020599816e-05,-1.854455812677567573e-05,-2.469217040994681450e-05,-3.217048937766099279e-05,-4.110460985399315664e-05,-5.160348197073776175e-05,-6.375573193358755270e-05,-7.762598822410231119e-05,-9.325187398850529833e-05,-1.106418090923226946e-04,-1.297737395739838881e-04,-1.505948821379315104e-04,-1.730225328934691499e-04,-1.969459476973286723e-04,-2.222292539523194356e-04,-2.487153049624235795e-04,-2.762303381316556262e-04,-3.045892518494172641e-04,-3.336012739107615242e-04,-3.630757616304307908e-04,-3.928278513418471149e-04,-4.226836671539347225e-04,-4.524848053648483377e-04,-4.820918352974366090e-04,-5.113865963533389567e-04,-5.402731276773970522e-04,-5.686771341784486967e-04,-5.965439723096406218e-04,-6.238352219836999692e-04,-6.505239972435360868e-04,-6.765892280375335275e-04,-7.020092174203474257e-04,-7.267548353894513280e-04,-7.507827485954566421e-04,-7.740291029088914492e-04,-7.964040682036215837e-04,-8.177876252731435328e-04,-8.380269204143760793e-04,-8.569354407300963736e-04,-8.742941718460109065e-04,-8.898547992729478840e-04,-9.033449061411957587e-04,-9.144750137667026100e-04,-9.229472099254148586e-04,-9.284650219024190689e-04,-9.307441196410818230e-04,-9.295233841529995829e-04,-9.245758503598095488e-04,-9.157190323451292390e-04,-9.028241628412166271e-04,-8.858239263099141822e-04,-8.647183324265576322e-04,-8.395784616256224972e-04,-8.105479090679516699e-04,-7.778418577974043242e-04,-7.417438123308647954e-04,-7.026001264464814882e-04,-6.608125455809793622e-04,-6.168290635647944321e-04,-5.711334522581688845e-04,-5.242338654084264865e-04,-4.766509398504935584e-04,-4.289058193585268148e-04,-3.815085122929327594e-04,-3.349469582060638937e-04,-2.896771351548328667e-04,-2.461144792466771962e-04,-2.046268253010904775e-04,-1.655290020181644241e-04,-1.290791543626777392e-04,-9.547679158341703840e-05,-6.486249849796055168e-05,-3.731919401143410147e-05,-1.287478064836035922e-05,nan,nan,nan,nan,nan,nan,nan,nan,nan,nan,nan,nan
nan,-2.891683757081448187e-11,-9.218396472269655930e-10,-6.956484199531959750e-09,-2.906013771600964669e-08,-8.770267932040810735e-08,-2.153026150332792218e-07,-4.580281178200413205e-07,-8.769050293134610086e-07,-1.548175565793551329e-06,-2.562883941280245654e-06,-4.025697052453107731e-06,-6.052998089871685478e-06,-8.770318845311981908e-06,-1.230920035300398332e-05,-1.680359307185778635e-05,-2.238592450276669652e-05,-2.918297635396888460e-05,-3.731172265939877535e-05,-4.687528636376696940e-05,-5.795917270535120549e-05,-7.062793495362203666e-05,-8.492241863310372554e-05,-1.008577168286807507e-04,-1.184219476847293124e-04,-1.375759393925944977e-04,-1.582538738893717999e-04,-1.803649025753756275e-04,-2.037957034049335254e-04,-2.284139028018219715e-04,-2.540722381990511303e-04,-2.806132918858323766e-04,-3.078745854445808622e-04,-3.356937911899845399e-04,-3.639137937906708324e-04,-3.923873261270379277e-04,-4.209809083511267900e-04,-4.495778416170954548e-04,-4.780800451468546013e-04,-5.064085800408208967e-04,-5.345027690317129439e-04,-5.623178996167635738e-04,-5.898215799142170462e-04,-6.169889019530492040e-04,-6.437966462327594439e-04,-6.702168328450589310e-04,-6.962099809208383049e-04,-7.217184757105354074e-04,-7.466604597516858424e-04,-7.709246561592395528e-04,-7.943665015954087805e-04,-8.168059107821573584e-04,-8.380269204147958824e-04,-8.577793672233153697e-04,-8.757826526458237486e-04,-8.917315362053900843e-04,-9.053037917085448487e-04,-9.161694572913565721e-04,-9.240013214345271396e-04,-9.284862146891500979e-04,-9.293366265861167669e-04,-9.263021417980705141e-04,-9.191801895664101140e-04,-9.078256260672559969e-04,-8.921587192554504379e-04,-8.721711759974920064e-04,-8.479299393180987588e-04,-8.195785815972239999e-04,-7.873362274611937859e-04,-7.514940437248396245e-04,-7.124094394959095029e-04,-6.704982086192241668e-04,-6.262249282533653271e-04,-5.800919876162207106e-04,-5.326276646552363745e-04,-4.843736903811393744e-04,-4.358727423247006410e-04,-3.876562935618479565e-04,-3.402332059073358392e-04,-2.940794108221551450e-04,-2.496289587854278445e-04,-2.072666530121951300e-04,-1.673224047672184083e-04,-1.300673850560550614e-04,-9.571197022038900690e-05,-6.440541601516985403e-05,-3.623713924089276079e-05,-1.123944476271415452e-05,nan,nan,nan,nan,nan,nan,nan,nan,nan,nan,nan,nan
nan,-2.591693405826639576e-11,-8.262110665206287352e-10,-6.234953831089766371e-09,-2.604691469373774564e-08,-7.861336986640636993e-08,-1.930055778106248263e-07,-4.106426056080868616e-07,-7.863070792272965764e-07,-1.388500546108895821e-06,-2.299118483737760575e-06,-3.612452524699216250e-06,-5.433552795793874775e-06,-7.876006897954826772e-06,-1.105921212237865302e-05,-1.510523576791395921e-05,-2.013537267556822404e-05,-2.626652167181788098e-05,-3.360751129719322886e-05,-4.225551165089176078e-05,-5.229267135014663791e-05,-6.378311800477337470e-05,-7.677045418896452644e-05,-9.127587083876926937e-05,-1.072969825138619059e-04,-1.248074671510937138e-04,-1.437575629790829206e-04,-1.640754410691937996e-04,-1.856694314382386106e-04,-2.084310374660095671e-04,-2.322386278708026669e-04,-2.569616517357357953e-04,-2.824651813750478206e-04,-3.086145549337525112e-04,-3.352798668148233288e-04,-3.623400438124093248e-04,-3.896862483539763095e-04,-4.172243711070489558e-04,-4.448764107518448372e-04,-4.725805917598878956e-04,-5.002901353328703671e-04,-5.279706755093563526e-04,-5.555963932767250943e-04,-5.831450259359972476e-04,-6.105919873833138460e-04,-6.379039057705235749e-04,-6.650319409076127378e-04,-6.919052806828817053e-04,-7.184252321899135298e-04,-7.444603139394862347e-04,-7.698427239619232533e-04,-7.943665015954520401e-04,-8.177876252736186301e-04,-8.398261938546044665e-04,-8.601707350741657609e-04,-8.784845726370468441e-04,-8.944140739764622769e-04,-9.075984963107868678e-04,-9.176810588184959160e-04,-9.243207958998911995e-04,-9.272046962489724790e-04,-9.260596077195825749e-04,-9.206633890723326785e-04,-9.108548171277545697e-04,-8.965418099507473614e-04,-8.777075996345565581e-04,-8.544145792338703497e-04,-8.268056494856757541e-04,-7.951030021105966574e-04,-7.596043829698158941e-04,-7.206769870930694556e-04,-6.787492288332316361e-04,-6.343007141245249987e-04,-5.878508033027063677e-04,-5.399461975254556513e-04,-4.911480039329838834e-04,-4.420187359422905293e-04,-3.931096892628553889e-04,-3.449490945940538291e-04,-2.980314014301666480e-04,-2.528079821847186142e-04,-2.096794789659817810e-04,-1.689899337394812470e-04,-1.310227786046100189e-04,-9.599868287161398943e-05,-6.407518869567343817e-05,-3.534800984607020181e-05,-9.853826054977752431e-06,nan,nan,nan,nan,nan,nan,nan,nan,nan,nan,nan,nan
nan,-2.303213030708196063e-11,-7.342524843298387703e-10,-5.541107975291868076e-09,-2.314924996370503325e-08,-6.987235483014844951e-08,-1.715619049489437763e-07,-3.650675889764340231e-07,-6.991629086943041544e-07,-1.234895189835543837e-06,-2.045343622484824486e-06,-3.214792339161041680e-06,-4.837346730315914640e-06,-7.015040810597712381e-06,-9.855499960999730734e-06,-1.346923855278245666e-05,-1.796668393265092112e-05,-2.345502927833625727e-05,-3.003502593672383757e-05,-3.779783260260393822e-05,-4.682204208873823597e-05,-5.717100781714733225e-05,-6.889058849760940800e-05,-8.200742259380371687e-05,-9.652783036386365287e-05,-1.124374231431207564e-04,-1.297014733952941534e-04,-1.482660683328972627e-04,-1.680600325424977089e-04,-1.889975645218317261e-04,-2.109814885954678818e-04,-2.339069813172943576e-04,-2.576655915573168240e-04,-2.821493407079945712e-04,-3.072546652825681535e-04,-3.328859531064324770e-04,-3.589584266804514835e-04,-3.854001467282551323e-04,-4.121529430363623180e-04,-4.391721311860775608e-04,-4.664249367206713039e-04,-4.938876238055724469e-04,-5.215414051752939638e-04,-5.493672935515103977e-04,-5.773401323123877969e-04,-6.054221131982180431e-04,-6.335561440170383836e-04,-6.616594654524119530e-04,-6.896179316316277536e-04,-7.172813588249562448e-04,-7.444603139389538915e-04,-7.709246561587658648e-04,-7.964040682036084649e-04,-8.205907173589850959e-04,-8.431440809780535710e-04,-8.636978575909356245e-04,-8.818687739857528291e-04,-8.972669931425910315e-04,-9.095077374003726883e-04,-9.182236680889416117e-04,-9.230775127681688664e-04,-9.237744072144967507e-04,-9.200734215634447273e-04,-9.117977691705675142e-04,-8.988432509587238268e-04,-8.811845634425455754e-04,-8.588791923285493549e-04,-8.320687174731773760e-04,-8.009774690814597904e-04,-7.659085840655855413e-04,-7.272376229172775909e-04,-6.854040005775344658e-04,-6.409005703928885404e-04,-5.942617627723249113e-04,-5.460507254840944215e-04,-4.968459346860282190e-04,-4.472277465721846809e-04,-3.977653429941514296e-04,-3.490044831093057419e-04,-3.014564252817962921e-04,-2.555883160133986154e-04,-2.118152740402913449e-04,-1.704943133839470590e-04,-1.319201838758919134e-04,-9.632312506281357249e-05,-6.386846269927463904e-05,-3.465791837668227528e-05,-8.732459992798046876e-06,nan,nan,nan,nan,nan,nan,nan,nan,nan,nan,nan,nan
nan,-2.029203740160993435e-11,-6.469044038015054422e-10,-4.882040322541057075e-09,-2.039676576881651056e-08,-6.156898872331205565e-08,-1.511907989601061304e-07,-3.217689403853326734e-07,-6.163633023975487814e-07,-1.088929622927543379e-06,-1.804153354903660921e-06,-2.836781159208794935e-06,-4.270473842868139107e-06,-6.196220460701882166e-06,-8.710366532144834801e-06,-1.191232165874418606e-05,-1.590202170602597864e-05,-2.077723030900303707e-05,-2.663077201240558961e-05,-3.354779633693355853e-05,-4.160317654086160199e-05,-5.085914998463735573e-05,-6.136330581558654702e-05,-7.314702168597289199e-05,-8.622444072702808071e-05,-1.005920652242663787e-04,-1.162290207816974092e-04,-1.330980172200613198e-04,-1.511469980573426153e-04,-1.703114323645374319e-04,-1.905171613598642102e-04,-2.116836711530341352e-04,-2.337276240246319151e-04,-2.565664481559466075e-04,-2.801217614064529528e-04,-3.043223930491800538e-04,-3.291067688551482383e-04,-3.544244431706395563e-04,-3.802365944878884920e-04,-4.065153511154961409e-04,-4.332418752372952449e-04,-4.604032078706619437e-04,-4.879879558638917838e-04,-5.159809843760639276e-04,-5.443573549482102342e-04,-5.730758183489615505e-04,-6.020722256872549543e-04,-6.312532565119102594e-04,-6.604908772035323738e-04,-6.896179316318925157e-04,-7.184252321896274088e-04,-7.466604597514524136e-04,-7.740291029091239021e-04,-8.001975691626758615e-04,-8.247984939707387296e-04,-8.474381587636130959e-04,-8.677058172117727269e-04,-8.851846227309911365e-04,-8.994637592417352142e-04,-9.101513039480150797e-04,-9.168873010998657624e-04,-9.193565025068970668e-04,-9.173002339954245072e-04,-9.105268777828485127e-04,-8.989205168919749611e-04,-8.824473653988521970e-04,-8.611597044547176626e-04,-8.351971503709312893e-04,-8.047851977523434990e-04,-7.702310918934425271e-04,-7.319171984446463551e-04,-6.902921330536525247e-04,-6.458600009234705553e-04,-5.991681595809664630e-04,-5.507939640917285931e-04,-5.013309760937069729e-04,-4.513751183556224023e-04,-4.015112394079829250e-04,-3.523005099357310634e-04,-3.042690237157214678e-04,-2.578979064161174978e-04,-2.136151654553443109e-04,-1.717894272679315029e-04,-1.327256421090224612e-04,-9.666275159244304427e-05,-6.377324592849921848e-05,-3.416447790961841434e-05,-7.881557336999151051e-06,nan,nan,nan,nan,nan,nan,nan,nan,nan,nan,nan,nan
nan,-1.772027424574725082e-11,-5.649227334416604155e-10,-4.263456755296635031e-09,-1.781329455193620732e-08,-5.377517132823040388e-08,-1.320686671021359997e-07,-2.811216413582947140e-07,-5.386254033821924361e-07,-9.518682328838188521e-07,-1.577637234828823548e-06,-2.481694468365035775e-06,-3.737847141222237551e-06,-5.426644178694092481e-06,-7.633741737173370238e-06,-1.044798998417125296e-05,-1.395930144813997524e-05,-1.825636952618597288e-05,-2.342431277275152372e-05,-2.954232774701908196e-05,-3.668143861152086554e-05,-4.490243633906807217e-05,-5.425410136697318453e-05,-6.477180204678089877e-05,-7.647655369166256485e-05,-8.937461121300609916e-05,-1.034576488060353413e-04,-1.187035554775898202e-04,-1.350778435344402362e-04,-1.525356314029523857e-04,-1.710241226506992022e-04,-1.904854635431023162e-04,-2.108598234126442565e-04,-2.320885100984620909e-04,-2.541169084488572412e-04,-2.768970178181537063e-04,-3.003893653239398005e-04,-3.245640889424000535e-04,-3.494010163437337099e-04,-3.748886142529991384e-04,-4.010217436448439404e-04,-4.277982290529213369e-04,-4.552143277762556910e-04,-4.832592659091330804e-04,-5.119090837422970129e-04,-5.411201010891154546e-04,-5.708223663858274025e-04,-6.009134876018900825e-04,-6.312532565116464730e-04,-6.616594654524225782e-04,-6.919052806823361348e-04,-7.217184757100488174e-04,-7.507827485954528474e-04,-7.787412483792861091e-04,-8.052023279559872163e-04,-8.297474249371133113e-04,-8.519408594922827163e-04,-8.713412312957822007e-04,-8.875140065328572091e-04,-9.000448127659862584e-04,-9.085529100883821220e-04,-9.127042846605084572e-04,-9.122238152828408960e-04,-9.069059959534843483e-04,-8.966237552565330246e-04,-8.813349930739175888e-04,-8.610865533683453431e-04,-8.360154602201888465e-04,-8.063473631953775372e-04,-7.723922511351491351e-04,-7.345376092308637328e-04,-6.932392901547468084e-04,-6.490104586021250201e-04,-6.024090325421619296e-04,-5.540240908918411117e-04,-5.044617393725397492e-04,-4.543309262000094512e-04,-4.042296815637954547e-04,-3.547322105874189404e-04,-3.063772197122757008e-04,-2.596577852120872431e-04,-2.150130012613070678e-04,-1.728215559128044279e-04,-1.333973165200865590e-04,-9.698691916102864419e-05,-6.376928713034218607e-05,-3.385694263525532280e-05,-7.298932181587105921e-06,nan,nan,nan,nan,nan,nan,nan,nan,nan,nan,nan,nan
nan,-1.533473231618922528e-11,-4.888766211507789510e-10,-3.689650961445925471e-09,-1.541676893787356859e-08,-4.654500705696232692e-08,-1.143282762619292540e-07,-2.434079762558431225e-07,-4.664892488915119861e-07,-8.246635521560936085e-07,-1.367370257463693602e-06,-2.152002712330516906e-06,-3.243174911695783220e-06,-4.711674410343718618e-06,-6.633134720734058890e-06,-9.086467890969611682e-06,-1.215210425156404807e-05,-1.591009342410445293e-05,-2.043812723973124297e-05,-2.580955248334881397e-05,-3.209144757642655194e-05,-3.934284326118400157e-05,-4.761317019053039654e-05,-5.694101698948533514e-05,-6.735327735956768988e-05,-7.886475556543811900e-05,-9.147828286597179629e-05,-1.051853753424128208e-04,-1.199674343670458025e-04,-1.357974573422112763e-04,-1.526421886811504629e-04,-1.704646028809425151e-04,-1.892265745357641184e-04,-2.088915587227957883e-04,-2.294270811848030047e-04,-2.508068255349348019e-04,-2.730121051418714947e-04,-2.960325239563360014e-04,-3.198656615295407423e-04,-3.445156652865912156e-04,-3.699906925723832319e-04,-3.962992167401877767e-04,-4.234452878960640260e-04,-4.514229188152511394e-04,-4.802098410031943815e-04,-5.097609426713447904e-04,-5.400017525374336495e-04,-5.708223663863201723e-04,-6.020722256874743968e-04,-6.335561440175282262e-04,-6.650319409075269774e-04,-6.962099809208018757e-04,-7.267548353898963930e-04,-7.562891844651537052e-04,-7.843999684972414663e-04,-8.106466813561833242e-04,-8.345715852998632526e-04,-8.557115199088597725e-04,-8.736108864924248566e-04,-8.878353165318364536e-04,-8.979854839241955449e-04,-9.037104993779064913e-04,-9.047203309607039631e-04,-9.007967284730502601e-04,-8.918021887376254876e-04,-8.776865802079527809e-04,-8.584911452872034552e-04,-8.343497088479196692e-04,-8.054870420904569010e-04,-7.722144452261802674e-04,-7.349227298029334127e-04,-6.940728782164805538e-04,-6.501847475724636168e-04,-6.038242493362739422e-04,-5.555894829482152693e-04,-5.060963234560502885e-04,-4.559639626846756131e-04,-4.058008853390747818e-04,-3.561917159329849934e-04,-3.076853221032295384e-04,-2.607844871396565911e-04,-2.159373924562538313e-04,-1.735310597611375424e-04,-1.338868356278858957e-04,-9.725791246456050082e-05,-6.382880942066901223e-05,-3.371667509186492462e-05,-6.974230176646990293e-06,nan,nan,nan,nan,nan,nan,nan,nan,nan,nan,nan,nan
nan,-1.314742101372161320e-11,-4.191501933234516043e-10,-3.163522611341848352e-09,-1.321930276006602755e-08,-3.991505476192816661e-08,-9.805937128991064550e-08,-2.088188514526860657e-07,-4.003202960108006651e-07,-7.079607090563856323e-07,-1.174420203575779804e-06,-1.849382783032528968e-06,-2.788977888005603274e-06,-4.054962421791338925e-06,-5.713668264188137981e-06,-7.834745719229801802e-06,-1.048973816321024477e-05,-1.375052921723968777e-05,-1.768770988076868867e-05,-2.236892038251946907e-05,-2.785722832787349576e-05,-3.420961171375610973e-05,-4.147561976712097072e-05,-4.969628701278496451e-05,-5.890337313765033696e-05,-6.911899417404890973e-05,-8.035569612837382947e-05,-9.261700230879278955e-05,-1.058984386039050617e-04,-1.201890093095021276e-04,-1.354730601944732619e-04,-1.517324287916379556e-04,-1.689487460291121937e-04,-1.871057226538347406e-04,-2.061912303435642010e-04,-2.261989752942019716e-04,-2.471295623311693798e-04,-2.689907637047435265e-04,-2.917968370645966560e-04,-3.155667839838191958e-04,-3.403214988604992249e-04,-3.660798285705674118e-04,-3.928536383826804592e-04,-4.206420582132731662e-04,-4.494251564628570349e-04,-4.791573541209093201e-04,-5.097609426718304046e-04,-5.411201010900980671e-04,-5.730758183496684503e-04,-6.054221131992003303e-04,-6.379039057709238623e-04,-6.702168328455111517e-04,-7.020092174212920911e-04,-7.328863028013021287e-04,-7.624167523132062245e-04,-7.901412990570567431e-04,-8.155833170101096105e-04,-8.382609778222725478e-04,-8.577005668783639972e-04,-8.734504599084241773e-04,-8.850952133389320461e-04,-8.922692011334704522e-04,-8.946692375578749103e-04,-8.920656601922349101e-04,-8.843114081923699171e-04,-8.713487134344783573e-04,-8.532131234827755638e-04,-8.300346866197528097e-04,-8.020362510910981121e-04,-7.695289459099987749e-04,-7.329050289980815550e-04,-6.926283855627796571e-04,-6.492230499297188756e-04,-6.032601883773147178e-04,-5.553440274182016483e-04,-5.060972335960364516e-04,-4.561462499325301227e-04,-4.061070757244411014e-04,-3.565719298329105089e-04,-3.080971869681368427e-04,-2.611929025507189923e-04,-2.163141691738298413e-04,-1.738544551712277008e-04,-1.341410088977261451e-04,-9.743232223696317166e-05,-6.391757574689539527e-05,-3.371792571186392376e-05,-6.889449853746587495e-06,nan,nan,nan,nan,nan,nan,nan,nan,nan,nan,nan,nan
nan,-1.116491704789515811e-11,-3.559517612859103497e-10,-2.686642932516175231e-09,-1.122746090956777470e-08,-3.390513721834868802e-08,-8.331065516257899094e-08,-1.774579956847539101e-07,-3.403174397504578442e-07,-6.021115370405334381e-07,-9.993709065483465106e-07,-1.574754400736484469e-06,-2.376643666157529536e-06,-3.458526659835838815e-06,-4.878187992244351857e-06,-6.696727677975359395e-06,-8.977433435649646385e-06,-1.178453682343855200e-05,-1.518188920326892468e-05,-1.923160083845534680e-05,-2.399269372269937197e-05,-2.951982653268338697e-05,-3.586215571295095261e-05,-4.306240058206627883e-05,-5.115617927616622821e-05,-6.017167710708000341e-05,-7.012969652973974777e-05,-8.104411996615569426e-05,-9.292279168670678088e-05,-1.057687950835926540e-04,-1.195820674300633856e-04,-1.343612589289213506e-04,-1.501057081896279937e-04,-1.668173765015531454e-04,-1.845025603526497687e-04,-2.031731898332079784e-04,-2.228475208676187330e-04,-2.435500450318614702e-04,-2.653104705520995020e-04,-2.881616741264402112e-04,-3.121365807205081066e-04,-3.372639978164599099e-04,-3.635635044594297564e-04,-3.910395725679329340e-04,-4.196751697057405587e-04,-4.494251564620482201e-04,-4.802098410028755177e-04,-5.119090837424812189e-04,-5.443573549481201370e-04,-5.773401323125795922e-04,-6.105919873829199554e-04,-6.437966462324218233e-04,-6.765892280377008199e-04,-7.085607644438635761e-04,-7.392649933906161874e-04,-7.682273044399153504e-04,-7.949555998881131097e-04,-8.189527294139137790e-04,-8.397300659213982350e-04,-8.568217187253072574e-04,-8.697988329989902838e-04,-8.782834049700799246e-04,-8.819610500024147601e-04,-8.805921966223614330e-04,-8.740212412038370678e-04,-8.621832815965509633e-04,-8.451081501548252193e-04,-8.229215786226917566e-04,-7.958434499829779253e-04,-7.641832078907249103e-04,-7.283326133530409292e-04,-6.887561353880604668e-04,-6.459793530508700903e-04,-6.005758103080113385e-04,-5.531528121222935735e-04,-5.043366713994867651e-04,-4.547579151397430886e-04,-4.050369395150904572e-04,-3.557705561852254699e-04,-3.075198215102045024e-04,-2.607994655304167681e-04,-2.160691649631471133e-04,-1.737268107701712115e-04,-1.341038545190274237e-04,-9.746272665054231898e-05,-6.399624835030671153e-05,-3.382889642204342881e-05,-7.019737491387351180e-06,nan,nan,nan,nan,nan,nan,nan,nan,nan,nan,nan,nan
nan,-9.388619054335442909e-12,-2.993266104072123655e-10,-2.259354739509427800e-09,-9.442680595401155063e-09,-2.851961530388781314e-08,-7.009291737504586792e-08,-1.493486085911520531e-07,-2.865257182689855202e-07,-5.071969470830007900e-07,-8.423591628827223210e-07,-1.328337849858030850e-06,-2.006513080559138507e-06,-2.922877167019468495e-06,-4.127435800216107669e-06,-5.673466751790058295e-06,-7.616652719503307371e-06,-1.001410925947984183e-05,-1.292333408507822040e-05,-1.640111125728801073e-05,-2.050241140501723560e-05,-2.527933747919964191e-05,-3.078017209163639212e-05,-3.704858745721415555e-05,-4.412307927719520505e-05,-5.203668210242580586e-05,-6.081701299734864409e-05,-7.048667400696493452e-05,-8.106402059935578005e-05,-9.256427501949914807e-05,-1.050009308323881965e-04,-1.183873610587408515e-04,-1.327385089182067592e-04,-1.480725114457019393e-04,-1.644120841340110481e-04,-1.817854834365071975e-04,-2.002268644961460189e-04,-2.197758671531099947e-04,-2.404762927506103401e-04,-2.623737795561332316e-04,-2.855124411937636788e-04,-3.099305005602083908e-04,-3.356550242003296445e-04,-3.626959376703857907e-04,-3.910395725680947511e-04,-4.206420582126239459e-04,-4.514229188150939301e-04,-4.832592659094795372e-04,-5.159809843761338586e-04,-5.493672935518627634e-04,-5.831450259357563379e-04,-6.169889019528619623e-04,-6.505239972438572275e-04,-6.833304981773825979e-04,-7.149507323524667600e-04,-7.448983447349032984e-04,-7.726693780341093581e-04,-7.977549102457486951e-04,-8.196548131847458413e-04,-8.378921253519882499e-04,-8.520274862604663470e-04,-8.616730609549059193e-04,-8.665053919959612430e-04,-8.662766529290721624e-04,-8.608238395787690643e-04,-8.500755196103204235e-04,-8.340558633574473787e-04,-8.128857910785539619e-04,-7.867811946374042445e-04,-7.560483068837998890e-04,-7.210764111406699770e-04,-6.823281797533125529e-04,-6.403280212671076622e-04,-5.956488793567224754e-04,-5.488979733097368568e-04,-5.007019907385819833e-04,-4.516922415405367694e-04,-4.024902634488906092e-04,-3.536943214735313807e-04,-3.058671931654810918e-04,-2.595255563293103981e-04,-2.151312235269657060e-04,-1.730843732443807133e-04,-1.337188622488885909e-04,-9.729961192550765233e-05,-6.402199000839900651e-05,-3.401304698134448187e-05,-7.334424063096760989e-06,nan,nan,nan,nan,nan,nan,nan,nan,nan,nan,nan,nan
nan,-7.815203811982236878e-12,-2.491750057679939184e-10,-1.880905476647477093e-09,-7.861823996741852699e-09,-2.374905145814215761e-08,-5.838310928103915177e-08,-1.244420121483870044e-07,-2.388528351458409270e-07,-4.230560099880408574e-07,-7.031227002260170432e-07,-1.109728996654366286e-06,-1.677992417912349126e-06,-2.447177192558229763e-06,-3.460275104076621794e-06,-4.763469767211184292e-06,-6.405493855445658935e-06,-8.436892501022236592e-06,-1.090921108894184481e-05,-1.387413278953502847e-05,-1.738259896537598922e-05,-2.148395430750624533e-05,-2.622516574999248060e-05,-3.165016994535939051e-05,-3.779940544432935012e-05,-4.470958302450127146e-05,-5.241373823419276493e-05,-6.094159525437740335e-05,-7.032024935006922907e-05,-8.057514842965239220e-05,-9.173132308381833164e-05,-1.038147820189784558e-04,-1.168539577523183180e-04,-1.308810598274266052e-04,-1.459331716529664721e-04,-1.620529164042428677e-04,-1.792885183476434217e-04,-1.976931016415055752e-04,-2.173230978571421006e-04,-2.382356780589378533e-04,-2.604851809181646968e-04,-2.841185750972145666e-04,-3.091700651719285053e-04,-3.356550242003185857e-04,-3.635635044595796474e-04,-3.928536383820177406e-04,-4.234452878958958120e-04,-4.552143277765912516e-04,-4.879879558639508728e-04,-5.215414051756370054e-04,-5.555963932764714994e-04,-5.898215799140171193e-04,-6.238352219840140626e-04,-6.572101145109251336e-04,-6.894807981042723596e-04,-7.201528981860221392e-04,-7.487143504031835073e-04,-7.746481622137847906e-04,-7.974462728631685239e-04,-8.166240047706453111e-04,-8.317345542852257797e-04,-8.423829524487608375e-04,-8.482389357296784942e-04,-8.490482040489352256e-04,-8.446416060726760202e-04,-8.349418759465218739e-04,-8.199676480791986011e-04,-7.998345883545251740e-04,-7.747536025822155574e-04,-7.450261974703147093e-04,-7.110371880800168140e-04,-6.732450412677338548e-04,-6.321702347893557502e-04,-5.883820744515734112e-04,-5.424844579857940156e-04,-4.951010946871174830e-04,-4.468606878936000337e-04,-3.983825687846997000e-04,-3.502632215246470593e-04,-3.030640900138688331e-04,-2.573009810374824987e-04,-2.134353070747127632e-04,-1.718673172000296698e-04,-1.329314005795706856e-04,-9.689345510128496769e-05,-6.395024271310063087e-05,-3.423059138205095748e-05,-7.798262208091575768e-06,nan,nan,nan,nan,nan,nan,nan,nan,nan,nan,nan,nan
nan,-6.438079346645973655e-12,-2.052720978679617230e-10,-1.549600226708145516e-09,-6.477819997901656893e-09,-1.957214788998362098e-08,-4.812909965404094592e-08,-1.026277536337751063e-07,-1.970884613772084966e-07,-3.493199387898551469e-07,-5.810562335606474914e-07,-9.179869594661719510e-07,-1.389684555877867904e-06,-2.029432049713111218e-06,-2.873954044868180483e-06,-3.963053823233172188e-06,-5.339160419249506416e-06,-7.046792685836560719e-06,-9.131952062800654445e-06,-1.164146270873041693e-05,-1.462228549399053256e-05,-1.812084122491962774e-05,-2.218238604968186841e-05,-2.685048820145402376e-05,-3.216665731768380708e-05,-3.817017566712347537e-05,-4.489817228360040680e-05,-5.238596715284578678e-05,-6.066769207006214050e-05,-6.977716939012808337e-05,-7.974900019461863860e-05,-9.061978236628749899e-05,-1.024293484141216686e-04,-1.152218865298219381e-04,-1.290467882854764829e-04,-1.439590565153305100e-04,-1.600191083592937471e-04,-1.772918242476711950e-04,-1.958447225773112216e-04,-2.157451837330498945e-04,-2.370567017566322439e-04,-2.598342073214789604e-04,-2.841185750972644399e-04,-3.099305005602479642e-04,-3.372639978166592947e-04,-3.660798285699533739e-04,-3.962992167400710623e-04,-4.277982290533069876e-04,-4.604032078707712312e-04,-4.938876238059660122e-04,-5.279706755091503542e-04,-5.623178996166104844e-04,-5.965439723100044800e-04,-6.302177843601446247e-04,-6.628697644598083479e-04,-6.940013119150421602e-04,-7.230960904934254736e-04,-7.496328324753144534e-04,-7.730992158576614629e-04,-7.930063100040287034e-04,-8.089030412736490259e-04,-8.203901139338389773e-04,-8.271328316661689375e-04,-8.288723027106723127e-04,-8.254345743289023601e-04,-8.167373261174341609e-04,-8.027938534861287726e-04,-7.837141834196207713e-04,-7.597032860691517930e-04,-7.310564587995544480e-04,-6.981520769847628094e-04,-6.614419998922869406e-04,-6.214400093213384192e-04,-5.787087202094856261e-04,-5.338454481316416266e-04,-4.874675383935763036e-04,-4.401976591764867512e-04,-3.926495428105018564e-04,-3.454146106294228363e-04,-2.990498680109661260e-04,-2.540673809378433544e-04,-2.109255750633043662e-04,-1.700225034998305664e-04,-1.316911674651799306e-04,-9.619688214535063479e-05,-6.373660994782731355e-05,-3.444012246551537174e-05,-8.372812337397258324e-06,nan,nan,nan,nan,nan,nan,nan,nan,nan,nan,nan,nan
nan,-5.246704959705407748e-12,-1.672907020516221218e-10,-1.262971020974842100e-09,-5.280368512706359412e-09,-1.595786761226345601e-08,-3.925487201574600038e-08,-8.374463948659943820e-08,-1.609253071166102006e-07,-2.854491763536183954e-07,-4.752726301707033486e-07,-7.517297507468366408e-07,-1.139532000327248522e-06,-1.666695071270509794e-06,-2.364392467141830228e-06,-3.266734835841358508e-06,-4.410474545455258024e-06,-5.834637707178418696e-06,-7.580090262479397037e-06,-9.689051481643656718e-06,-1.220457598294969706e-05,-1.517003422763053491e-05,-1.862862917841677960e-05,-2.262299322453609568e-05,-2.719491199710779815e-05,-3.238522031199544249e-05,-3.823390793201436605e-05,-4.478045988603951628e-05,-5.206443668909349078e-05,-6.012627566205971393e-05,-6.900826625127607272e-05,-7.875562264627264939e-05,-8.941754779985422604e-05,-1.010481579283072307e-04,-1.137071176903570809e-04,-1.274598272820883611e-04,-1.423770047272604488e-04,-1.585335226168318177e-04,-1.760063873231546504e-04,-1.948717919020337191e-04,-2.152012274799802618e-04,-2.370567017565087804e-04,-2.604851809180882063e-04,-2.855124411936752621e-04,-3.121365807205764113e-04,-3.403214988597525891e-04,-3.699906925721369011e-04,-4.010217436450974810e-04,-4.332418752372742656e-04,-4.664249367209354156e-04,-5.002901353325356739e-04,-5.345027690314325692e-04,-5.686771341786898233e-04,-6.023816833217341890e-04,-6.351464029253291220e-04,-6.664722690722885232e-04,-6.958425319615579299e-04,-7.227354793778302490e-04,-7.466382452330271252e-04,-7.670611634202319706e-04,-7.835521249003098978e-04,-7.957103808177438042e-04,-8.031992450139214699e-04,-8.057571871711052651e-04,-8.032068700810824800e-04,-7.954617675742271798e-04,-7.825301002411606723e-04,-7.645159353333895241e-04,-7.416174170461003155e-04,-7.141222044778965062e-04,-6.824003106585776373e-04,-6.468946280942528947e-04,-6.081095143484037272e-04,-5.665978712568426690e-04,-5.229471963082820817e-04,-4.777651038296896959e-04,-4.316648111278669733e-04,-3.852510667148256415e-04,-3.391069491875052218e-04,-2.937819177095583683e-04,-2.497814203523447555e-04,-2.075582977893264489e-04,-1.675061255768780437e-04,-1.299545784311254492e-04,-9.516680874721783956e-05,-6.333876256955456264e-05,-3.460029650282815677e-05,-9.017920424366403646e-06,nan,nan,nan,nan,nan,nan,nan,nan,nan,nan,nan,nan
nan,-4.228341618804600847e-12,-1.348242393270327607e-10,-1.017950641000487920e-09,-4.256666882381580062e-09,-1.286762556533757835e-08,-3.166589751449481082e-08,-6.759214565981578006e-08,-1.299809157676165547e-07,-2.307717564443992355e-07,-3.846661741996772250e-07,-6.092331965613051856e-07,-9.249648101171892021e-07,-1.355280574759279501e-06,-1.926478616352086647e-06,-2.667629162306862457e-06,-3.610406892258784020e-06,-4.788860738884039491e-06,-6.239123928609549990e-06,-7.999073520637094002e-06,-1.010795628437878113e-05,-1.260600641752478347e-05,-1.553408828770511642e-05,-1.893340377921123827e-05,-2.284530654019572903e-05,-2.731126432736630323e-05,-3.237300366836365080e-05,-3.807285882842090030e-05,-4.445432867091787940e-05,-5.156282202087297269e-05,-5.944654520389104619e-05,-6.815745727347302511e-05,-7.775219074529527449e-05,-8.829281204007713576e-05,-9.984727823194028938e-05,-1.124894387224331655e-04,-1.262984331683234516e-04,-1.413573531656823763e-04,-1.577510637492879949e-04,-1.755631231794744596e-04,-1.948717919019371438e-04,-2.157451837328305062e-04,-2.382356780587619415e-04,-2.623737795559435504e-04,-2.881616741264031857e-04,-3.155667839829668503e-04,-3.445156652862409641e-04,-3.748886142531437709e-04,-4.065153511153680424e-04,-4.391721311862337943e-04,-4.725805917594468422e-04,-5.064085800404339449e-04,-5.402731276775344206e-04,-5.737456408311176256e-04,-6.063592713790831590e-04,-6.376183254535453589e-04,-6.670094608515293386e-04,-6.940143267336344648e-04,-7.181232173177967693e-04,-7.388492474618873259e-04,-7.557425172820079204e-04,-7.684037189398414385e-04,-7.764966497469951399e-04,-7.797591334796880090e-04,-7.780119133177570371e-04,-7.711651615921708306e-04,-7.592223503978263576e-04,-7.422813342511768841e-04,-7.205326135695446377e-04,-6.942548562686875167e-04,-6.638078687388372515e-04,-6.296232970449678864e-04,-5.921934256049778827e-04,-5.520584989037305218e-04,-5.097930357681941006e-04,-4.659916240865591419e-04,-4.212546811618458702e-04,-3.761746473559739548e-04,-3.313230324343237939e-04,-2.872386879257332951e-04,-2.444176050726881624e-04,-2.033044711776826625e-04,-1.642861238303531494e-04,-1.276869853402274983e-04,-9.376646956824132874e-05,-6.271828582521280036e-05,-3.467150624030855099e-05,-9.693226127800842775e-06,nan,nan,nan,nan,nan,nan,nan,nan,nan,nan,nan,nan
nan,-3.368439320935422027e-12,-1.074093960933090565e-10,-8.110445569347446895e-10,-3.392128745704879936e-09,-1.025745727363185011e-08,-2.525445284275378396e-08,-5.394171104765781055e-08,-1.038192337354962406e-07,-1.845212672055546245e-07,-3.079751695467931004e-07,-4.885288098191582198e-07,-7.430469360092592637e-07,-1.090974508131791420e-06,-1.554362545347569670e-06,-2.157850677706706094e-06,-2.928600464558848405e-06,-3.896175632214798849e-06,-5.092369298406746868e-06,-6.550984422864951156e-06,-8.307581033642657452e-06,-1.039921212413387084e-05,-1.286417757196316674e-05,-1.574183162372659570e-05,-1.907248219224065108e-05,-2.289741921288378503e-05,-2.725910271813807351e-05,-3.220152963476544637e-05,-3.777078079837808684e-05,-4.401572780012343586e-05,-5.098885367994581227e-05,-5.874711477625341421e-05,-6.735274488568580853e-05,-7.687388073558233204e-05,-8.738487149939488257e-05,-9.896612814189020672e-05,-1.117033717787841070e-04,-1.256861566019180270e-04,-1.410055712120133543e-04,-1.577510637494456650e-04,-1.760063873232232262e-04,-1.958447225772643027e-04,-2.173230978571407182e-04,-2.404762927505986036e-04,-2.653104705522404483e-04,-2.917968370639259144e-04,-3.198656615293764857e-04,-3.494010163440597295e-04,-3.802365944879452500e-04,-4.121529430367015107e-04,-4.448764107515890739e-04,-4.780800451466509881e-04,-5.113865963536573869e-04,-5.443736906321394904e-04,-5.765811356216995814e-04,-6.075202129373745040e-04,-6.366847120642549901e-04,-6.635633643215285010e-04,-6.876532566612119073e-04,-7.084737435403107471e-04,-7.255803360557536207e-04,-7.385780346257177003e-04,-7.471335828307606270e-04,-7.509861574012910391e-04,-7.499560697552154660e-04,-7.439511345308329453e-04,-7.329704571787522098e-04,-7.171054970978996265e-04,-6.965383775823811782e-04,-6.715375192237284024e-04,-6.424507846952918480e-04,-6.096964094910997320e-04,-5.737520775407933035e-04,-5.351425568594488048e-04,-4.944263532058355230e-04,-4.521818572564077461e-04,-4.089934579434473423e-04,-3.654380776900282863e-04,-3.220725375801753777e-04,-2.794221162241871574e-04,-2.379705936545259827e-04,-1.981520072014777728e-04,-1.603442543462285489e-04,-1.248646234320406135e-04,-9.196724442708250572e-05,-6.184238627318591763e-05,-3.461747085033089013e-05,-1.035963870103906726e-05,nan,nan,nan,nan,nan,nan,nan,nan,nan,nan,nan,nan
nan,-2.651381031899678424e-12,-8.454809395193360064e-11,-6.384953473389272792e-10,-2.671069157819996041e-09,-8.080083157816651079e-09,-1.990467941626062278e-08,-4.254747798963584110e-08,-8.197111960878192345e-08,-1.458729415039919586e-07,-2.438414438690056024e-07,-3.874968025604760254e-07,-5.906152654005717342e-07,-8.692345540124732595e-07,-1.241734772066746873e-06,-1.728887790873180691e-06,-2.353867823179366305e-06,-3.142217779727445844e-06,-4.121769692808741800e-06,-5.322523336409690589e-06,-6.776494136179348375e-06,-8.517549382644760595e-06,-1.058125885250368226e-05,-1.300479177857951878e-05,-1.582689463761878887e-05,-1.908798317480183123e-05,-2.283037574678520789e-05,-2.709868388259103336e-05,-3.194035925882347804e-05,-3.740637546190379652e-05,-4.355199863113207588e-05,-5.043757583995580197e-05,-5.812924548447562776e-05,-6.669945330187197015e-05,-7.622714273489755092e-05,-8.679748246744028301e-05,-9.850099803565688075e-05,-1.114319909368214473e-04,-1.256861566021064071e-04,-1.413573531660308389e-04,-1.585335226171017840e-04,-1.772918242478369424e-04,-1.976931016417230391e-04,-2.197758671533246396e-04,-2.435500450322329179e-04,-2.689907637043135319e-04,-2.960325239564219786e-04,-3.245640889429758191e-04,-3.544244431709558181e-04,-3.854001467288568103e-04,-4.172243711070650020e-04,-4.495778416171672832e-04,-4.820918352980317818e-04,-5.143532913361578349e-04,-5.459119933438232649e-04,-5.762896797321468822e-04,-6.049908402286481796e-04,-6.315148647485183554e-04,-6.553691348450104218e-04,-6.760825889509909994e-04,-6.932192553845303818e-04,-7.063912352831721838e-04,-7.152706291463097575e-04,-7.195999374156642099e-04,-7.192005244825502982e-04,-7.139788133783567334e-04,-7.039299722566993598e-04,-6.891389549468495161e-04,-6.697788692500360967e-04,-6.461067483419653508e-04,-6.184569087179098146e-04,-5.872321613800197309e-04,-5.528932248757747331e-04,-5.159467426922200979e-04,-4.769323489950561684e-04,-4.364092433437804174e-04,-3.949427320268061566e-04,-3.530911774856504556e-04,-3.113937503894994847e-04,-2.703593367298077381e-04,-2.304568815482483301e-04,-1.921073892720945482e-04,-1.556777104668846039e-04,-1.214761940903484350e-04,-8.975019748872081087e-05,-6.068538291785880400e-05,-3.440667491768007510e-05,-1.098072018659941633e-05,nan,nan,nan,nan,nan,nan,nan,nan,nan,nan,nan,nan
nan,-2.061061040852178006e-12,-6.572716490631437732e-11,-4.964320698633754356e-10,-2.077329167551390420e-09,-6.286792722508352498e-09,-1.549720346292086150e-08,-3.315610279751413920e-08,-6.395307909832928779e-08,-1.139766251378699167e-07,-1.908647018827834645e-07,-3.039510383585242960e-07,-4.644066001279400541e-07,-6.853728347642529059e-07,-9.820806515445541954e-07,-1.371947512465655861e-06,-1.874644704248371210e-06,-2.512128590458692696e-06,-3.308633118192874097e-06,-4.290626349431135347e-06,-5.486740344495931165e-06,-6.927691136358793629e-06,-8.646212152689020163e-06,-1.067702980694009511e-05,-1.305691221182462365e-05,-1.582482075959339667e-05,-1.902218812642711391e-05,-2.269333547437057076e-05,-2.688602567451314052e-05,-3.165212958139408482e-05,-3.704835942517142395e-05,-4.313699963232945603e-05,-4.998654238515940802e-05,-5.767211610979019147e-05,-6.627558155162098529e-05,-7.588516524909477224e-05,-8.659450494024611435e-05,-9.850099803532623975e-05,-1.117033717786194573e-04,-1.262984331682978374e-04,-1.423770047271439513e-04,-1.600191083590613483e-04,-1.792885183474449314e-04,-2.002268644959295308e-04,-2.228475208675402639e-04,-2.471295623302791414e-04,-2.730121051414852477e-04,-3.003893653240225794e-04,-3.291067688549644118e-04,-3.589584266805403339e-04,-3.896862483534776307e-04,-4.209809083506764124e-04,-4.524848053649134982e-04,-4.837970660612628542e-04,-5.144805506307459624e-04,-5.440707182190181266e-04,-5.720861160039186809e-04,-5.980401675804333491e-04,-6.214538636458660868e-04,-6.418689016855124710e-04,-6.588607860294198740e-04,-6.720513889220043093e-04,-6.811204848157611158e-04,-6.858158059851745354e-04,-6.859612247160675998e-04,-6.814627425966857241e-04,-6.723120580358556315e-04,-6.585875805374832945e-04,-6.404528677211539494e-04,-6.181525585763392215e-04,-5.920059808039564381e-04,-5.623986895710985506e-04,-5.297722741150849828e-04,-4.946128199355727395e-04,-4.574384543012705463e-04,-4.187864184882105411e-04,-3.792001070885291807e-04,-3.392164994072427052e-04,-2.993543620687528486e-04,-2.601035620960926256e-04,-2.219157609719624104e-04,-1.851967016321203982e-04,-1.503002123632497821e-04,-1.175240045530440668e-04,-8.710725662189390561e-05,-5.922991551859163383e-05,-3.401359502665275437e-05,-1.152391984026981798e-05,nan,nan,nan,nan,nan,nan,nan,nan,nan,nan,nan,nan
nan,-1.581464929635178480e-12,-5.043590230163876001e-11,-3.810019553948504781e-10,-1.594824909308667914e-09,-4.829099301968858588e-09,-1.191319153025926144e-08,-2.551536496913787916e-08,-4.928370250672910693e-08,-8.798569709915980842e-08,-1.476501968550218956e-07,-2.357135277984395873e-07,-3.611689820913636841e-07,-5.347160598566847396e-07,-7.689032845817724146e-07,-1.078256876959415762e-06,-1.479387281676636704e-06,-1.991067157378956252e-06,-2.634277708755076879e-06,-3.432225368615228037e-06,-4.410336944559997321e-06,-5.596248187118274051e-06,-7.019806803281869180e-06,-8.713115753273127816e-06,-1.071064451954042377e-05,-1.304943459855259528e-05,-1.576941936391147372e-05,-1.891386802070163203e-05,-2.252994814449049921e-05,-2.666938252395916170e-05,-3.138915437898630675e-05,-3.675219276104587079e-05,-4.282794853977853715e-05,-4.969275378875112186e-05,-5.742984521563042425e-05,-6.612892844289819307e-05,-7.588516524919530488e-05,-8.679748246722932437e-05,-9.896612814184368090e-05,-1.124894387225258105e-04,-1.274598272820999349e-04,-1.439590565152370789e-04,-1.620529164041878986e-04,-1.817854834364411153e-04,-2.031731898332824089e-04,-2.261989752934770741e-04,-2.508068255347207262e-04,-2.768970178184041570e-04,-3.043223930491739280e-04,-3.328859531066990281e-04,-3.623400438120994056e-04,-3.923873261267776108e-04,-4.226836671541865827e-04,-4.528429971918955304e-04,-4.824440888813560555e-04,-5.110391195305601705e-04,-5.381637876586833165e-04,-5.633486707697055954e-04,-5.861314422829488066e-04,-6.060695121615901435e-04,-6.227526224436908450e-04,-6.358149192052352109e-04,-6.449460339809399978e-04,-6.499007424562653268e-04,-6.505068232836432127e-04,-6.466708121563073891e-04,-6.383814331685230088e-04,-6.257105826519545949e-04,-6.088118437073725304e-04,-5.879166024924240746e-04,-5.633279375272025411e-04,-5.354125285925088237e-04,-5.045909077769067776e-04,-4.713264237141514320e-04,-4.361133283917710416e-04,-3.994644105991768199e-04,-3.618985969515073060e-04,-3.239289270580081250e-04,-2.860512647327866391e-04,-2.487340698373007313e-04,-2.124094889029147265e-04,-1.774659675007150914e-04,-1.442425019066866413e-04,-1.130246045532218085e-04,-8.404197571903982908e-05,-5.746781575628705495e-05,-3.341966257621663646e-05,-1.196161138377632461e-05,nan,nan,nan,nan,nan,nan,nan,nan,nan,nan,nan,nan
nan,-1.197099134861580739e-12,-3.818054701523346479e-11,-2.884802926727198932e-10,-1.208006967322447164e-09,-3.660125668980385951e-09,-9.037747659158802874e-09,-1.938137998031067481e-08,-3.749743662650569751e-08,-6.708129940409018621e-08,-1.128486675237537074e-07,-1.806768300190311256e-07,-2.777549313201208583e-07,-4.127396274559546580e-07,-5.959101298464731496e-07,-8.393152141323159470e-07,-1.156904544470746246e-06,-1.564638195062578983e-06,-2.080571317962295988e-06,-2.724915657499508345e-06,-3.520085238028788110e-06,-4.490739786963260434e-06,-5.663844921590319803e-06,-7.068772344807464260e-06,-8.737464715640332980e-06,-1.070468815546954646e-05,-1.300838930072537570e-05,-1.569016372246764821e-05,-1.879582802028740855e-05,-2.237607014428915424e-05,-2.648713217313806783e-05,-3.119145900821286089e-05,-3.655822663733696075e-05,-4.266364754730502407e-05,-4.959094002695494914e-05,-5.742984521568019591e-05,-6.627558155176992757e-05,-7.622714273475107521e-05,-8.738487149940854352e-05,-9.984727823208954336e-05,-1.137071176904311996e-04,-1.290467882854527389e-04,-1.459331716529812444e-04,-1.644120841340169570e-04,-1.845025603527938049e-04,-2.061912303429182876e-04,-2.294270811846693767e-04,-2.541169084491785445e-04,-2.801217614065246728e-04,-3.072546652829083761e-04,-3.352798668145971642e-04,-3.639137937904931316e-04,-3.928278513421755197e-04,-4.216530962877602863e-04,-4.499867449895789085e-04,-4.774003798863337648e-04,-5.034496344656698864e-04,-5.276850567835064589e-04,-5.496637863786655665e-04,-5.689616291080204415e-04,-5.851850831505031950e-04,-5.979828607741628256e-04,-6.070564617605340215e-04,-6.121693878557131225e-04,-6.131546402446221618e-04,-6.099202109773952914e-04,-6.024523620621841189e-04,-5.908165744312827896e-04,-5.751561471378385413e-04,-5.556885149182364501e-04,-5.326994478798666340e-04,-5.065353679090229232e-04,-4.775940889501518452e-04,-4.463143337841349442e-04,-4.131644164889997995e-04,-3.786304934101337397e-04,-3.432047823158516963e-04,-3.073741360876994472e-04,-2.716093140454478713e-04,-2.363552594327998917e-04,-2.020226277434813262e-04,-1.689807590175988793e-04,-1.375522047211676308e-04,-1.080088809473231192e-04,-8.056984054251698456e-05,-5.540060164907910676e-05,-3.261392334551242261e-05,-1.227189402179078699e-05,nan,nan,nan,nan,nan,nan,nan,nan,nan,nan,nan,nan
nan,-8.933746724838588813e-13,-2.849595330591872795e-11,-2.153580050984573166e-10,-9.022255550215607164e-10,-2.735704530863814881e-09,-6.762610359122442050e-09,-1.452432398196214448e-08,-2.815551332728308624e-08,-5.049156149541379034e-08,-8.518801995391984725e-08,-1.368535476394280177e-07,-2.111953860856066853e-07,-3.151739485279665519e-07,-4.571609268701016475e-07,-6.470940648301774991e-07,-8.966216118229294189e-07,-1.219230938620979449e-06,-1.630358664874906121e-06,-2.147484017119682920e-06,-2.790212265717073006e-06,-3.580360699474948216e-06,-4.542064438969727424e-06,-5.701922991018821559e-06,-7.089209418225822263e-06,-8.736162018416519524e-06,-1.067837240442826363e-05,-1.295527412742145832e-05,-1.561072219378319443e-05,-1.869363710294651883e-05,-2.225866803577804487e-05,-2.636681055299085053e-05,-3.108589594062199669e-05,-3.649085475320638336e-05,-4.266364754735597480e-05,-4.969275378885246088e-05,-5.767211610999065368e-05,-6.669945330179341970e-05,-7.687388073566099090e-05,-8.829281204028904307e-05,-1.010481579284517548e-04,-1.152218865298775983e-04,-1.308810598275223132e-04,-1.480725114457929310e-04,-1.668173765017812616e-04,-1.871057226532859175e-04,-2.088915587227612022e-04,-2.320885100988731933e-04,-2.565664481561169899e-04,-2.821493407084301494e-04,-3.086145549336341163e-04,-3.356937911899145004e-04,-3.630757616308595385e-04,-3.904106502937771035e-04,-4.173163101924820388e-04,-4.433860676604757327e-04,-4.681979237318789687e-04,-4.913248673342072905e-04,-5.123459538258839322e-04,-5.308577552793055992e-04,-5.464857597408227536e-04,-5.588952890260381369e-04,-5.678015155971227702e-04,-5.729781910363202554e-04,-5.742647485841937674e-04,-5.715715074820995221e-04,-5.648827851792363568e-04,-5.542578069220052911e-04,-5.398293951264911215e-04,-5.218005033040024228e-04,-5.004387500014490430e-04,-4.760691743106944306e-04,-4.490655033769701092e-04,-4.198402646478456763e-04,-3.888341102610097522e-04,-3.565047335388212653e-04,-3.233157544203494509e-04,-2.897259384475833776e-04,-2.561790722723756805e-04,-2.230947869588569281e-04,-1.908605593530352971e-04,-1.598250740792346851e-04,-1.302930494152797778e-04,-1.025215957668607070e-04,-7.671809951878723333e-05,-5.303957317945540107e-05,-3.159336886599658573e-05,-1.243912991612961779e-05,nan,nan,nan,nan,nan,nan,nan,nan,nan,nan,nan,nan
nan,-6.568603308922501199e-13,-2.095407462029646205e-11,-1.584059812210223483e-10,-6.639993989556232626e-10,-2.015189506359921441e-09,-4.988140758035575682e-09,-1.073265457745719084e-08,-2.085400761390820665e-08,-3.750577519234361587e-08,-6.349668711404311864e-08,-1.024128178949048968e-07,-1.587542117614913193e-07,-2.380828199518794865e-07,-3.471767162249520600e-07,-4.941844936640891185e-07,-6.887737211648716191e-07,-9.422687508095652901e-07,-1.267775839932804649e-06,-1.680297537901638928e-06,-2.196842916810817325e-06,-2.836545210468076932e-06,-3.620802642705086926e-06,-4.573461219057874751e-06,-5.721058785337967891e-06,-7.093147420046355118e-06,-8.722705284954193248e-06,-1.064663967563700846e-05,-1.290636995852079681e-05,-1.554846340443253748e-05,-1.862527926476683116e-05,-2.219555865775120387e-05,-2.632488117046300963e-05,-3.108589594056477792e-05,-3.655822663732346243e-05,-4.282794853980829172e-05,-4.998654238528073702e-05,-5.812924548432567583e-05,-6.735274488568202737e-05,-7.775219074541387266e-05,-8.941754779990500736e-05,-1.024293484140848058e-04,-1.168539577523150925e-04,-1.327385089181955648e-04,-1.501057081897458464e-04,-1.689487460284617266e-04,-1.892265745356232535e-04,-2.108598234129340908e-04,-2.337276240246870739e-04,-2.576655915576303211e-04,-2.824651813748202465e-04,-3.078745854444010473e-04,-3.336012739110727444e-04,-3.593162141678425724e-04,-3.846597236398732072e-04,-4.092488325052870066e-04,-4.326859573046374524e-04,-4.545686162363265907e-04,-4.744998598625784630e-04,-4.920990471043551039e-04,-5.070125693696433825e-04,-5.189241189219214985e-04,-5.275641081661534490e-04,-5.327178768183074564e-04,-5.342323709835872106e-04,-5.320210395139280801e-04,-5.260667665757627750e-04,-5.164227374798687278e-04,-5.032112221194267373e-04,-4.866203370471169410e-04,-4.668989326854567951e-04,-4.443498133097577274e-04,-4.193215624266925724e-04,-3.921992852007564882e-04,-3.633946122446871422e-04,-3.333353205672301292e-04,-3.024549243789957263e-04,-2.711825774102336875e-04,-2.399335884998521026e-04,-2.091008235132105729e-04,-1.790472086983019892e-04,-1.500995068705636426e-04,-1.225434619851725792e-04,-9.662037756828363816e-05,-7.252512197778698930e-05,-5.040550502035410428e-05,-3.036292965958509434e-05,-1.245420312988212969e-05,nan,nan,nan,nan,nan,nan,nan,nan,nan,nan,nan,nan
nan,-4.754717389261385255e-13,-1.516964551294093364e-11,-1.147176770644007305e-10,-4.811933281735068492e-10,-1.461990241803011856e-09,-3.624633923811183193e-09,-7.815894153895571178e-09,-1.522915084826842265e-08,-2.748374071442442667e-08,-4.671903032476000163e-08,-7.570437198672555137e-08,-1.179641400988677122e-07,-1.779150993122407003e-07,-2.610117231054984657e-07,-3.738942235486000932e-07,-5.245341414703712516e-07,-7.223737097591419337e-07,-9.784576797779204977e-07,-1.305559910171051200e-06,-1.718311152423632658e-06,-2.233338842524430649e-06,-2.869433316562590970e-06,-3.647757279858700585e-06,-4.592115475040902333e-06,-5.729299036233470902e-06,-7.089513168193442807e-06,-8.706887805060185224e-06,-1.062005861117914924e-05,-1.287279107281761341e-05,-1.551460410164180197e-05,-1.860133326946133097e-05,-2.219555865780099247e-05,-2.636681055299109448e-05,-3.119145900825776041e-05,-3.675219276113499898e-05,-4.313699963251122252e-05,-5.043757583988157478e-05,-5.874711477632274217e-05,-6.815745727366202865e-05,-7.875562264640165590e-05,-9.061978236633828031e-05,-1.038147820190644195e-04,-1.183873610588235354e-04,-1.343612589291322008e-04,-1.517324287910983753e-04,-1.704646028809133230e-04,-1.904854635434942824e-04,-2.116836711532038670e-04,-2.339069813177201780e-04,-2.569616517356395182e-04,-2.806132918857867859e-04,-3.045892518498569622e-04,-3.285825786263745223e-04,-3.522574973796244375e-04,-3.752563005995522213e-04,-3.972074582490373561e-04,-4.177346968360050317e-04,-4.364667425488638055e-04,-4.530473830929252084e-04,-4.671454779747477538e-04,-4.784645411277945425e-04,-4.867515298312465868e-04,-4.918045023395517740e-04,-4.934788506237004855e-04,-4.916918718352222264e-04,-4.864255106720415654e-04,-4.777271773789597211e-04,-4.657086275720442523e-04,-4.505429608748759873e-04,-4.324598753595377317e-04,-4.117393708424175883e-04,-3.887041550117872305e-04,-3.637110420354116788e-04,-3.371416638961137599e-04,-3.093928250818552364e-04,-2.808668282366886550e-04,-2.519620885359784594e-04,-2.230643165432309488e-04,-1.945385236603128253e-04,-1.667220495620687576e-04,-1.399187713803923391e-04,-1.143945822715796557e-04,-9.037420139709747083e-05,-6.803930849563733733e-05,-4.752795132043251204e-05,-2.893513659628637881e-05,-1.231449859190675732e-05,nan,nan,nan,nan,nan,nan,nan,nan,nan,nan,nan,nan
nan,-3.385554445833631803e-13,-1.080311638174723233e-11,-8.173144934079902114e-11,-3.431117119050772227e-10,-1.043854346291266251e-09,-2.593010242125312947e-09,-5.606098058545920241e-09,-1.096013457021856652e-08,-1.986070069680060156e-08,-3.392347382578930203e-08,-5.527124911021533388e-08,-8.664577247558982308e-08,-1.315320470657357666e-07,-1.942914215989458323e-07,-2.802991150149016466e-07,-3.960820281244306041e-07,-5.494540063545521229e-07,-7.496480005257272416e-07,-1.007447814846486713e-06,-1.335325787839564655e-06,-1.747596544000217438e-06,-2.260599986823268335e-06,-2.892928577410889837e-06,-3.665713689356358521e-06,-4.602983200255928314e-06,-5.732096770081607885e-06,-7.084256711441896529e-06,-8.695080855602478959e-06,-1.060521028230194135e-05,-1.286090978573392377e-05,-1.551460410161969780e-05,-1.862527926478864057e-05,-2.225866803575190882e-05,-2.648713217315182026e-05,-3.138915437903930391e-05,-3.704835942531255996e-05,-4.355199863102588505e-05,-5.098885367997445554e-05,-5.944654520403020354e-05,-6.900826625135637145e-05,-7.974900019462336843e-05,-9.173132308385244336e-05,-1.050009308324159521e-04,-1.195820674302101866e-04,-1.354730601938811520e-04,-1.526421886810589020e-04,-1.710241226510090130e-04,-1.905171613599549309e-04,-2.109814885958019245e-04,-2.322386278706246410e-04,-2.540722381989160387e-04,-2.762303381319880968e-04,-2.984289827250103592e-04,-3.203573525975776637e-04,-3.416841454532290817e-04,-3.620650960203197983e-04,-3.811513903507817921e-04,-3.985986919442632338e-04,-4.140764600329799013e-04,-4.272772176024164413e-04,-4.379254216976852135e-04,-4.457855980307667007e-04,-4.506694284321957579e-04,-4.524415204626847098e-04,-4.510236414229449177e-04,-4.463972624115430314e-04,-4.386043249111718509e-04,-4.277462178294839500e-04,-4.139810177092640201e-04,-3.975191192080821398e-04,-3.786174338421355941e-04,-3.575723917443851519e-04,-3.347120134669428690e-04,-3.103873473459422324e-04,-2.849635772330595847e-04,-2.588111024747998174e-04,-2.322968834000630617e-04,-2.057763095667516982e-04,-1.795858254522036425e-04,-1.540364969089192857e-04,-1.294086662194863895e-04,-1.059477753316117460e-04,-8.386141571115359979e-05,-6.331759820941902954e-05,-4.444419505306618397e-05,-2.732947167193773585e-05,-1.202361236353390056e-05,nan,nan,nan,nan,nan,nan,nan,nan,nan,nan,nan,nan
nan,-2.369166567506915085e-13,-7.561336375056220107e-12,-5.723555640672511537e-11,-2.405191962870799477e-10,-7.329298118644184194e-10,-1.824968486556104503e-09,-3.958180083009681376e-09,-7.769733540758122469e-09,-1.414844017912953507e-08,-2.430432592530436494e-08,-3.985265755466559522e-08,-6.291188264610116453e-08,-9.621356188072724243e-08,-1.432212864960101997e-07,-2.082551116936432611e-07,-2.966183288412409772e-07,-4.147246580435812809e-07,-5.702260324218012820e-07,-7.721440343966840048e-07,-1.031011245084098495e-06,-1.359032013958293276e-06,-1.770274657066678528e-06,-2.280908481947971961e-06,-2.909498469966628181e-06,-3.677367702587627077e-06,-4.609032096419393758e-06,-5.732703948603720724e-06,-7.080850110974884010e-06,-8.690778163433632970e-06,-1.060521028228783317e-05,-1.287279107278202617e-05,-1.554846340443561729e-05,-1.869363710290362508e-05,-2.237607014428210015e-05,-2.666938252398699181e-05,-3.165212958150642850e-05,-3.740637546177764283e-05,-4.401572780012430323e-05,-5.156282202097601933e-05,-6.012627566210626686e-05,-6.977716939010310607e-05,-8.057514842965259549e-05,-9.256427501949192457e-05,-1.057687950836974015e-04,-1.201890093088843356e-04,-1.357974573420856444e-04,-1.525356314032112119e-04,-1.703114323645847845e-04,-1.889975645221134560e-04,-2.084310374657952474e-04,-2.284139028016483907e-04,-2.487153049627040626e-04,-2.690748674202169321e-04,-2.892073755867178523e-04,-3.088086546610918724e-04,-3.275624818149692075e-04,-3.451483172436845925e-04,-3.612495944723730307e-04,-3.755622765309433466e-04,-3.878033639491857711e-04,-3.977190362666724907e-04,-4.050921175582570914e-04,-4.097485809837616774e-04,-4.115628448421038013e-04,-4.104616611536746540e-04,-4.064264559553983167e-04,-3.994940415209997128e-04,-3.897556900592936534e-04,-3.773546171767783175e-04,-3.624819920660752866e-04,-3.453716371059756935e-04,-3.262936320786753849e-04,-3.055470671074257704e-04,-2.834522147717055294e-04,-2.603424000683717096e-04,-2.365558440827074849e-04,-2.124277498348271548e-04,-1.882828648354004347e-04,-1.644287353786671590e-04,-1.411498196823731375e-04,-1.187025956240601946e-04,-9.731173457940403614e-05,-7.716739610060682438e-05,-5.842363705801152001e-05,-4.119789122535122785e-05,-2.557144413496703367e-05,-1.159081709693367703e-05,nan,nan,nan,nan,nan,nan,nan,nan,nan,nan,nan,nan
nan,-1.627738746790494163e-13,-5.196270563802761757e-12,-3.935860797184636956e-11,-1.656009853060904005e-10,-5.056455274961577330e-10,-1.262693546339289249e-09,-2.749293531272415471e-09,-5.423127726485990023e-09,-9.933222206667514174e-09,-1.717839281649151262e-08,-2.837871481573546072e-08,-4.515961265486335729e-08,-6.964704883457771519e-08,-1.045714511864990909e-07,-1.533777287950771685e-07,-2.203390976538142828e-07,-3.106736344749233951e-07,-4.306643759062024947e-07,-5.877863330933694842e-07,-7.908465650907161148e-07,-1.050146198403579213e-06,-1.377675301161661783e-06,-1.787352488333357069e-06,-2.295320314868500643e-06,-2.920304717843417257e-06,-3.684041487308259476e-06,-4.611765205528317669e-06,-5.732746251590705886e-06,-7.080850110981559477e-06,-8.695080855597032537e-06,-1.062005861115494612e-05,-1.290636995853221481e-05,-1.561072219375267075e-05,-1.879582802029113549e-05,-2.252994814452715879e-05,-2.688602567463338193e-05,-3.194035925871618946e-05,-3.777078079839282521e-05,-4.445432867102924729e-05,-5.206443668915357591e-05,-6.066769207005782402e-05,-7.032024935008905641e-05,-8.106402059937040322e-05,-9.292279168682983782e-05,-1.058984386033275072e-04,-1.199674343669543500e-04,-1.350778435347193369e-04,-1.511469980574223855e-04,-1.680600325428061915e-04,-1.856694314380722939e-04,-2.037957034048097638e-04,-2.222292539526392482e-04,-2.407334745889290559e-04,-2.590490122442980973e-04,-2.768991254559080789e-04,-2.939959804792846966e-04,-3.100476907490618797e-04,-3.247658632695866457e-04,-3.378733850455277249e-04,-3.491121640457229701e-04,-3.582505356435009155e-04,-3.650900535730586304e-04,-3.694714068777210907e-04,-3.712792384562521066e-04,-3.704456849462091340e-04,-3.669525105688582756e-04,-3.608317627830900432e-04,-3.521649408140046351e-04,-3.410807208335849407e-04,-3.277513445158646076e-04,-3.123878183012683421e-04,-2.952341189754436050e-04,-2.765606267345633576e-04,-2.566570311295630989e-04,-2.358249624484120210e-04,-2.143705984273557605e-04,-1.925974899871121630e-04,-1.707998178926234086e-04,-1.492562757271499697e-04,-1.282247301430020461e-04,-1.079377820523028472e-04,-8.859929227053013492e-05,-7.038192258729658710e-05,-5.342568612102307899e-05,-3.783746679953276106e-05,-2.369143986486727497e-05,-1.103031705675247116e-05,nan,nan,nan,nan,nan,nan,nan,nan,nan,nan,nan,nan
nan,-1.096767411267456561e-13,-3.502273641273735541e-12,-2.654892127705025748e-11,-1.118765993646328337e-10,-3.424514131454196947e-10,-8.582200513120999181e-10,-1.877482238293030154e-09,-3.725331988512133245e-09,-6.871277801399983332e-09,-1.197756965041093580e-08,-1.995891810391789361e-08,-3.205332961852073446e-08,-4.990290419726857631e-08,-7.564282075536506306e-08,-1.119965952818571154e-07,-1.623761270381387785e-07,-2.309861761956200136e-07,-3.229346275481365101e-07,-4.443521309919818599e-07,-6.025270882885113408e-07,-8.060642453222257321e-07,-1.065076746762122878e-06,-1.391422121198779170e-06,-1.798991657332889421e-06,-2.304059846375255419e-06,-2.925695574351407750e-06,-3.686229767340563622e-06,-4.611765205508405619e-06,-5.732703948587484797e-06,-7.084256711412280869e-06,-8.706887805011164039e-06,-1.064663967561709472e-05,-1.295527412735968590e-05,-1.569016372243472573e-05,-1.891386802069551306e-05,-2.269333547444270748e-05,-2.709868388244139652e-05,-3.220152963472766870e-05,-3.807285882846855776e-05,-4.478045988603496263e-05,-5.238596715277736007e-05,-6.094159525432504316e-05,-7.048667400690221342e-05,-8.104411996618965689e-05,-9.261700230814156351e-05,-1.051853753422308239e-04,-1.187035554777544970e-04,-1.330980172200293900e-04,-1.482660683330781076e-04,-1.640754410689121239e-04,-1.803649025751278331e-04,-1.969459476975019550e-04,-2.136055896853122568e-04,-2.301102152861133222e-04,-2.462104191411708973e-04,-2.616466845418381803e-04,-2.761557328988950436e-04,-2.894773286395953618e-04,-3.013612989985964340e-04,-3.115745115274756597e-04,-3.199075492403585146e-04,-3.261808306653249064e-04,-3.302499424173473011e-04,-3.320099827035824340e-04,-3.313987539219887500e-04,-3.283986901693131751e-04,-3.230374549642925082e-04,-3.153872016478559458e-04,-3.055625357215678551e-04,-2.937172756488019951e-04,-2.800401442654459525e-04,-2.647495670039361486e-04,-2.480877754614483894e-04,-2.303144369544653583e-04,-2.117000368647740873e-04,-1.925192380643785854e-04,-1.730444366791324888e-04,-1.535397038175419617e-04,-1.342552892796411565e-04,-1.154228223251927831e-04,-9.725132122432637535e-05,-7.992406729352245505e-05,-6.359639060785624628e-05,-4.839436148487710429e-05,-3.441435138743174487e-05,-2.172340209144543461e-05,-1.036033627803660647e-05,-3.374849095066222062e-07,nan,nan,nan,nan,nan,nan,nan,nan,nan,nan,nan
nan,-7.238415935774009544e-14,-2.312283399261879701e-12,-1.754587105871432154e-11,-7.408043328178424770e-11,-2.274584737406486278e-10,-5.725510848871785898e-10,-1.259812546849382372e-09,-2.517636787571242598e-09,-4.682560286104731490e-09,-8.238579460264660545e-09,-1.386617456788610002e-08,-2.250087675748623968e-08,-3.540054793991771172e-08,-5.422011013534681937e-08,-8.109244301865535943e-08,-1.187146373486409263e-07,-1.704398432887265284e-07,-2.403764809962657815e-07,-3.334985219370107131e-07,-4.557725685225554922e-07,-6.143093456332335788e-07,-8.175484498544490355e-07,-1.075485522027097338e-06,-1.399949876045732804e-06,-1.804937900140981560e-06,-2.307002889303123759e-06,-2.925695574362830836e-06,-3.684041487303398778e-06,-4.609032096419280256e-06,-5.732096770071146181e-06,-7.089513168167537152e-06,-8.722705284955980487e-06,-1.067837240439342008e-05,-1.300838930071981239e-05,-1.576941936393271731e-05,-1.902218812652784646e-05,-2.283037574667656406e-05,-2.725910271813851736e-05,-3.237300366844622634e-05,-3.823390793205190655e-05,-4.489817228358310023e-05,-5.241373823419260230e-05,-6.081701299734224052e-05,-7.012969652982800183e-05,-8.035569612780425741e-05,-9.147828286586318634e-05,-1.034576488062596491e-04,-1.162290207817385818e-04,-1.297014733955422459e-04,-1.437575629788919113e-04,-1.582538738892160814e-04,-1.730225328937213354e-04,-1.878737046905455763e-04,-2.025990379614943566e-04,-2.169759853470105027e-04,-2.307728782004830025e-04,-2.437545971727085516e-04,-2.556886481060919149e-04,-2.663514285758690871e-04,-2.755344556631282907e-04,-2.830503232155865876e-04,-2.887381634419038633e-04,-2.924684059539527374e-04,-2.941466548829528918e-04,-2.937165401477783572e-04,-2.911614414888031568e-04,-2.865050277803564611e-04,-2.798106053608291383e-04,-2.711793101878150225e-04,-2.607472303208233154e-04,-2.486815760480907381e-04,-2.351760548994397842e-04,-2.204456280032846775e-04,-2.047208442944537183e-04,-1.882419542895088127e-04,-1.712530027899086121e-04,-1.539960959601673236e-04,-1.367060107638336469e-04,-1.196053038855462341e-04,-1.029000397878298851e-04,-8.677623797041984256e-05,-7.139708760304656942e-05,-5.690097296117339442e-05,-4.340030400322958360e-05,-3.098111944293506905e-05,-1.970340790682609830e-05,-9.602089473765692556e-06,-6.885443211141582312e-07,nan,nan,nan,nan,nan,nan,nan,nan,nan,nan,nan
nan,-4.672719171303658043e-14,-1.493383755927436913e-12,-1.134637460185796325e-11,-4.802176360495623642e-11,-1.480172551508188540e-10,-3.746259894651213395e-10,-8.301854083447824664e-10,-1.673439618148911574e-09,-3.143431172416187343e-09,-5.590958330704732757e-09,-9.518105282365123187e-09,-1.562577615833460009e-08,-2.486867655709534139e-08,-3.851690898374392980e-08,-5.822342592670656476e-08,-8.609707213347560047e-08,-1.247819153908307639e-07,-1.775449168981974222e-07,-2.483756614729263816e-07,-3.421035635805413277e-07,-4.645394979798888254e-07,-6.226497279348179027e-07,-8.247700950630987336e-07,-1.080867235637712834e-06,-1.402850992028052928e-06,-1.804937900141025818e-06,-2.304059846385417696e-06,-2.920304717839232067e-06,-3.677367702587590655e-06,-4.602983200246682102e-06,-5.729299036210718750e-06,-7.093147420047882319e-06,-8.736162018384198441e-06,-1.070468815546462012e-05,-1.304943459857198386e-05,-1.582482075969071736e-05,-1.908798317469912679e-05,-2.289741921288434068e-05,-2.731126432744255991e-05,-3.238522031203032670e-05,-3.817017566710883864e-05,-4.470958302450131212e-05,-5.203668210241997827e-05,-6.017167710716296521e-05,-6.911899417349946317e-05,-7.886475556533590584e-05,-8.937461121321868410e-05,-1.005920652243056811e-04,-1.124374231433571938e-04,-1.248074671509117033e-04,-1.375759393924458535e-04,-1.505948821381735585e-04,-1.636968456518572820e-04,-1.766979361732768045e-04,-1.894016357940843029e-04,-2.016032885885857685e-04,-2.130951122645890420e-04,-2.236715669169716939e-04,-2.331348912856328844e-04,-2.413006039551404669e-04,-2.480027651188377409e-04,-2.530988003552552099e-04,-2.564737040984850914e-04,-2.580434648062873812e-04,-2.577575851224209527e-04,-2.556006079160206158e-04,-2.515925975990596737e-04,-2.457885716182115713e-04,-2.382769126015561669e-04,-2.291768379413495430e-04,-2.186350298355793837e-04,-2.068215647298181836e-04,-1.939252973686575953e-04,-1.801488727181854623e-04,-1.657035433379710869e-04,-1.508039675930982816e-04,-1.356631612302753383e-04,-1.204877495282815768e-04,-1.054736589625636042e-04,-9.080235322650909331e-05,-7.663770243468927723e-05,-6.312352651115361684e-05,-5.038185249262082475e-05,-3.851188033231220609e-05,-2.758962812679540528e-05,-1.766820882458802755e-05,-8.778689382497615058e-06,-9.314301323459492451e-07,nan,nan,nan,nan,nan,nan,nan,nan,nan,nan,nan
nan,-2.945863062529403162e-14,-9.420562259207416550e-13,-7.169113392222587648e-12,-3.043554909371168876e-11,-9.426824157136010632e-11,-2.402196628279894892e-10,-5.370036481332967883e-10,-1.093801288732175565e-09,-2.078864926442044138e-09,-3.744253521478815027e-09,-6.457130713468466404e-09,-1.073763086756182912e-08,-1.730295991601953538e-08,-2.711724467793264847e-08,-4.144679092035383281e-08,-6.192089886513360753e-08,-9.059926384025625086e-08,-1.300481728125966006e-07,-1.834291286380508696e-07,-2.546049426106298605e-07,-3.482695646833475238e-07,-4.701085913551099238e-07,-6.269973116406688042e-07,-8.272419378392485821e-07,-1.080867235637124146e-06,-1.399949876045089270e-06,-1.798991657341057995e-06,-2.295320314863990616e-06,-2.909498469965553296e-06,-3.665713689346986949e-06,-4.592115475019720580e-06,-5.721058785337648559e-06,-7.089209418194113584e-06,-8.737464715634075100e-06,-1.071064451955592786e-05,-1.305691221191627092e-05,-1.582689463751953693e-05,-1.907248219223882488e-05,-2.284530654026327822e-05,-2.719491199713754256e-05,-3.216665731766925844e-05,-3.779940544432723593e-05,-4.412307927718787991e-05,-5.115617927624213591e-05,-5.890337313712123274e-05,-6.735327735947087063e-05,-7.647655369186291186e-05,-8.622444072706590581e-05,-9.652783036408920758e-05,-1.072969825136913473e-04,-1.184219476845911444e-04,-1.297737395742192684e-04,-1.412062666353550470e-04,-1.525589980642460077e-04,-1.636603041581490405e-04,-1.743313784325930236e-04,-1.843906182638425624e-04,-1.936583168147746454e-04,-2.019615006125445415e-04,-2.091387358574233238e-04,-2.150447251790553785e-04,-2.195545216291837007e-04,-2.225672009688699758e-04,-2.240088545738722656e-04,-2.238347926007116921e-04,-2.220308799195794334e-04,-2.186139607239700935e-04,-2.136313677507358844e-04,-2.071595424490411431e-04,-1.993018335706318801e-04,-1.901855636060194353e-04,-1.799584845666013901e-04,-1.687847581239691492e-04,-1.568406112576792343e-04,-1.443098220541289955e-04,-1.313791882834403155e-04,-1.182341294805710065e-04,-1.050545500536742539e-04,-9.201108505451887211e-05,-7.926181942373479732e-05,-6.694955882015178605e-05,-5.519968630931342804e-05,-4.411864103935401831e-05,-3.379301374112463204e-05,-2.428923337250715487e-05,-1.565380309603938466e-05,-7.914044669610005277e-06,-1.079259618884637433e-06,nan,nan,nan,nan,nan,nan,nan,nan,nan,nan,nan
nan,-1.810550495851362153e-14,-5.794449744244727785e-13,-4.418797248610599650e-12,-1.883327650951997229e-11,-5.869258193578155915e-11,-1.508426949554701060e-10,-3.408412498341207869e-10,-7.030067653376301015e-10,-1.354663458696484186e-09,-2.475241193179613983e-09,-4.330593708611132544e-09,-7.302595490905784650e-09,-1.192385787695522208e-08,-1.891734665022729806e-08,-2.924087547655142010e-08,-4.413692278057131608e-08,-6.518900671716196228e-08,-9.438687651583967369e-08,-1.342039757078964472e-07,-1.876917899890601361e-07,-2.585966637371168346e-07,-3.515051365703893268e-07,-4.720236526717342116e-07,-6.269973116411046026e-07,-8.247700950630725814e-07,-1.075485522027060915e-06,-1.391422121206500722e-06,-1.787352488330076510e-06,-2.280908481947569197e-06,-2.892928577403153462e-06,-3.647757279840851484e-06,-4.573461219057729908e-06,-5.701922990989604852e-06,-7.068772344801817938e-06,-8.713115753286719307e-06,-1.067702980702769865e-05,-1.300479177848510171e-05,-1.574183162372340069e-05,-1.893340377927081857e-05,-2.262299322456060881e-05,-2.685048820143836381e-05,-3.165016994535304115e-05,-3.704858745720201248e-05,-4.306240058213043649e-05,-4.969628701227147281e-05,-5.694101698938567664e-05,-6.477180204695858596e-05,-7.314702168599655470e-05,-8.200742259400291192e-05,-9.127587083859258507e-05,-1.008577168285325945e-04,-1.106418090925271073e-04,-1.205021641902127692e-04,-1.303002712047963551e-04,-1.398879785955113716e-04,-1.491108831909234583e-04,-1.578121146731493259e-04,-1.658363883270574024e-04,-1.730341830388100444e-04,-1.792658917922407063e-04,-1.844057909390299900e-04,-1.883456788651941211e-04,-1.909980470748437009e-04,-1.922986650879978938e-04,-1.922084841215032755e-04,-1.907147929362105381e-04,-1.878315878398662594e-04,-1.835991536981927924e-04,-1.780828783860878583e-04,-1.713713593516045944e-04,-1.635738789511464314e-04,-1.548173536423998338e-04,-1.452428730923760285e-04,-1.350019595852381912e-04,-1.242526808536221681e-04,-1.131557476143063828e-04,-1.018707260624974499e-04,-9.055247442722123277e-05,-7.934790895869139340e-05,-6.839317703561019154e-05,-5.781130540906964936e-05,-4.771035163348684319e-05,-3.818209134107880597e-05,-2.930123645193184902e-05,-2.112516183772192971e-05,-1.369410436772259720e-05,-7.031800903283283976e-06,-1.146483693774854923e-06,nan,nan,nan,nan,nan,nan,nan,nan,nan,nan,nan
nan,-1.082668823279919516e-14,-3.468466977374037371e-13,-2.652171894245364541e-12,-1.136115070774552085e-11,-3.568497165832997262e-11,-9.269590255077265325e-11,-2.122282836039653792e-10,-4.443471279834247145e-10,-8.700602619567381448e-10,-1.615787613499893985e-09,-2.871890255278805872e-09,-4.915356721204842888e-09,-8.136615702842272248e-09,-1.307045434931370874e-08,-2.043123833841626046e-08,-3.115307513712547084e-08,-4.643625597874598649e-08,-6.780218695483588955e-08,-9.716001700241321005e-08,-1.368891101787695372e-07,-1.899422662179042614e-07,-2.599749024337479554e-07,-3.515051365705103466e-07,-4.701085913556293138e-07,-6.226497279349786272e-07,-8.175484498546632289e-07,-1.065076746769204497e-06,-1.377675301159385170e-06,-1.770274657066929885e-06,-2.260599986817309458e-06,-2.869433316548417144e-06,-3.620802642706074143e-06,-4.542064438944328294e-06,-5.663844921587293354e-06,-7.019806803296411888e-06,-8.646212152776061268e-06,-1.058125885241861982e-05,-1.286417757196428821e-05,-1.553408828776388695e-05,-1.862862917844446741e-05,-2.218238604967478383e-05,-2.622516574999348348e-05,-3.078017209163282780e-05,-3.586215571301885755e-05,-4.147561976664209218e-05,-4.761317019044773290e-05,-5.425410136715039738e-05,-6.136330581562075360e-05,-6.889058849780948395e-05,-7.677045418881203341e-05,-8.492241863297864926e-05,-9.325187398871419698e-05,-1.016515144515111962e-04,-1.100033034111941560e-04,-1.181809373128686884e-04,-1.260527376176183304e-04,-1.334848797124608478e-04,-1.403448502063485035e-04,-1.465050106522741550e-04,-1.518461374238320484e-04,-1.562608068345908087e-04,-1.596564982469287318e-04,-1.619582985597723063e-04,-1.631111071455513466e-04,-1.630812603937186107e-04,-1.618575192946473821e-04,-1.594513876642696787e-04,-1.558967586646752847e-04,-1.512489084231961899e-04,-1.455828872114903129e-04,-1.389913730193143688e-04,-1.315820773614441701e-04,-1.234748018214318864e-04,-1.147982564623025066e-04,-1.056867532985377692e-04,-9.627688635165576516e-05,-8.670430955901682266e-05,-7.710070462958241479e-05,-6.759102912157021045e-05,-5.829111031286832493e-05,-4.930564349012807497e-05,-4.072661703560669403e-05,-3.263219365371869353e-05,-2.508604308870404241e-05,-1.813710682774471544e-05,-1.181976402530361149e-05,-6.154372018545880368e-06,-1.148109376308110129e-06,nan,nan,nan,nan,nan,nan,nan,nan,nan,nan,nan
nan,-6.284707539488686362e-15,-2.016063943808020832e-13,-1.547052771155496696e-12,-6.670880512873643540e-12,-2.116445972241115360e-11,-5.571774432207782788e-11,-1.296328476963320566e-10,-2.762773179393606988e-10,-5.509849318741513172e-10,-1.041797339970718634e-09,-1.883295868562003898e-09,-3.273642555704733673e-09,-5.494888334367797399e-09,-8.936662229048062600e-09,-1.412358011108526388e-08,-2.174711921316672786e-08,-3.270330697432213037e-08,-4.813831066932323483e-08,-6.950483524867505247e-08,-9.863299045929630731e-08,-1.378198688692365629e-07,-1.899422662178178376e-07,-2.585966637371311283e-07,-3.482695646836759079e-07,-4.645394979798845373e-07,-6.143093456332530606e-07,-8.060642453281923381e-07,-1.050146198401536170e-06,-1.359032013958265324e-06,-1.747596543994782028e-06,-2.233338842512255398e-06,-2.836545210468412780e-06,-3.580360699451054687e-06,-4.490739786960148435e-06,-5.596248187130683084e-06,-6.927691136441339531e-06,-8.517549382564629584e-06,-1.039921212413422660e-05,-1.260600641757719448e-05,-1.517003422765489219e-05,-1.812084122491343423e-05,-2.148395430750623178e-05,-2.527933747919536948e-05,-2.951982653274491883e-05,-3.420961171330193744e-05,-3.934284326110616941e-05,-4.490243633923165118e-05,-5.085914998466791668e-05,-5.717100781733298832e-05,-6.378311800462899963e-05,-7.062793495350304547e-05,-7.762598822429726429e-05,-8.468708334370561868e-05,-9.171195863046582375e-05,-9.859436007300827328e-05,-1.052234763842206915e-04,-1.114866573635000288e-04,-1.172723241615851323e-04,-1.224729688216349391e-04,-1.269881334494639066e-04,-1.307272590037051718e-04,-1.336122967146717881e-04,-1.355799841592686037e-04,-1.365837012220265877e-04,-1.365948380617619420e-04,-1.356036276835900366e-04,-1.336194158308972452e-04,-1.306703665430612510e-04,-1.268026188615752363e-04,-1.220789375846815703e-04,-1.165769121069279261e-04,-1.103867792029654665e-04,-1.036089522221400475e-04,-9.635135020703828159e-05,-8.872662191870784795e-05,-8.084935824553498738e-05,-7.283338688803274496e-05,-6.478922592264370383e-05,-5.682177268598556544e-05,-4.902828251630186223e-05,-4.149668734785227041e-05,-3.430427145472896369e-05,-2.751673055054797905e-05,-2.118760985909490463e-05,-1.535810438837831350e-05,-1.005719548872770101e-05,-5.302103147668553051e-06,-1.098990802894474489e-06,nan,nan,nan,nan,nan,nan,nan,nan,nan,nan,nan
nan,-3.532196689601422398e-15,-1.135104076458854795e-13,-8.751325779640207795e-13,-3.806236557669998074e-12,-1.223280119945202276e-11,-3.274819513217843588e-11,-7.768993953130125045e-11,-1.690445174535395451e-10,-3.441537914087534900e-10,-6.635191098209503102e-10,-1.220905947182707647e-09,-2.155876842346245064e-09,-3.668866074530024884e-09,-6.038992667314545890e-09,-9.645027326159335517e-09,-1.499029259084262211e-08,-2.273278940252761730e-08,-3.372245676806991102e-08,-4.904813827492345686e-08,-7.009742594508778619e-08,-9.863299046079429831e-08,-1.368891101805121222e-07,-1.876917899912814270e-07,-2.546049426135412186e-07,-3.421035635836698439e-07,-4.557725685262932898e-07,-6.025270882980745545e-07,-7.908465650942906997e-07,-1.031011245090139746e-06,-1.335325787841962817e-06,-1.718311152421790997e-06,-2.196842916820390068e-06,-2.790212265705896830e-06,-3.520085238038443438e-06,-4.410336944585002580e-06,-5.486740344590268613e-06,-6.776494136122614109e-06,-8.307581033662906622e-06,-1.010795628444808028e-05,-1.220457598299618223e-05,-1.462228549401288746e-05,-1.738259896540540837e-05,-2.050241140504531305e-05,-2.399269372279038735e-05,-2.785722832748356923e-05,-3.209144757639444600e-05,-3.668143861171454471e-05,-4.160317654093471110e-05,-4.682204208895803763e-05,-5.229267135006147383e-05,-5.795917270529152017e-05,-6.375573193382312273e-05,-6.960760917619870144e-05,-7.543251442976227589e-05,-8.114232990066467806e-05,-8.664513109990433742e-05,-9.184744277961645565e-05,-9.665665385368639494e-05,-1.009835061750838001e-04,-1.047445661785722181e-04,-1.078645882623488765e-04,-1.102786812156838548e-04,-1.119341965376337723e-04,-1.127922684487200813e-04,-1.128289493949708269e-04,-1.120359018890062066e-04,-1.104206240041003613e-04,-1.080062074504310288e-04,-1.048306407285108134e-04,-1.009456933903672758e-04,-9.641542572678393546e-05,-9.131438709823232061e-05,-8.572557093095581554e-05,-7.973820399359273035e-05,-7.344544852561118217e-05,-6.694209444280330634e-05,-6.032231981921914532e-05,-5.367758234295732481e-05,-4.709470567705237635e-05,-4.065420535825006580e-05,-3.442889639819818521e-05,-2.848279541041468736e-05,-2.287034052942356409e-05,-1.763592500513655014e-05,-1.281373019473458665e-05,-8.427836397125975623e-06,-4.492596324324574331e-06,-1.013216141297370286e-06,nan,nan,nan,nan,nan,nan,nan,nan,nan,nan,nan
nan,-1.916359062207916376e-15,-6.173175529746637002e-14,-4.789375185951362377e-13,-2.106902827036391293e-12,-6.884882466390737160e-12,-1.882006596960277524e-11,-4.570034244199088524e-11,-1.018307089868854143e-10,-2.120621014201337252e-10,-4.173315860376851267e-10,-7.818766995714359414e-10,-1.402250407195304917e-09,-2.418279040160430761e-09,-4.026201270848284559e-09,-6.494429766261394565e-09,-1.018269348547923726e-08,-1.556574916435179919e-08,-2.326335271465726610e-08,-3.407871572236886363e-08,-4.904813827346716900e-08,-6.950483524812212524e-08,-9.716001700167915012e-08,-1.342039757071324764e-07,-1.834291286373134744e-07,-2.483756614717310593e-07,-3.334985219355968033e-07,-4.443521309947244467e-07,-5.877863330901373124e-07,-7.721440343942789606e-07,-1.007447814839702403e-06,-1.305559910159643572e-06,-1.680297537897751047e-06,-2.147484017095017320e-06,-2.724915657492002363e-06,-3.432225368618931265e-06,-4.290626349498542229e-06,-5.322523336332962956e-06,-6.550984422856536731e-06,-7.999073520669476071e-06,-9.689051481652448920e-06,-1.164146270871501279e-05,-1.387413278952142343e-05,-1.640111125726942344e-05,-1.923160083849033265e-05,-2.236892038210229179e-05,-2.580955248326318911e-05,-2.954232774713711092e-05,-3.354779633693683147e-05,-3.779783260273907047e-05,-4.225551165074097537e-05,-4.687528636363614686e-05,-5.160348197087804396e-05,-5.637911098013101982e-05,-6.113499749399575593e-05,-6.579918489430373646e-05,-7.029658752598602514e-05,-7.455083407075093838e-05,-7.848624063234730720e-05,-8.202984400838109853e-05,-8.511342078365612476e-05,-8.767541792533946679e-05,-8.966272247070149236e-05,-9.103220410696131809e-05,-9.175197339483342866e-05,-9.180230980832980101e-05,-9.117622774539952063e-05,-8.987966190904906694e-05,-8.793127147059380273e-05,-8.536187286742460490e-05,-8.221353111138190485e-05,-7.853834531445933126e-05,-7.439698037909969015e-05,-6.985700005618795646e-05,-6.499106484542533637e-05,-5.987505873501997250e-05,-5.458620758317712408e-05,-4.920125336733819667e-05,-4.379473470526794548e-05,-3.843742642014544861e-05,-3.319497402779313512e-05,-2.812675829664098215e-05,-2.328499884605197403e-05,-1.871411731573678009e-05,-1.445035626146620207e-05,-1.052164173663400668e-05,-6.947671882163925286e-06,-3.740220916291543504e-06,-9.036108968320476082e-07,nan,nan,nan,nan,nan,nan,nan,nan,nan,nan,nan
nan,-1.000151998841794346e-15,-3.232358561503487428e-14,-2.529342879190300536e-13,-1.129656595484338955e-12,-3.771341145670656046e-12,-1.057805265091821174e-11,-2.640001758268698160e-11,-6.041001372015096579e-11,-1.288781118573455891e-10,-2.590076934552523939e-10,-4.939614144366181566e-10,-8.991951121810599905e-10,-1.570250800040574116e-09,-2.642257240324125390e-09,-4.301568319506044575e-09,-6.800237718125132129e-09,-1.047438220277331269e-08,-1.576789003992800551e-08,-2.326335271482125631e-08,-3.372245676708773661e-08,-4.813831066911479855e-08,-6.780218695452341380e-08,-9.438687651558224184e-08,-1.300481728124000360e-07,-1.775449168976683442e-07,-2.403764809956248423e-07,-3.229346275511408830e-07,-4.306643759043555923e-07,-5.702260324206120477e-07,-7.496480005209656459e-07,-9.784576797698285802e-07,-1.267775839930671609e-06,-1.630358664854185578e-06,-2.080571317957683046e-06,-2.634277708760545323e-06,-3.308633118259238704e-06,-4.121769692741549218e-06,-5.092369298403008065e-06,-6.239123928642732506e-06,-7.580090262492367653e-06,-9.131952062793674893e-06,-1.090921108893649495e-05,-1.292333408506938076e-05,-1.518188920330979232e-05,-1.768770988039228417e-05,-2.043812723966487285e-05,-2.342431277287276462e-05,-2.663077201242338408e-05,-3.003502593686446537e-05,-3.360751129707253006e-05,-3.731172265929797165e-05,-4.110460985414438929e-05,-4.493723294915793586e-05,-4.875566586829590252e-05,-5.250212764881044655e-05,-5.611630967286795847e-05,-5.953685676643631435e-05,-6.270295237757188994e-05,-6.555595200239880665e-05,-6.804100508141621220e-05,-7.010860577239691211e-05,-7.171601445823841490e-05,-7.282849688240364532e-05,-7.342033499550755559e-05,-7.347557275803320506e-05,-7.298847143574207445e-05,-7.196365935989082604e-05,-7.041597595245746273e-05,-6.837001757457433467e-05,-6.585940963963680776e-05,-6.292583319188513975e-05,-5.961784799894724813e-05,-5.598955616554075450e-05,-5.209915735510692140e-05,-4.800744687248305808e-05,-4.377630680842375509e-05,-3.946724221225178129e-05,-3.514000200554632885e-05,-3.085132759698781943e-05,-2.665385746352907145e-05,-2.259521665084018144e-05,-1.871729690806438185e-05,-1.505574546799486686e-05,-1.163965890369150438e-05,-8.491472007367714502e-06,-5.627027408802014817e-06,-3.055819190896747828e-06,-7.813696029512861862e-07,nan,nan,nan,nan,nan,nan,nan,nan,nan,nan,nan
nan,-5.001253886235597426e-16,-1.623693665673125833e-14,-1.285537389524695599e-13,-5.858775975408056215e-13,-2.010337664383123878e-12,-5.817997491740691066e-12,-1.498392290273315569e-11,-3.528983880339213110e-11,-7.718388362249237669e-11,-1.583656088092122748e-10,-3.071962275544948459e-10,-5.670390109835503940e-10,-1.001675524078687494e-09,-1.702034863935836924e-09,-2.794629455737740517e-09,-4.452312694848511398e-09,-6.908258505901489706e-09,-1.047438220286815225e-08,-1.556574916459988720e-08,-2.273278940187709268e-08,-3.270330697432694125e-08,-4.643625597869993569e-08,-6.518900671723009549e-08,-9.059926384039732155e-08,-1.247819153907266582e-07,-1.704398432885754653e-07,-2.309861761986232219e-07,-3.106736344740046820e-07,-4.147246580431102247e-07,-5.494540063511234394e-07,-7.223737097533580751e-07,-9.422687508082331190e-07,-1.219230938602887037e-06,-1.564638195059222827e-06,-1.991067157384260796e-06,-2.512128590521209657e-06,-3.142217779666467942e-06,-3.896175632211657204e-06,-4.788860738913279069e-06,-5.834637707189482640e-06,-7.046792685830213054e-06,-8.436892501015988877e-06,-1.001410925946979941e-05,-1.178453682347253496e-05,-1.375052921688933800e-05,-1.591009342403945163e-05,-1.825636952629019859e-05,-2.077723030901199529e-05,-2.345502927845582444e-05,-2.626652167169714152e-05,-2.918297635386457080e-05,-3.217048937778591998e-05,-3.519050076391216887e-05,-3.820050746675883414e-05,-4.115495587385132334e-05,-4.400628884713715227e-05,-4.670611402585807433e-05,-4.920645413124209505e-05,-5.146103525850915291e-05,-5.342656596675070561e-05,-5.506396026164287740e-05,-5.633945862555059941e-05,-5.722560526318716707e-05,-5.770204540085199351e-05,-5.775611369024965906e-05,-5.738319373428777022e-05,-5.658683678475760455e-05,-5.537863971465551306e-05,-5.377788787204115795e-05,-5.181098252978892692e-05,-4.951067470554062913e-05,-4.691513884240103033e-05,-4.406692074344388532e-05,-4.101180016849719379e-05,-3.779760838590882129e-05,-3.447304005163570736e-05,-3.108650079276884665e-05,-2.768502107416498598e-05,-2.431327080982937749e-05,-2.101269648053263840e-05,-1.782080431035616664e-05,-1.477059255238784936e-05,-1.189014858582940052e-05,-9.202407534278206054e-06,-6.725064092920292796e-06,-4.470626208426204334e-06,-2.446607032669870602e-06,-6.558202769914128903e-07,nan,nan,nan,nan,nan,nan,nan,nan,nan,nan,nan
nan,-2.384002222604983266e-16,-7.791802511637413003e-15,-6.270557710046134768e-14,-2.936245832996655933e-13,-1.043179899058498772e-12,-3.133380568311395809e-12,-8.356674899966732411e-12,-2.028308461152225785e-11,-4.546986668718149518e-11,-9.515263526865810888e-11,-1.874942216555357925e-10,-3.504806332745057392e-10,-6.255952305876744367e-10,-1.072483182779578014e-09,-1.774948248460531492e-09,-2.848802373156639025e-09,-4.452312694802663258e-09,-6.800237718142573232e-09,-1.018269348560518378e-08,-1.499029259023664945e-08,-2.174711921307834196e-08,-3.115307513698988601e-08,-4.413692278055841206e-08,-6.192089886516596684e-08,-8.609707213330467186e-08,-1.187146373484532821e-07,-1.623761270406580398e-07,-2.203390976532139217e-07,-2.966183288409404393e-07,-3.960820281217594327e-07,-5.245341414662408013e-07,-6.887737211640605851e-07,-8.966216118072724384e-07,-1.156904544468720566e-06,-1.479387281682306954e-06,-1.874644704307676222e-06,-2.353867823125886339e-06,-2.928600464558304610e-06,-3.610406892287186729e-06,-4.410474545468281155e-06,-5.339160419248442543e-06,-6.405493855444703482e-06,-7.616652719499734586e-06,-8.977433435686358487e-06,-1.048973816289764895e-05,-1.215210425151383257e-05,-1.395930144824348266e-05,-1.590202170604474211e-05,-1.796668393277128112e-05,-2.013537267547209597e-05,-2.238592450268673661e-05,-2.469217041007690521e-05,-2.702433536299379488e-05,-2.934958952678029065e-05,-3.163273824812655542e-05,-3.383703146948955232e-05,-3.592506679437064529e-05,-3.785975587283489543e-05,-3.960532010841697121e-05,-4.112827916738476903e-05,-4.239839612361407696e-05,-4.338954380431116632e-05,-4.408046004400240254e-05,-4.445536393400505029e-05,-4.450441071756077067e-05,-4.422396997192534372e-05,-4.361671773598919640e-05,-4.269154291127764955e-05,-4.146327192114661634e-05,-3.995222729531982663e-05,-3.818363655808701363e-05,-3.618691763504407752e-05,-3.399486706609527358e-05,-3.164278238654185792e-05,-2.916754970890608062e-05,-2.660672673909168480e-05,-2.399765360860679330e-05,-2.137661444803813800e-05,-1.877807691886160886e-05,-1.623402601618240712e-05,-1.377341105749796803e-05,-1.142170679553968242e-05,-9.200602257753223712e-06,-7.127814302777356196e-06,-5.217019090380058376e-06,-3.477892590252089494e-06,-1.916259053635207994e-06,-5.343179235447713766e-07,nan,nan,nan,nan,nan,nan,nan,nan,nan,nan,nan
nan,-1.077659849929228399e-16,-3.555466869718174649e-15,-2.927693089644602037e-14,-1.421422504198210447e-13,-5.273378622878842445e-13,-1.653179818194810475e-12,-4.576371248961540305e-12,-1.144711504567820927e-11,-2.627017196655069584e-11,-5.597575160385744064e-11,-1.118572037275306647e-10,-2.114486569062499837e-10,-3.809542261919285561e-10,-6.584085018467173633e-10,-1.097852420899486656e-09,-1.774948248441458154e-09,-2.794629455677944872e-09,-4.301568319485053213e-09,-6.494429766308390004e-09,-9.645027325600990258e-09,-1.412358011091104144e-08,-2.043123833816452955e-08,-2.924087547637688168e-08,-4.144679092013027567e-08,-5.822342592621784660e-08,-8.109244301804542953e-08,-1.119965952833940964e-07,-1.533777287939655437e-07,-2.082551116924590826e-07,-2.802991150115376023e-07,-3.738942235441259593e-07,-4.941844936615689838e-07,-6.470940648140875788e-07,-8.393152141281324513e-07,-1.078256876961356738e-06,-1.371947512516539036e-06,-1.728887790821098964e-06,-2.157850677701678530e-06,-2.667629162326454753e-06,-3.266734835846855751e-06,-3.963053823226109627e-06,-4.763469767202818148e-06,-5.673466751778486131e-06,-6.696727677998662965e-06,-7.834745718936613206e-06,-9.086467890913426293e-06,-1.044798998425151780e-05,-1.191232165874755387e-05,-1.346923855287602331e-05,-1.510523576781178670e-05,-1.680359307176893598e-05,-1.854455812687511062e-05,-2.030564850636261355e-05,-2.206206838531816680e-05,-2.378723007780817237e-05,-2.545336582815427035e-05,-2.703221032143780485e-05,-2.849573100784864497e-05,-2.981688056637505258e-05,-3.097034386104378857e-05,-3.193325213481150405e-05,-3.268583765266908688e-05,-3.321200441757580883e-05,-3.349979388983406574e-05,-3.354172883335754035e-05,-3.333502375609171710e-05,-3.288165477579040345e-05,-3.218828939556653583e-05,-3.126607886059064659e-05,-3.013032535502380409e-05,-2.880003598374511302e-05,-2.729738367828566867e-05,-2.564709461755804469e-05,-2.387578600285310618e-05,-2.201127754646058955e-05,-2.008189934479245788e-05,-1.811582101115730538e-05,-1.614041871811350412e-05,-1.418170129407561879e-05,-1.226380721951482434e-05,-1.040858751471945029e-05,-8.635273854554160675e-06,-6.960243614919200050e-06,-5.396879122313006012e-06,-3.955515593452459372e-06,-2.643470957770791270e-06,-1.465158382272206722e-06,-4.222566823144384344e-07,nan,nan,nan,nan,nan,nan,nan,nan,nan,nan,nan
nan,-4.586954085726814009e-17,-1.534650908690270443e-15,-1.305466019347226019e-14,-6.648738256788830019e-14,-2.599145608926575693e-13,-8.541561162737971211e-13,-2.455702207243052932e-12,-6.321204229404856498e-12,-1.481881376331012011e-11,-3.208231733298389540e-11,-6.489961070535315261e-11,-1.238930892741629824e-10,-2.250824012004515273e-10,-3.919747026318338247e-10,-6.584085019081646819e-10,-1.072483182847690133e-09,-1.702034864003534212e-09,-2.642257240458258517e-09,-4.026201271079906711e-09,-6.038992667126171222e-09,-8.936662229240635210e-09,-1.307045434953958364e-08,-1.891734665066146531e-08,-2.711724467845620086e-08,-3.851690898421872485e-08,-5.422011013593957700e-08,-7.564282075801712322e-08,-1.045714511873720113e-07,-1.432212864970777259e-07,-1.942914215986656497e-07,-2.610117231051365709e-07,-3.471767162263465410e-07,-4.571609268602060792e-07,-5.959101298480175025e-07,-7.689032845893850173e-07,-9.820806515977580289e-07,-1.241734772028532558e-06,-1.554362545352548954e-06,-1.926478616379729144e-06,-2.364392467158738699e-06,-2.873954044876197650e-06,-3.460275104084677924e-06,-4.127435800223110937e-06,-4.878187992283932012e-06,-5.713668263946699709e-06,-6.633134720707353635e-06,-7.633741737269664332e-06,-8.710366532175043384e-06,-9.855499961112318354e-06,-1.105921212231904900e-05,-1.230920035295823676e-05,-1.359092428033034259e-05,-1.488782843255630054e-05,-1.618164938583843736e-05,-1.745280016606203920e-05,-1.868082116458107990e-05,-1.984488312799226589e-05,-2.092432535978074829e-05,-2.189921023146911634e-05,-2.275087357984082771e-05,-2.346245097451093585e-05,-2.401936009880257118e-05,-2.440972129944278448e-05,-2.462470079449540503e-05,-2.465876410830179864e-05,-2.450983129938922147e-05,-2.417932858812528278e-05,-2.367213696577192151e-05,-2.299643942521237142e-05,-2.216347625228940691e-05,-2.118721676702499650e-05,-2.008396267786922811e-05,-1.887189722823718468e-05,-1.757059784586364462e-05,-1.620052942994084700e-05,-1.478253482254778873e-05,-1.333734119429117468e-05,-1.188509397361919547e-05,-1.044493446494148582e-05,-9.034629427244085238e-06,-7.670264337744089412e-06,-6.365998531846438734e-06,-5.133892217900059033e-06,-3.983802917927978140e-06,-2.923346911435859490e-06,-1.957920564923069381e-06,-1.090783716982674696e-06,-3.231844137403777150e-07,nan,nan,nan,nan,nan,nan,nan,nan,nan,nan,nan
nan,-1.824134160180265921e-17,-6.231330858758367319e-16,-5.551511925815592842e-15,-3.008065760892089785e-14,-1.249428112569196031e-13,-4.313187282172486084e-13,-1.285941739685669536e-12,-3.397005907895740191e-12,-8.112355009809391824e-12,-1.780333751562495722e-11,-3.639381103752968136e-11,-7.007784337974208280e-11,-1.282960360007294424e-10,-2.250824011800908384e-10,-3.809542262089406111e-10,-6.255952305989709322e-10,-1.001675524079953080e-09,-1.570250800076498777e-09,-2.418279040248774891e-09,-3.668866074261462086e-09,-5.494888334367797399e-09,-8.136615702828913281e-09,-1.192385787708356246e-08,-1.730295991614346358e-08,-2.486867655709458038e-08,-3.540054793992139102e-08,-4.990290419886960755e-08,-6.964704883467022707e-08,-9.621356188072102203e-08,-1.315320470644544440e-07,-1.779150993109577101e-07,-2.380828199514008865e-07,-3.151739485173011365e-07,-4.127396274550454741e-07,-5.347160598604908821e-07,-6.853728348085598230e-07,-8.692345539750663787e-07,-1.090974508131913816e-06,-1.355280574778258545e-06,-1.666695071279639116e-06,-2.029432049714242007e-06,-2.447177192558229763e-06,-2.922877167017716831e-06,-3.458526659861619110e-06,-4.054962421567789990e-06,-4.711674410309657729e-06,-5.426644178766896657e-06,-6.196220460715739625e-06,-7.015040810683059421e-06,-7.876006897887524922e-06,-8.770318845255847340e-06,-9.687571979029397447e-06,-1.061591629877877471e-05,-1.154227651959355120e-05,-1.245262743790803489e-05,-1.333231694563950668e-05,-1.416642631070876620e-05,-1.494015566463340766e-05,-1.563922117520991886e-05,-1.625024922670116828e-05,-1.676115333396578839e-05,-1.716147962002660373e-05,-1.744270801756745326e-05,-1.759849809490599513e-05,-1.762487060281227357e-05,-1.752031875860141823e-05,-1.728584529592713456e-05,-1.692492590900997488e-05,-1.644339995232586100e-05,-1.584929554344872635e-05,-1.515259468641929654e-05,-1.436494958710415274e-05,-1.349936007590262117e-05,-1.256982496498492297e-05,-1.159097954416148427e-05,-1.057773092088206443e-05,-9.544905006796474854e-06,-8.506912876187270028e-06,-7.477448602840025115e-06,-6.469224068299852517e-06,-5.493749787920562916e-06,-4.561159203342850113e-06,-3.680084913103734792e-06,-2.857584669035770776e-06,-2.099113625297370955e-06,-1.408539075527121009e-06,-7.882007220127802471e-07,-2.389993368438253752e-07,nan,nan,nan,nan,nan,nan,nan,nan,nan,nan,nan
nan,-6.708180865593081915e-18,-2.366415745867585162e-16,-2.251061291038791469e-15,-1.317878961384789999e-14,-5.849339136494153223e-14,-2.118950051600496997e-13,-6.528227239554998928e-13,-1.763243340249931225e-12,-4.276324481243373326e-12,-9.491787295823980641e-12,-1.957821767531184187e-11,-3.799391438139898977e-11,-7.007784337594709447e-11,-1.238930892545998507e-10,-2.114486569120980731e-10,-3.504806332731419252e-10,-5.670390109754628424e-10,-8.991951121967048710e-10,-1.402250407245874397e-09,-2.155876842114227933e-09,-3.273642555679561326e-09,-4.915356721164701467e-09,-7.302595490993395485e-09,-1.073763086762511836e-08,-1.562577615827852387e-08,-2.250087675741943658e-08,-3.205332961975012337e-08,-4.515961265490983160e-08,-6.291188264594955887e-08,-8.664577247437073091e-08,-1.179641400978255308e-07,-1.587542117607115990e-07,-2.111953860759276134e-07,-2.777549313188448032e-07,-3.611689820938781014e-07,-4.644066001661325579e-07,-5.906152653669618904e-07,-7.430469360080907817e-07,-9.249648101317729919e-07,-1.139532000333158694e-06,-1.389684555876886193e-06,-1.677992417909679278e-06,-2.006513080554495919e-06,-2.376643666176106662e-06,-2.788977887806104992e-06,-3.243174911661468222e-06,-3.737847141279839180e-06,-4.270473842873936200e-06,-4.837346730383135175e-06,-5.433552795727602917e-06,-6.052998089814263421e-06,-6.688474815456240969e-06,-7.331771902682480469e-06,-7.973827597299447162e-06,-8.604920396811595903e-06,-9.214893031668237302e-06,-9.793402259000949473e-06,-1.033018612605658823e-05,-1.081533934403774381e-05,-1.123958654835436623e-05,-1.159454360620250325e-05,-1.187295712551747094e-05,-1.206891327260148535e-05,-1.217800820895023400e-05,-1.219747397110957157e-05,-1.212625569622287434e-05,-1.196503733485039219e-05,-1.171621648579488804e-05,-1.138382865323512346e-05,-1.097342624773855330e-05,-1.049191585791761335e-05,-9.947361834092911977e-06,-9.348762834797424591e-06,-8.705810367484533930e-06,-8.028637724207736241e-06,-7.327567294738426482e-06,-6.612866196495847601e-06,-5.894515011231192970e-06,-5.181998538036724057e-06,-4.484121966675508179e-06,-3.808859357852946003e-06,-3.163231477515266441e-06,-2.553220096076584927e-06,-1.983716851157221587e-06,-1.458503911060961798e-06,-9.802637334698561703e-07,-5.506214333524271160e-07,-1.702056933918794559e-07,nan,nan,nan,nan,nan,nan,nan,nan,nan,nan,nan
nan,-2.254876387819867176e-18,-8.363425348616134200e-17,-8.714595577655190884e-16,-5.590785028752431056e-15,-2.654530569079822845e-14,-1.004695783527781553e-13,-3.182551440648453911e-13,-8.752848385294794332e-13,-2.149491365681071620e-12,-4.816209924876855597e-12,-1.001327238210596044e-11,-1.957821767718287271e-11,-3.639381103764242349e-11,-6.489961069551679898e-11,-1.118572037370313252e-10,-1.874942216598091884e-10,-3.071962275577111826e-10,-4.939614144586205405e-10,-7.818766996186017799e-10,-1.220905947010945248e-09,-1.883295868551564051e-09,-2.871890255256872765e-09,-4.330593708707123545e-09,-6.457130713534645816e-09,-9.518105282329987863e-09,-1.386617456784474099e-08,-1.995891810493891572e-08,-2.837871481586922244e-08,-3.985265755458844905e-08,-5.527124910931445478e-08,-7.570437198619304558e-08,-1.024128178943809804e-07,-1.368535476313913691e-07,-1.806768300183216825e-07,-2.357135278009811626e-07,-3.039510383922725238e-07,-3.874968025324999036e-07,-4.885288098192630402e-07,-6.092331965749364868e-07,-7.517297507535548827e-07,-9.179869594677309152e-07,-1.109728996654738134e-06,-1.328337849857265133e-06,-1.574754400756062789e-06,-1.849382782865456801e-06,-2.152002712306437453e-06,-2.481694468420282652e-06,-2.836781159220639844e-06,-3.214792339226395354e-06,-3.612452524651206423e-06,-4.025697052413649548e-06,-4.449716888001460494e-06,-4.879032457440013817e-06,-5.307595544082875129e-06,-5.728916779840068953e-06,-6.136215210854017283e-06,-6.522585077255133945e-06,-6.881174254275875522e-06,-7.205368120374172625e-06,-7.488971980749271158e-06,-7.726385528806849982e-06,-7.912762750028178721e-06,-8.044151337285062979e-06,-8.117606486925571562e-06,-8.131274946952094613e-06,-8.084446627504456289e-06,-7.977571765917755575e-06,-7.812244254733246088e-06,-7.591151056143927590e-06,-7.317991597702045445e-06,-6.997369161885076119e-06,-6.634659916244904383e-06,-6.235863818229481258e-06,-5.807443555961661280e-06,-5.356157080244842300e-06,-4.888888936138198081e-06,-4.412487378254099143e-06,-3.933609942428654342e-06,-3.458583906012306620e-06,-2.993283534261841159e-06,-2.543029285591400391e-06,-2.112505900495638270e-06,-1.705705276459295683e-06,-1.325892490336383838e-06,-9.755928177740535588e-07,-6.565978529760081462e-07,-3.699943827458472453e-07,-1.162045844701877247e-07,nan,nan,nan,nan,nan,nan,nan,nan,nan,nan,nan
nan,-6.821948103335834670e-19,-2.741645175895264271e-17,-3.227141932704277960e-16,-2.287993283974462413e-15,-1.156750558230129116e-14,-4.542403537779153624e-14,-1.471019607593068686e-13,-4.103314640648648828e-13,-1.017820217325040964e-12,-2.299091681524260872e-12,-4.816209923667457764e-12,-9.491787295125504162e-12,-1.780333751293825197e-11,-3.208231732240609067e-11,-5.597575160547996188e-11,-9.515263526339400901e-11,-1.583656088028588298e-10,-2.590076934591669227e-10,-4.173315860538356731e-10,-6.635191096621085749e-10,-1.041797339927750324e-09,-1.615787613436616116e-09,-2.475241193206445240e-09,-3.744253521453159194e-09,-5.590958330566047655e-09,-8.238579460084530386e-09,-1.197756965103921256e-08,-1.717839281639456705e-08,-2.430432592490871453e-08,-3.392347382464627077e-08,-4.671903032393016080e-08,-6.349668711286883981e-08,-8.518801994625491376e-08,-1.128486675220454007e-07,-1.476501968556803049e-07,-1.908647019097222886e-07,-2.438414438432926467e-07,-3.079751695442884240e-07,-3.846661742078343641e-07,-4.752726301725507275e-07,-5.810562335576938875e-07,-7.031227002211389804e-07,-8.423591628760307608e-07,-9.993709065577282476e-07,-1.174420203426634242e-06,-1.367370257434343911e-06,-1.577637234864846165e-06,-1.804153354901956690e-06,-2.045343622526837321e-06,-2.299118483682916885e-06,-2.562883941231124520e-06,-2.833570184722358711e-06,-3.107678748225575359e-06,-3.381347605014501973e-06,-3.650432601704045967e-06,-3.910603003112199968e-06,-4.157448015471883326e-06,-4.386590757818133765e-06,-4.593805712865622285e-06,-4.775135226099761756e-06,-4.927000937097840687e-06,-5.046305909287788355e-06,-5.130523674561396873e-06,-5.177770917419753172e-06,-5.186861155669005323e-06,-5.157337740744244491e-06,-5.089484803087978952e-06,-4.984316700491086714e-06,-4.843545665445642915e-06,-4.669530453955614280e-06,-4.465206967109133004e-06,-4.234004708666332193e-06,-3.979751594372605509e-06,-3.706571170711443763e-06,-3.418775743671027953e-06,-3.120758634333017272e-06,-2.816890344097257803e-06,-2.511419854731605675e-06,-2.208385618076048342e-06,-1.911537103224515244e-06,-1.624270734902354986e-06,-1.349577243851619098e-06,-1.090005261799295089e-06,-8.476397747559191080e-07,-6.240937792852706072e-07,-4.205118464510319395e-07,-2.375891297055897896e-07,-7.559663906797381099e-08,nan,nan,nan,nan,nan,nan,nan,nan,nan,nan,nan
nan,-1.827279708555717044e-19,-8.337067539634551831e-18,-1.142451582365900122e-16,-8.939482872383243596e-16,-4.765557367522802967e-15,-1.925636784314163437e-14,-6.340426628931413297e-14,-1.787901661758513800e-13,-4.471820766204523788e-13,-1.017820217674742069e-12,-2.149491365506988472e-12,-4.276324481601093398e-12,-8.112355009390935369e-12,-1.481881375834191502e-11,-2.627017197115958788e-11,-4.546986668734586502e-11,-7.718388362572798413e-11,-1.288781118706736401e-10,-2.120621014446438106e-10,-3.441537913049396865e-10,-5.509849318653314005e-10,-8.700602619412590106e-10,-1.354663458772226633e-09,-2.078864926486271831e-09,-3.143431172388396143e-09,-4.682560286070483731e-09,-6.871277802041164112e-09,-9.933222206813495008e-09,-1.414844017905696486e-08,-1.986070069621501063e-08,-2.748374071427439596e-08,-3.750577519188312112e-08,-5.049156148975269857e-08,-6.708129940351264208e-08,-8.798569710066053904e-08,-1.139766251614928186e-07,-1.458729414842770550e-07,-1.845212672052926796e-07,-2.307717564531429449e-07,-2.854491763576413784e-07,-3.493199387905344673e-07,-4.230560099875347552e-07,-5.071969470815718454e-07,-6.021115370528882607e-07,-7.079607089385209977e-07,-8.246635521380382542e-07,-9.518682329202937849e-07,-1.088929622933821587e-06,-1.234895189878701860e-06,-1.388500546073144254e-06,-1.548175565763437614e-06,-1.712061735127887456e-06,-1.878040713917878194e-06,-2.043773771043543063e-06,-2.206751109672057311e-06,-2.364349750239315407e-06,-2.513898049184029549e-06,-2.652744730238240168e-06,-2.778330036414992195e-06,-2.888256280098315705e-06,-2.980355340073312896e-06,-3.052750521322685883e-06,-3.103910489304109689e-06,-3.132693295636947194e-06,-3.138378888230790179e-06,-3.120689126707938471e-06,-3.079794386559966176e-06,-3.016307242975174675e-06,-2.931262819188520854e-06,-2.826087781936575732e-06,-2.702558288235644207e-06,-2.562749456373487195e-06,-2.408977714804077771e-06,-2.243738598419376014e-06,-2.069642070324462734e-06,-1.889347219088152556e-06,-1.705499520907437379e-06,-1.520670973404034034e-06,-1.337306264970772340e-06,-1.157675194396964066e-06,-9.838341430610275423e-07,-8.175938764618648669e-07,-6.604975644948348705e-07,-5.138078731481936353e-07,-3.785018695195282518e-07,-2.552728792648039895e-07,-1.445425265805326126e-07,-4.647569773803419137e-08,nan,nan,nan,nan,nan,nan,nan,nan,nan,nan,nan
nan,-4.215440229489923474e-20,-2.358503237472337008e-18,-3.833943483512860793e-17,-3.268992404903215598e-16,-1.814457485319869650e-15,-7.484186523608513725e-15,-2.494176335703009668e-14,-7.093757147647519318e-14,-1.787901662709789680e-13,-4.103314644207690853e-13,-8.752848386676883686e-13,-1.763243340705580111e-12,-3.397005908029022899e-12,-6.321204226739111069e-12,-1.144711504983130379e-11,-2.028308461200003221e-11,-3.528983880773424770e-11,-6.041001373199143587e-11,-1.018307090061626388e-10,-1.690445173771043083e-10,-2.762773179352089242e-10,-4.443471279758170310e-10,-7.030067654086696133e-10,-1.093801288778676557e-09,-1.673439618143285505e-09,-2.517636787569268118e-09,-3.725331989048156208e-09,-5.423127726680001927e-09,-7.769733540782395256e-09,-1.096013456988557669e-08,-1.522915084838873441e-08,-2.085400761374938797e-08,-2.815551332303459397e-08,-3.749743662644428762e-08,-4.928370250841438485e-08,-6.395307911807913151e-08,-8.197111959377165260e-08,-1.038192337363272858e-07,-1.299809157758380682e-07,-1.609253071213809019e-07,-1.970884613797305372e-07,-2.388528351477158344e-07,-2.865257182705457548e-07,-3.403174397635063867e-07,-4.003202959196556848e-07,-4.664892488813103213e-07,-5.386254034163126173e-07,-6.163633024081316110e-07,-6.991629087351684119e-07,-7.863070792055583229e-07,-8.769050292969777474e-07,-9.699021892540362147e-07,-1.064096413739210858e-06,-1.158160371946284574e-06,-1.250669544825171241e-06,-1.340135090185468145e-06,-1.425040462699347183e-06,-1.503880597103824149e-06,-1.575202307514325792e-06,-1.637644323032073912e-06,-1.689975605224120088e-06,-1.731130462740424533e-06,-1.760239166828604564e-06,-1.776652942392988608e-06,-1.779962416626168194e-06,-1.770009001542084074e-06,-1.746888615326619345e-06,-1.710948156861491574e-06,-1.662774292600724142e-06,-1.603175934392954156e-06,-1.533160328901481996e-06,-1.453904426152976192e-06,-1.366722145010822696e-06,-1.273029093729568010e-06,-1.174305888265061277e-06,-1.072061031572434250e-06,-9.677954244967422546e-07,-8.629682963270235560e-07,-7.589667109787791841e-07,-6.570784950242188407e-07,-5.584706048144055736e-07,-4.641705714307905941e-07,-3.750540856009904251e-07,-2.918377981318944690e-07,-2.150763948096546402e-07,-1.451633891210426716e-07,-8.233843207724062798e-08,-2.669550909580732288e-08,nan,nan,nan,nan,nan,nan,nan,nan,nan,nan,nan
nan,-8.378501143993410597e-21,-6.216040761313660942e-19,-1.191275279088004461e-17,-1.084187816192178217e-16,-6.186576548411777533e-16,-2.587885638490405329e-15,-8.702073115668452380e-15,-2.494176331780088321e-14,-6.340426627862971252e-14,-1.471019608776289614e-13,-3.182551440853730917e-13,-6.528227241382475363e-13,-1.285941739884009716e-12,-2.455702206023269702e-12,-4.576371253018878981e-12,-8.356674901938517734e-12,-1.498392290992119689e-11,-2.640001759729057420e-11,-4.570034246410533920e-11,-7.768993948696788513e-11,-1.296328477100596875e-10,-2.122282836211854959e-10,-3.408412499212793087e-10,-5.370036482073596452e-10,-8.301854083866539355e-10,-1.259812546902653217e-09,-1.877482238761780173e-09,-2.749293531504769678e-09,-3.958180083101678749e-09,-5.606098058372027024e-09,-7.815894154102631029e-09,-1.073265457737711314e-08,-1.452432397868376963e-08,-1.938137998025143544e-08,-2.551536497035347732e-08,-3.315610281278481975e-08,-4.254747797771173479e-08,-5.394171104792324950e-08,-6.759214566561223827e-08,-8.374463948955494791e-08,-1.026277536348216155e-07,-1.244420121486224795e-07,-1.493486085908390744e-07,-1.774579956929904585e-07,-2.088188513794795491e-07,-2.434079762452450463e-07,-2.811216413816152251e-07,-3.217689403898778522e-07,-3.650675890039642880e-07,-4.106426055863791013e-07,-4.580281178018301121e-07,-5.066725257650256766e-07,-5.559469797372179828e-07,-6.051570981504251719e-07,-6.535576135906388871e-07,-7.003695745449886817e-07,-7.447995017738584479e-07,-7.860598875449918504e-07,-8.233903421209803788e-07,-8.560785311040981175e-07,-8.834802268867919788e-07,-9.050376817650490667e-07,-9.202956466566224658e-07,-9.289144467197101365e-07,-9.306796283810179126e-07,-9.255079314563304698e-07,-9.134492100999270277e-07,-8.946846368041534367e-07,-8.695207811022917163e-07,-8.383805035797156939e-07,-8.017904054916894126e-07,-7.603658859123741016e-07,-7.147939993969046682e-07,-6.658150158872115166e-07,-6.142032489567727464e-07,-5.607475813659877975e-07,-5.062329968300662052e-07,-4.514226730278978871e-07,-3.970420758418914805e-07,-3.437647357957930388e-07,-2.922011316665686694e-07,-2.428887396996506486e-07,-1.962855904969226350e-07,-1.527666132915965513e-07,-1.126220786756682618e-07,-7.605778956872595966e-08,-4.319932127328230453e-08,-1.409605743671538200e-08,nan,nan,nan,nan,nan,nan,nan,nan,nan,nan,nan
nan,-1.409942074225418782e-21,-1.499270060163909151e-19,-3.277758319288364211e-18,-3.113974926757793973e-17,-1.808099778914932302e-16,-7.636160563930188961e-16,-2.587885641686794775e-15,-7.484186512562170200e-15,-1.925636784519028405e-14,-4.542403544075763115e-14,-1.004695783534799386e-13,-2.118950051268048797e-13,-4.313187281092441851e-13,-8.541561150810704315e-13,-1.653179820148686005e-12,-3.133380567898742139e-12,-5.817997494604614914e-12,-1.057805265753364362e-11,-1.882006597912188572e-11,-3.274819509183737378e-11,-5.571774431987788288e-11,-9.269590254705775927e-11,-1.508426949997803361e-10,-2.402196628555460808e-10,-3.746259894619858080e-10,-5.725510848854127659e-10,-8.582200516064893622e-10,-1.262693546463803920e-09,-1.824968486563494534e-09,-2.593010241937956538e-09,-3.624633923926935539e-09,-4.988140757909996430e-09,-6.762610356628366771e-09,-9.037747659081736110e-09,-1.191319153114316679e-08,-1.549720347436110025e-08,-1.990467940745650939e-08,-2.525445284309656761e-08,-3.166589751900917879e-08,-3.925487201826772335e-08,-4.812909965530429556e-08,-5.838310928182350428e-08,-7.009291737559982747e-08,-8.331065516968347978e-08,-9.805937123655265202e-08,-1.143282762555172146e-07,-1.320686671212272753e-07,-1.511907989655423878e-07,-1.715619049718221362e-07,-1.930055777972010481e-07,-2.153026150228234470e-07,-2.381934544972946050e-07,-2.613821613777213520e-07,-2.845419457396236574e-07,-3.073220534421205574e-07,-3.293558673672818192e-07,-3.502699203748917004e-07,-3.696935419107325819e-07,-3.872688185849133607e-07,-4.026604406172481967e-07,-4.155651423199267411e-07,-4.257203504857940703e-07,-4.329117242111817088e-07,-4.369793090653261661e-07,-4.378220726692787267e-07,-4.354007288817640393e-07,-4.297386190261088396e-07,-4.209209058808757124e-07,-4.090917392409485018e-07,-3.944500196415159183e-07,-3.772434551250239106e-07,-3.577615566670495385e-07,-3.363275539657945489e-07,-3.132897286101847881e-07,-2.890124045407634133e-07,-2.638667349303826346e-07,-2.382220907373277640e-07,-2.124375614970085016e-07,-1.868545079636093503e-07,-1.617898151280407681e-07,-1.375308297434110435e-07,-1.143304715451139890e-07,-9.240424479430249581e-08,-7.192861109876385651e-08,-5.304023471661041951e-08,-3.583588602693404710e-08,-2.037478712776175508e-08,-6.680301484910967735e-09,nan,nan,nan,nan,nan,nan,nan,nan,nan,nan,nan
nan,-1.999071592725929968e-22,-3.121313276197919128e-20,-7.432090663659114033e-19,-7.237765292097516500e-18,-4.247521207698879744e-17,-1.808099782897922567e-16,-6.186576561167250135e-16,-1.814457484424500295e-15,-4.765557374372456963e-15,-1.156750562602783852e-14,-2.654530572596504176e-14,-5.849339135941696892e-14,-1.249428112724256045e-13,-2.599145603309922399e-13,-5.273378638651008811e-13,-1.043179899045666568e-12,-2.010337667073432693e-12,-3.771341151077484154e-12,-6.884882473770348216e-12,-1.223280117324765827e-11,-2.116445972244614722e-11,-3.568497165755826481e-11,-5.869258196928234811e-11,-9.426824159216271645e-11,-1.480172551490250095e-10,-2.274584737379073513e-10,-3.424514133444831907e-10,-5.056455275773066327e-10,-7.329298118520504149e-10,-1.043854346134472511e-09,-1.461990241853876846e-09,-2.015189506204179875e-09,-2.735704529017395552e-09,-3.660125668797135667e-09,-4.829099302406615803e-09,-6.286792730331442919e-09,-8.080083151318928991e-09,-1.025745727347409023e-08,-1.286762556798820914e-08,-1.595786761339657433e-08,-1.957214789010220560e-08,-2.374905145773896992e-08,-2.851961530312505997e-08,-3.390513722195704838e-08,-3.991505472278169192e-08,-4.654500705056214597e-08,-5.377517133942817944e-08,-6.156898872459531057e-08,-6.987235484333844657e-08,-7.861336985371104012e-08,-8.770267930940684343e-08,-9.703447125188672227e-08,-1.064880991852019363e-07,-1.159303334238593599e-07,-1.252181684577898923e-07,-1.342021298118462633e-07,-1.427299460460780870e-07,-1.506504810995301169e-07,-1.578177988922500798e-07,-1.640951754931517016e-07,-1.693589478850171547e-07,-1.735020414444206154e-07,-1.764370443744044787e-07,-1.780987167701613598e-07,-1.784458357614743533e-07,-1.774623574125644724e-07,-1.751577572776908624e-07,-1.715667327593025661e-07,-1.667480087082077490e-07,-1.607826491540408445e-07,-1.537716041640906387e-07,-1.458328757402308569e-07,-1.370982078426375718e-07,-1.277095614189669727e-07,-1.178154510274550854e-07,-1.075671494953539574e-07,-9.711524063846601641e-08,-8.660609606322617108e-08,-7.617886883585741394e-08,-6.596270101089283752e-08,-5.607479323557057731e-08,-4.661824792560999374e-08,-3.768088570901537203e-08,-2.933465699920941798e-08,-2.163531714370933696e-08,-1.462223808265964239e-08,-8.319645834540899111e-09,-2.737141825228150561e-09,nan,nan,nan,nan,nan,nan,nan,nan,nan,nan,nan
nan,-2.362337320721940665e-23,-4.984150656596788000e-21,-1.239777431336146223e-19,-1.223365899476967678e-18,-7.237765435246276336e-18,-3.113974978696789171e-17,-1.084187819158838919e-16,-3.268992427233315367e-16,-8.939482927491715510e-16,-2.287993308327115655e-15,-5.590785057963707407e-15,-1.317878960047061449e-14,-3.008065762801362892e-14,-6.648738227634913953e-14,-1.421422514606102462e-13,-2.936245833295491085e-13,-5.858775995019714881e-13,-1.129656599298727860e-12,-2.106902832264255160e-12,-3.806236542177218625e-12,-6.670880514776950586e-12,-1.136115071042416432e-11,-1.883327653654108070e-11,-3.043554911521577389e-11,-4.802176361612508754e-11,-7.408043329848926357e-11,-1.118765995190945442e-10,-1.656009854012984754e-10,-2.405191963368332072e-10,-3.431117118848956701e-10,-4.811933283205332400e-10,-6.639993989988153255e-10,-9.022255540189582570e-10,-1.208006967453512278e-09,-1.594824909909333388e-09,-2.077329173024639393e-09,-2.671069154130955797e-09,-3.392128746239013618e-09,-4.256666884871062834e-09,-5.280368514389996214e-09,-6.477819999134195710e-09,-7.861823997856971574e-09,-9.442680596537661520e-09,-1.122746091380844515e-08,-1.321930273697252128e-08,-1.541676893630740467e-08,-1.781329456211246115e-08,-2.039676577298899486e-08,-2.314924997599632835e-08,-2.604691468974906749e-08,-2.906013771358374433e-08,-3.215384081833011075e-08,-3.528802584067128258e-08,-3.841852234816313350e-08,-4.149791673323831103e-08,-4.447665142098496983e-08,-4.730424021230254317e-08,-4.993057075044734280e-08,-5.230725758718343449e-08,-5.438896626482978155e-08,-5.613469208728784419e-08,-5.750892994313685168e-08,-5.848269385801997677e-08,-5.903434877554703539e-08,-5.915021919391649091e-08,-5.882498213571793174e-08,-5.806176588767065182e-08,-5.687207439859629952e-08,-5.527536201057638415e-08,-5.329850267694349018e-08,-5.097495385730587509e-08,-4.834383290316560762e-08,-4.544880887675834154e-08,-4.233693999089625988e-08,-3.905746614977644200e-08,-3.566052102091724074e-08,-3.219603659840834667e-08,-2.871253135663397768e-08,-2.525613589363692301e-08,-2.186963539731586132e-08,-1.859193020002796490e-08,-1.545719756914828156e-08,-1.249452553362718783e-08,-9.727774082617310900e-09,-7.175453165766371264e-09,-4.850555239261444905e-09,-2.761165837069242807e-09,-9.105187705197125908e-10,nan,nan,nan,nan,nan,nan,nan,nan,nan,nan,nan
nan,-1.917154489830378662e-24,-4.885434732370836414e-22,-1.242537512351102103e-20,-1.239777315132487912e-19,-7.432090630584765690e-19,-3.277758391362433972e-18,-1.191275209562683040e-17,-3.833943590094079063e-17,-1.142451596803145288e-16,-3.227142028615919033e-16,-8.714595715551125078e-16,-2.251061270512504497e-15,-5.551511920449099899e-15,-1.305466001218518633e-14,-2.927693140890135457e-14,-6.270557695630975262e-14,-1.285537397973995176e-13,-2.529342895391075100e-13,-4.789375205229036774e-13,-8.751325675698929609e-13,-1.547052769284868130e-12,-2.652171890901312432e-12,-4.418797256189008702e-12,-7.169113392141885839e-12,-1.134637458938221846e-11,-1.754587104000494365e-11,-2.654892132280585646e-11,-3.935860796553312033e-11,-5.723555634913307881e-11,-8.173144921082247713e-11,-1.147176769871544690e-10,-1.584059810261452135e-10,-2.153580042390662910e-10,-2.884802923661270535e-10,-3.810019552414911925e-10,-4.964320723398549279e-10,-6.384953444507963920e-10,-8.110445562429834694e-10,-1.017950641180588300e-09,-1.262971020424641261e-09,-1.549600225587838564e-09,-1.880905475095448036e-09,-2.259354737557758010e-09,-2.686642931860783488e-09,-3.163522594671604676e-09,-3.689650956423867127e-09,-4.263456756316250942e-09,-4.882040319493432531e-09,-5.541107976141018606e-09,-6.234953821960021749e-09,-6.956484190502165016e-09,-7.697297536706953537e-09,-8.447819816015159056e-09,-9.197471929713197248e-09,-9.934899242722552092e-09,-1.064823466858153380e-08,-1.132538827421207550e-08,-1.195435843780409701e-08,-1.252355893386864567e-08,-1.302213276118779732e-08,-1.344025958484425449e-08,-1.376943621550663795e-08,-1.400272090683676862e-08,-1.413493246654710261e-08,-1.416279389525012177e-08,-1.408503167797789304e-08,-1.390238987283195214e-08,-1.361762749300097532e-08,-1.323539694389900601e-08,-1.276213634208270861e-08,-1.220585392413287029e-08,-1.157591758409000555e-08,-1.088278219205093887e-08,-1.013771525416306825e-08,-9.352512486097776831e-09,-8.539169428121049454e-09,-7.709651002632908088e-09,-6.875571846191307914e-09,-6.047977987290060749e-09,-5.237096194410432960e-09,-4.452272400868718223e-09,-3.701688171254652023e-09,-2.992290651528423405e-09,-2.329797192557217338e-09,-1.718657927286927021e-09,-1.161939061131411202e-09,-6.616136412854500824e-10,-2.184885681573143337e-10,nan,nan,nan,nan,nan,nan,nan,nan,nan,nan,nan
nan,nan,-1.920865349094722166e-23,-4.885434732370952082e-22,-4.984149386592990794e-21,-3.121313104901628708e-20,-1.499270344549185355e-19,-6.216036621824927806e-19,-2.358503868700891402e-18,-8.337068190833576101e-18,-2.741645545592580642e-17,-8.363425996332723684e-17,-2.366415648702184279e-16,-6.231330858759883905e-16,-1.534650860564461179e-15,-3.555467162267339169e-15,-7.791802580857382595e-15,-1.623693731404295593e-14,-3.232358686551314938e-14,-6.173175711444047912e-14,-1.135104047382466716e-13,-2.016063964726974237e-13,-3.468467011061032441e-13,-5.794449856820584108e-13,-9.420562382357161418e-13,-1.493383769324596286e-12,-2.312283419417091753e-12,-3.502273703619992670e-12,-5.196270621765168435e-12,-7.561336435370094471e-12,-1.080311644379963355e-11,-1.516964564365697712e-11,-2.095407475587963626e-11,-2.849595321859657941e-11,-3.818054726852940324e-11,-5.043590273939597507e-11,-6.572716666336180367e-11,-8.454809348284940143e-11,-1.074093968136377862e-10,-1.348242406823384159e-10,-1.672907033686789454e-10,-2.052720992642690668e-10,-2.491750073532690188e-10,-2.993266122480267181e-10,-3.559517641939862159e-10,-4.191501896130767184e-10,-4.888766232462325834e-10,-5.649227388886116620e-10,-6.469044081335495718e-10,-7.342524911552302593e-10,-8.262110696811204196e-10,-9.218396512662539602e-10,-1.020025170297856606e-09,-1.119498081882335758e-09,-1.218856639461474807e-09,-1.316595600504482180e-09,-1.411142383289685305e-09,-1.500894667915939637e-09,-1.584261229747194958e-09,-1.659706958827394919e-09,-1.725792683365732192e-09,-1.781216578121344867e-09,-1.824851523936643638e-09,-1.855777564649869528e-09,-1.873308254541115143e-09,-1.877008544540925044e-09,-1.866710763846350695e-09,-1.842511280151354607e-09,-1.804778580367385164e-09,-1.754126413665014735e-09,-1.691410089831539955e-09,-1.617689529079878821e-09,-1.534207193577523799e-09,-1.442347959889164104e-09,-1.343637625006231350e-09,-1.239576173947189326e-09,-1.131782053544515894e-09,-1.021845768769658297e-09,-9.113049286934795821e-10,-8.016234747260922097e-10,-6.941468284054152604e-10,-5.901305372573571902e-10,-4.906576052043268678e-10,-3.966388111239488838e-10,-3.088339383458346433e-10,-2.278421500541130947e-10,-1.540456727532916023e-10,-8.772564330101155715e-11,-2.900652301668787893e-11,nan,nan,nan,nan,nan,nan,nan,nan,nan,nan,nan
nan,nan,nan,-1.917154489830289031e-24,-2.362339757277133055e-23,-1.999066872695411627e-22,-1.409948920396694784e-21,-8.378386514435658900e-21,-4.215457460990872170e-20,-1.827281296421506430e-19,-6.821956915637535946e-19,-2.254878035835002123e-18,-6.708178314961364041e-18,-1.824134160183401643e-17,-4.586952364595001657e-17,-1.077660460895917375e-16,-2.384002138930286168e-16,-5.001255035220656667e-16,-1.000152216767762235e-15,-1.916359342146505081e-15,-3.532195654697905795e-15,-6.284707539488686362e-15,-1.082668820995236971e-14,-1.810550638744955046e-14,-2.945863152170739962e-14,-4.672719171101709651e-14,-7.238415936881009848e-14,-1.096767493425232198e-13,-1.627738785348225947e-13,-2.369166567256692950e-13,-3.385554390462678586e-13,-4.754717428125432361e-13,-6.568603257922680532e-13,-8.933745984921394981e-13,-1.197099130006444134e-12,-1.581464950733247184e-12,-2.061061368161756129e-12,-2.651380770363366708e-12,-3.368439321674921495e-12,-4.228341735953227920e-12,-5.246705017121668427e-12,-6.438079365896120871e-12,-7.815203811975619433e-12,-9.388619042847558561e-12,-1.116491721922080659e-11,-1.314741943006116941e-11,-1.533473208553156583e-11,-1.772027474282324196e-11,-2.029203749668938268e-11,-2.303213089714628751e-11,-2.591693359043951108e-11,-2.891683717869116685e-11,-3.199697644414501894e-11,-3.511750279114831134e-11,-3.823448291073347597e-11,-4.130060244614516319e-11,-4.426661832013734576e-11,-4.708229376490291390e-11,-4.969755203208744987e-11,-5.206440894938624460e-11,-5.413766938067968333e-11,-5.587643212045975390e-11,-5.724531948963144489e-11,-5.821551971839807580e-11,-5.876560006993857390e-11,-5.888170845627177736e-11,-5.855895514529329258e-11,-5.779968294289083140e-11,-5.661635040309941406e-11,-5.502733605082066153e-11,-5.306012053552783118e-11,-5.074751348276820753e-11,-4.812877896928649210e-11,-4.524713237083556106e-11,-4.214935512502754865e-11,-3.888549195220707101e-11,-3.550374888314827208e-11,-3.205549362276773279e-11,-2.858841350067379693e-11,-2.514841153303141801e-11,-2.177456983707344752e-11,-1.851153407218799013e-11,-1.539284944078037401e-11,-1.244396741287860159e-11,-9.689345384455425915e-12,-7.150689305985430139e-12,-4.832440389970562082e-12,-2.749534113287108245e-12,-9.113296118542656692e-13,nan,nan,nan,nan,nan,nan,nan,nan,nan,nan,nan
nan,nan,nan,nan,nan,nan,nan,nan,nan,nan,nan,nan,nan,nan,nan,nan,nan,nan,nan,nan,nan,nan,nan,nan,nan,nan,nan,nan,nan,nan,nan,nan,nan,nan,nan,nan,nan,nan,nan,nan,nan,nan,nan,nan,nan,nan,nan,nan,nan,nan,nan,nan,nan,nan,nan,nan,nan,nan,nan,nan,nan,nan,nan,nan,nan,nan,nan,nan,nan,nan,nan,nan,nan,nan,nan,nan,nan,nan,nan,nan,nan,nan,nan,nan,nan,nan,nan,nan,nan,nan,nan,nan,nan,nan,nan,nan,nan,nan,nan,nan
